bad_amount.sum,demarcation.code,financial_year_end.year,g1_amount.sum,l120_amount.sum,l150_amount.sum,l180_amount.sum,l30_amount.sum,l60_amount.sum,l90_amount.sum,total_amount.sum
1058581890.0,BUF,2021,3946449310.0,326100170.0,269368276.0,270525912.0,2676404614.0,413374018.0,299909708.0,10147077334.0
661120208.0,BUF,2022,6196997892.0,447896402.0,381091726.0,302705218.0,3076501038.0,464417480.0,395603126.0,13281667372.0
1142543786.0,BUF,2023,8026925418.0,308782272.0,286729702.0,278357798.0,1355192692.0,417357168.0,342612576.0,12757573048.0
923818890.0,BUF,2024,9250870160.0,435291142.0,382859398.0,380753108.0,1676215906.0,518207762.0,470648744.0,15444704664.0
0.0,CPT,2022,7722612078.0,565616478.0,409888778.0,378132875.0,4207521912.0,702167495.0,412582074.0,16075327997.0
0.0,CPT,2023,8914722763.0,481036988.0,410265527.0,427850414.0,4546139844.0,879994580.0,463810841.0,18079352635.0
0.0,CPT,2024,9264646416.0,413375030.0,425924874.0,341482413.0,5331814117.0,621480790.0,540475022.0,18988185825.0
0.0,DC1,2020,0.0,365278.0,44340.0,47654.0,23096334.0,879413.0,939066.0,26429293.0
0.0,DC1,2021,758618.0,99728.0,15475.0,5352.0,10643105.0,580164.0,120188.0,12270722.0
0.0,DC1,2022,52518.0,81505.0,41347.0,52255.0,5793315.0,1334797.0,615424.0,8032422.0
0.0,DC1,2023,725120.0,112438.0,132430.0,115172.0,5689766.0,517719.0,176876.0,7658943.0
0.0,DC1,2024,1594508.0,225539.0,286719.0,241149.0,21748424.0,347434.0,339837.0,25211150.0
0.0,DC10,2020,2670612.0,100.0,102.0,120.0,9235438.0,1075.0,998.0,12575129.0
0.0,DC10,2021,3337143.0,106.0,114.0,1234068.0,-1020860.0,25848.0,106.0,3580360.0
0.0,DC10,2022,4720400.0,975.0,1275207.0,995.0,2969428.0,975.0,975.0,8973432.0
0.0,DC10,2023,5154798.0,1077.0,1079.0,1040.0,3500164.0,1075.0,1078.0,11397013.0
0.0,DC10,2024,0.0,0.0,0.0,0.0,0.0,0.0,0.0,0.0
0.0,DC12,2021,2590349244.0,81005840.0,81937904.0,80065634.0,196675672.0,102438156.0,94214586.0,3297605302.0
0.0,DC12,2022,364263454.0,71890690.0,64642146.0,61806730.0,215149842.0,93740162.0,87408594.0,968442458.0
0.0,DC12,2023,0.0,1681483882.0,0.0,0.0,112312170.0,162080194.0,116066934.0,2071943180.0
0.0,DC12,2024,0.0,2768717038.0,0.0,0.0,169161742.0,141741544.0,104913218.0,3184533542.0
0.0,DC13,2020,3460669298.0,81324157.0,90071967.0,86796852.0,92526887.0,78324538.0,70095909.0,4023595580.0
0.0,DC13,2021,4099999493.0,69415694.0,87670954.0,74908918.0,86003582.0,95841207.0,225989065.0,4806811362.0
0.0,DC13,2022,3015790246.0,81189762.0,73509429.0,76113355.0,95387072.0,145024199.0,99792938.0,3659907214.0
0.0,DC13,2023,3730874266.0,97655053.0,96037762.0,104498066.0,259109445.0,360367046.0,99975480.0,4837961340.0
0.0,DC13,2024,1733861584.0,105073592.0,118452994.0,101884015.0,650464741.0,107120536.0,104788085.0,3024405814.0
0.0,DC14,2021,1083147976.0,32661512.0,33907226.0,30189712.0,36980792.0,36477650.0,32941836.0,1473842680.0
0.0,DC14,2023,1922923849.0,43515356.0,38764904.0,51705966.0,150518544.0,46614154.0,44736018.0,2336274336.0
0.0,DC14,2024,2472754854.0,52202887.0,55229666.0,49224566.0,124342059.0,55777547.0,59159799.0,2918585242.0
0.0,DC15,2020,0.0,191963308.0,0.0,0.0,14521977.0,15411670.0,16728270.0,238625225.0
0.0,DC15,2021,0.0,239381211.0,0.0,0.0,30281629.0,9041012.0,17356047.0,296059899.0
0.0,DC15,2022,0.0,249314577.0,0.0,0.0,28630880.0,9803716.0,7888484.0,295637657.0
0.0,DC15,2023,0.0,264586184.0,3911153.0,0.0,34129866.0,6840606.0,6405196.0,315873005.0
0.0,DC15,2024,0.0,311251666.0,1147540.0,0.0,59102294.0,17084558.0,9597812.0,398183870.0
0.0,DC16,2021,9271954.0,0.0,0.0,0.0,0.0,0.0,0.0,19639484.0
0.0,DC16,2022,19639482.0,0.0,0.0,0.0,0.0,0.0,0.0,19526794.0
0.0,DC16,2023,11640292.0,0.0,0.0,0.0,0.0,0.0,0.0,11640292.0
0.0,DC16,2024,20203098.0,0.0,163786.0,81892.0,3335790.0,110390.0,81892.0,24444204.0
0.0,DC18,2020,59657798.0,0.0,0.0,0.0,-1126.0,0.0,0.0,59656672.0
0.0,DC18,2021,0.0,0.0,0.0,0.0,0.0,0.0,0.0,0.0
0.0,DC18,2022,30628743.0,0.0,0.0,0.0,0.0,0.0,0.0,30628743.0
31001626.0,DC18,2023,31001626.0,0.0,0.0,0.0,261624.0,0.0,0.0,31263250.0
0.0,DC18,2024,30842786.0,0.0,0.0,0.0,15278.0,0.0,0.0,30858064.0
0.0,DC19,2020,0.0,0.0,0.0,4386979.0,-260494.0,777843.0,224546.0,5128874.0
0.0,DC19,2022,3582812.0,0.0,0.0,0.0,0.0,0.0,0.0,3582812.0
0.0,DC19,2023,12952906.0,0.0,0.0,0.0,345687.0,0.0,0.0,13298593.0
0.0,DC19,2024,4043515.0,0.0,0.0,0.0,0.0,0.0,0.0,4043515.0
0.0,DC2,2020,0.0,0.0,20778.0,0.0,0.0,74781.0,0.0,95559.0
0.0,DC2,2021,0.0,0.0,0.0,0.0,0.0,23282.0,37704.0,60986.0
0.0,DC2,2022,0.0,331.0,28352.0,116946.0,0.0,0.0,50982.0,196611.0
0.0,DC2,2023,173313.0,40649.0,0.0,0.0,0.0,24324.0,75679.0,313965.0
0.0,DC2,2024,358682.0,2105.0,51311.0,785.0,88129043.0,3536.0,2291.0,88591142.0
0.0,DC20,2020,0.0,0.0,0.0,0.0,0.0,0.0,0.0,0.0
0.0,DC20,2021,0.0,0.0,0.0,0.0,0.0,0.0,0.0,0.0
0.0,DC20,2022,0.0,0.0,0.0,0.0,0.0,0.0,0.0,0.0
0.0,DC20,2023,0.0,0.0,0.0,0.0,0.0,0.0,0.0,0.0
0.0,DC20,2024,0.0,0.0,0.0,0.0,0.0,0.0,0.0,0.0
0.0,DC21,2020,839570388.0,43498497.0,44566695.0,37011396.0,105519011.0,51223903.0,47059739.0,1343447540.0
0.0,DC21,2021,1059119315.0,46486462.0,40759806.0,41554428.0,98543902.0,57043937.0,47069164.0,1630809764.0
0.0,DC21,2022,1297533011.0,48569954.0,49945448.0,46561568.0,95028082.0,62463929.0,54762798.0,1909016814.0
0.0,DC21,2023,1573639030.0,57768902.0,57449476.0,56943034.0,88462722.0,64390185.0,70143494.0,2260056181.0
0.0,DC21,2024,1921108800.0,67569008.0,66384528.0,63222743.0,113162451.0,75419623.0,72172426.0,2751298135.0
0.0,DC22,2020,1202740288.0,29351236.0,34505511.0,34788106.0,107470307.0,-1969682.0,38706796.0,1639461327.0
0.0,DC22,2021,1492944719.0,38097835.0,71554661.0,-29893.0,112661027.0,14279.0,49931663.0,2003662637.0
0.0,DC22,2022,945620576.0,31179113.0,64704636.0,-15542.0,91285248.0,2288011.0,34227093.0,1398722394.0
0.0,DC22,2023,1006610161.0,60437022.0,100028045.0,477716.0,170750676.0,-95619.0,108113387.0,1706613898.0
0.0,DC22,2024,1497267307.0,66157149.0,65168494.0,67398127.0,193163039.0,155064.0,68140576.0,2306779802.0
0.0,DC23,2020,1746159764.0,33535184.0,32191788.0,32746890.0,92847580.0,42493216.0,36074024.0,2173584574.0
0.0,DC23,2021,805841314.0,48002530.0,41959562.0,42368932.0,149233052.0,53161874.0,48332360.0,1401964954.0
0.0,DC23,2022,1171760854.0,41846212.0,41227478.0,40568974.0,68096822.0,51206842.0,44596734.0,1651020986.0
0.0,DC23,2023,1291440088.0,41841972.0,40283448.0,41882236.0,60280286.0,54503770.0,42534554.0,1950623244.0
0.0,DC23,2024,2058692800.0,52933918.0,51376454.0,49306386.0,79460592.0,58303560.0,55719762.0,2463250290.0
0.0,DC24,2020,453026812.0,20970954.0,15029695.0,8815907.0,41446445.0,-390554.0,19729246.0,653727631.0
0.0,DC24,2021,598864660.0,14019363.0,32613350.0,-1372360.0,40235316.0,-1389565.0,17136518.0,809372567.0
0.0,DC24,2022,741923391.0,17187396.0,31582346.0,2270352.0,33465671.0,347707.0,16288744.0,962168901.0
0.0,DC24,2023,897179332.0,25992156.0,33009200.0,-1595766.0,38043694.0,-928088.0,15920049.0,1119167424.0
0.0,DC24,2024,1063730186.0,23459577.0,20126992.0,20037862.0,34057353.0,13407948.0,25725848.0,1300727310.0
0.0,DC25,2020,0.0,980638.0,960364.0,938186.0,1674024.0,0.0,0.0,29894269.0
0.0,DC25,2021,27834767.0,1235871.0,2401066.0,0.0,2601923.0,0.0,1242137.0,42800557.0
0.0,DC25,2022,40757148.0,1703508.0,3228045.0,0.0,5496919.0,0.0,1753555.0,62828271.0
0.0,DC25,2023,293355359.0,8891734.0,26905480.0,989495.0,19168401.0,-19415.0,9661399.0,416166681.0
0.0,DC25,2024,16930670.0,11778973.0,8586305.0,6768621.0,22942682.0,25420.0,9521304.0,108073625.0
0.0,DC26,2020,196093972.0,5285332.0,5543508.0,5676614.0,8236870.0,8122334.0,4203280.0,260626820.0
0.0,DC26,2021,199223484.0,6468276.0,5755828.0,5598826.0,38010956.0,5886654.0,6432882.0,306793122.0
0.0,DC26,2022,251651320.0,7198764.0,14244962.0,5139530.0,21970174.0,7680146.0,7522534.0,352174722.0
0.0,DC26,2023,314215712.0,8160360.0,7792904.0,5193348.0,19581066.0,7253950.0,6892720.0,402469118.0
0.0,DC26,2024,361613754.0,9758564.0,10147580.0,8931530.0,18315278.0,12476758.0,10389942.0,476591694.0
0.0,DC27,2021,242052887.0,6177764.0,12629484.0,-98910.0,13879872.0,-28265.0,10193654.0,353448060.0
0.0,DC27,2023,383477085.0,5333063.0,14381403.0,-18392.0,15608272.0,-11134.0,8209547.0,453461134.0
0.0,DC27,2024,427567745.0,8947916.0,10806878.0,10371573.0,23853225.0,-28136.0,10985822.0,536900722.0
0.0,DC28,2020,109687472.0,5306938.0,4261650.0,3417694.0,23298816.0,10877034.0,5170428.0,177730840.0
15462678.0,DC28,2021,110989324.0,3474562.0,3141482.0,3060484.0,24261364.0,6148274.0,4041740.0,178699486.0
9844026.0,DC28,2022,129056486.0,3643474.0,3288548.0,3481166.0,25880016.0,7066782.0,4515610.0,195443916.0
6326898.0,DC28,2023,152907112.0,6517850.0,5821230.0,5511136.0,34748456.0,19786914.0,6129678.0,260579126.0
0.0,DC28,2024,146535612.0,5049490.0,4099296.0,3987640.0,22316160.0,8585850.0,5793282.0,218757508.0
562428.0,DC29,2020,553855902.0,33315064.0,22464980.0,21746538.0,83723568.0,35128938.0,23774428.0,872848396.0
0.0,DC29,2021,752154828.0,31562330.0,30842000.0,29613280.0,49286294.0,40624576.0,40869748.0,1109784504.0
-375218.0,DC29,2022,854783852.0,33278884.0,38265904.0,27906748.0,100648610.0,39497044.0,38611662.0,1271879984.0
11296.0,DC29,2023,1327562678.0,42874456.0,45720662.0,47190198.0,77342204.0,55316970.0,47431132.0,1685370158.0
145698.0,DC29,2024,1752562384.0,66471840.0,74762348.0,58156074.0,91920080.0,73781990.0,65097388.0,2237184968.0
0.0,DC3,2020,468776.0,3131214.0,802550.0,77178.0,7051144.0,345616.0,241356.0,12365238.0
0.0,DC3,2021,709218.0,149726.0,172382.0,427354.0,3384848.0,357624.0,484528.0,5944338.0
0.0,DC3,2022,1527306.0,167648.0,141722.0,186046.0,26908872.0,376620.0,204196.0,30170668.0
0.0,DC3,2023,1449602.0,122742.0,64990.0,45602.0,5226112.0,455190.0,134938.0,7752986.0
0.0,DC3,2024,4533138.0,121244.0,90344.0,83400.0,6119204.0,4043416.0,140264.0,15542644.0
0.0,DC30,2020,0.0,0.0,0.0,0.0,0.0,0.0,0.0,0.0
0.0,DC30,2021,0.0,0.0,0.0,0.0,0.0,0.0,0.0,0.0
0.0,DC30,2022,0.0,0.0,0.0,0.0,0.0,0.0,0.0,0.0
0.0,DC30,2023,0.0,0.0,0.0,0.0,0.0,0.0,0.0,0.0
0.0,DC30,2024,0.0,0.0,0.0,0.0,0.0,0.0,0.0,0.0
0.0,DC31,2020,0.0,0.0,0.0,0.0,0.0,0.0,0.0,115876.0
0.0,DC31,2021,0.0,0.0,0.0,0.0,0.0,45876.0,0.0,117116.0
0.0,DC31,2022,52016.0,0.0,0.0,0.0,0.0,0.0,0.0,52016.0
0.0,DC31,2023,51462.0,0.0,0.0,0.0,0.0,0.0,0.0,287118.0
0.0,DC31,2024,1111644.0,0.0,0.0,0.0,2333332.0,9682.0,0.0,1454658.0
0.0,DC32,2020,0.0,0.0,0.0,0.0,28943664.0,0.0,0.0,28943664.0
0.0,DC32,2021,323350.0,2705342.0,0.0,0.0,45716633.0,104665.0,1057065.0,49907055.0
0.0,DC32,2022,512126.0,2515458.0,0.0,0.0,39788113.0,773918.0,1844357.0,45433972.0
0.0,DC32,2023,348643.0,6993423.0,0.0,0.0,40457971.0,4391378.0,499310.0,52690725.0
0.0,DC32,2024,17504751.0,3347229.0,0.0,0.0,31419530.0,3572061.0,1794765.0,57638336.0
0.0,DC33,2023,0.0,0.0,0.0,0.0,0.0,0.0,0.0,0.0
0.0,DC33,2024,14367456.0,5431014.0,5431064.0,5542300.0,12667990.0,6334200.0,6876874.0,60477704.0
0.0,DC34,2020,294150566.0,27505822.0,26130820.0,34286878.0,61527710.0,37769688.0,36229916.0,633319488.0
0.0,DC34,2021,570885180.0,83908532.0,52653690.0,55469132.0,72720834.0,69387382.0,71102854.0,1259826952.0
0.0,DC34,2022,1135960610.0,83096356.0,124376578.0,84315772.0,149623488.0,125479268.0,126520036.0,2381855672.0
0.0,DC34,2023,2534330150.0,177545830.0,606921180.0,121821980.0,66697054.0,148928482.0,130380968.0,4071298930.0
0.0,DC34,2024,3747303494.0,63969458.0,46735104.0,45124516.0,310591126.0,108323532.0,104646770.0,4400992460.0
0.0,DC35,2021,329260786.0,5237030.0,25362920.0,0.0,71164008.0,8670865.0,6184983.0,445880592.0
1002866.0,DC35,2022,398183442.0,21964736.0,23366994.0,20575878.0,427099925.0,22657803.0,25506015.0,1055728775.0
0.0,DC35,2023,522268755.0,26142394.0,53384468.0,21732294.0,502875946.0,47949924.0,21370938.0,1309129999.0
0.0,DC35,2024,1175456957.0,21212212.0,24583388.0,21438698.0,351363897.0,18195260.0,24490650.0,1754567544.0
0.0,DC36,2020,0.0,0.0,0.0,0.0,150816.0,9694.0,0.0,160508.0
0.0,DC36,2021,0.0,0.0,0.0,0.0,224910.0,26438.0,0.0,251348.0
0.0,DC36,2022,0.0,0.0,0.0,0.0,0.0,0.0,0.0,0.0
0.0,DC36,2023,0.0,1532.0,7916.0,0.0,43282.0,80.0,80.0,52890.0
0.0,DC36,2024,5768.0,80.0,80.0,80.0,58724.0,0.0,0.0,65132.0
0.0,DC37,2021,0.0,0.0,0.0,0.0,0.0,0.0,0.0,0.0
0.0,DC37,2024,0.0,0.0,0.0,0.0,0.0,0.0,0.0,0.0
0.0,DC38,2021,146149.0,0.0,0.0,0.0,0.0,0.0,0.0,146149.0
0.0,DC38,2022,146149.0,0.0,0.0,0.0,0.0,0.0,0.0,146149.0
0.0,DC38,2024,-3180.0,0.0,0.0,0.0,0.0,0.0,0.0,-3180.0
0.0,DC39,2021,16232811.0,-4062.0,48938.0,15898.0,55284.0,45444.0,30896.0,17359573.0
0.0,DC39,2022,22417793.0,-1744.0,45324.0,19517.0,8715431.0,31385.0,30115.0,31418515.0
0.0,DC39,2023,31498176.0,0.0,149607.0,72580.0,70506.0,70506.0,76438.0,30584185.0
0.0,DC39,2024,29835485.0,2868.0,133545.0,753791.0,71073.0,65339.0,68207.0,34097260.0
0.0,DC4,2020,26107773.0,1835022.0,2266854.0,397935.0,672118.0,1040639.0,401819.0,36883648.0
0.0,DC4,2021,31776121.0,426668.0,720444.0,920280.0,870673.0,391735.0,784403.0,40725378.0
0.0,DC4,2023,67761788.0,2979892.0,1538400.0,2450547.0,27248877.0,2877412.0,1232209.0,120576264.0
0.0,DC4,2024,84127033.0,1424426.0,1442505.0,902110.0,3383738.0,31574901.0,35654328.0,165136254.0
0.0,DC40,2020,0.0,0.0,0.0,0.0,0.0,0.0,0.0,0.0
0.0,DC40,2021,0.0,0.0,0.0,0.0,0.0,0.0,0.0,0.0
0.0,DC40,2022,0.0,0.0,0.0,0.0,0.0,0.0,0.0,0.0
0.0,DC40,2023,0.0,0.0,0.0,0.0,0.0,0.0,0.0,0.0
0.0,DC40,2024,0.0,0.0,0.0,0.0,0.0,0.0,0.0,0.0
0.0,DC42,2020,3930394.0,0.0,0.0,0.0,6850666.0,0.0,0.0,10781060.0
0.0,DC42,2021,2148272.0,0.0,0.0,0.0,3842810.0,0.0,0.0,5991082.0
0.0,DC42,2022,1908200.0,0.0,0.0,0.0,16069386.0,0.0,0.0,17977586.0
0.0,DC42,2023,4184308.0,0.0,0.0,0.0,1361744.0,0.0,0.0,5546052.0
0.0,DC42,2024,4184308.0,0.0,0.0,0.0,2552176.0,0.0,0.0,6736484.0
0.0,DC43,2020,53703834.0,11860086.0,11272578.0,10612816.0,359950.0,27310664.0,14604114.0,140254554.0
0.0,DC43,2021,349518304.0,8498782.0,9512852.0,9985192.0,14014726.0,12136760.0,9171908.0,462356826.0
0.0,DC43,2022,390784252.0,6339988.0,6568820.0,7277840.0,10520694.0,8689822.0,10044898.0,474699596.0
0.0,DC43,2023,515311910.0,16099258.0,72192058.0,14463246.0,49858044.0,77793974.0,17896756.0,863551590.0
0.0,DC43,2024,368121076.0,7522500.0,6518690.0,7882892.0,17846062.0,14639452.0,11564034.0,468337804.0
0.0,DC44,2020,243135732.0,6467640.0,6049736.0,5755528.0,8093250.0,6813632.0,7101298.0,301243960.0
0.0,DC44,2021,244605808.0,4576116.0,4063232.0,3853694.0,7382780.0,5712508.0,5922752.0,291374386.0
0.0,DC44,2022,254258532.0,4227346.0,4492700.0,4281106.0,6697724.0,4947550.0,4772902.0,303528836.0
0.0,DC44,2023,313636864.0,5829390.0,5350112.0,5609002.0,6795366.0,6942156.0,6278626.0,355671812.0
0.0,DC44,2024,337429994.0,6013264.0,6818776.0,6552580.0,9996536.0,7608670.0,7434772.0,388623236.0
0.0,DC45,2020,9449215.0,102477.0,123855.0,111427.0,178727.0,0.0,93760.0,11581321.0
0.0,DC45,2021,11319378.0,175328.0,174151.0,0.0,376356.0,0.0,82371.0,12723012.0
0.0,DC45,2022,11837306.0,52713.0,180488.0,-8000.0,661803.0,0.0,22432.0,13446293.0
0.0,DC45,2023,10118914.0,157726.0,321225.0,97052.0,384592.0,0.0,178238.0,12622788.0
0.0,DC45,2024,1773548.0,1153716.0,61277.0,60930.0,2101136.0,-9585.0,151444.0,9479538.0
0.0,DC47,2020,0.0,10251288.0,412667966.0,0.0,20703668.0,32705780.0,16917272.0,619086602.0
0.0,DC47,2021,1204684942.0,215822360.0,36818360.0,71876770.0,166067952.0,64137990.0,216067332.0,2168127450.0
0.0,DC47,2022,0.0,13301170.0,636081794.0,0.0,22790884.0,15339434.0,15533566.0,89678094.0
0.0,DC47,2023,0.0,13775324.0,723162182.0,0.0,102141750.0,24023134.0,13624672.0,120192970.0
0.0,DC47,2024,0.0,29657878.0,37741872.0,851984336.0,64708624.0,24704408.0,28334248.0,1017263384.0
0.0,DC48,2021,28228510.0,426838.0,548320.0,391414.0,1027810.0,564990.0,488158.0,33438130.0
0.0,DC48,2022,26798312.0,495286.0,496366.0,536564.0,1046244.0,493988.0,718430.0,32814220.0
0.0,DC48,2023,20576892.0,281902.0,266374.0,303656.0,806834.0,338028.0,343918.0,23201776.0
0.0,DC48,2024,22195268.0,274660.0,271706.0,887150.0,685212.0,302764.0,275506.0,25144828.0
0.0,DC5,2022,587981.0,18455.0,643.0,901142.0,452636.0,19667.0,59158.0,2041380.0
0.0,DC5,2023,1170593.0,0.0,0.0,0.0,34705.0,18.0,48290.0,1253606.0
0.0,DC5,2024,355346.0,0.0,153731.0,0.0,334326.0,10144.0,16012.0,869559.0
0.0,DC6,2020,0.0,153122.0,145280.0,142782.0,222024.0,177544.0,165966.0,3107414.0
0.0,DC6,2021,0.0,145342.0,149030.0,144486.0,246742.0,198898.0,168762.0,3007686.0
0.0,DC6,2022,0.0,21680.0,27440.0,20720.0,243868.0,170148.0,67472.0,2338912.0
0.0,DC6,2023,0.0,197136.0,119244.0,63510.0,353370.0,288522.0,233236.0,3288260.0
0.0,DC7,2020,0.0,923716.0,0.0,4275838.0,3246680.0,2902.0,4792.0,8453928.0
0.0,DC7,2021,2409450.0,0.0,0.0,0.0,0.0,0.0,0.0,2409450.0
0.0,DC7,2022,0.0,0.0,0.0,0.0,214196.0,0.0,0.0,214196.0
0.0,DC7,2023,0.0,0.0,0.0,0.0,793884.0,0.0,0.0,793884.0
0.0,DC7,2024,0.0,0.0,0.0,0.0,100614.0,0.0,0.0,958972.0
0.0,DC8,2020,777991.0,1890.0,0.0,0.0,-47393.0,0.0,0.0,1184841.0
0.0,DC8,2021,1239891.0,7744.0,0.0,0.0,-1028000.0,15775.0,2011.0,378936.0
0.0,DC8,2022,1231460.0,0.0,1478.0,0.0,-1347225.0,85726.0,59271.0,314389.0
0.0,DC8,2023,1531627.0,776.0,776.0,776.0,-1379055.0,9766.0,65179.0,441127.0
0.0,DC8,2024,1707423.0,19027.0,815.0,10643.0,-1411875.0,14169.0,16373.0,587785.0
0.0,DC9,2020,0.0,1019327.0,0.0,0.0,0.0,255887.0,86478.0,1361692.0
0.0,DC9,2021,1269877.0,2270340.0,4402.0,178177.0,519444.0,528393.0,146754.0,5001217.0
0.0,DC9,2022,4060840.0,0.0,0.0,0.0,0.0,0.0,0.0,4132670.0
0.0,DC9,2023,3980117.0,0.0,0.0,0.0,0.0,0.0,0.0,3980117.0
0.0,DC9,2024,5523393.0,277887.0,237957.0,0.0,149563.0,96850.0,139780.0,7484275.0
0.0,EC101,2020,7934680.0,10757620.0,9998726.0,10501964.0,129568718.0,13527118.0,11404750.0,385119626.0
0.0,EC101,2021,4017192.0,10911516.0,11339114.0,25166978.0,56382252.0,13684642.0,11052124.0,354393534.0
0.0,EC101,2022,183785938.0,16997500.0,31132438.0,14413722.0,63534682.0,17898226.0,16988606.0,460889602.0
0.0,EC101,2023,154598650.0,38577552.0,19876848.0,14799300.0,98490924.0,24506998.0,37353446.0,620887582.0
0.0,EC101,2024,136580232.0,26862472.0,47947116.0,23983190.0,90295828.0,26880328.0,25957530.0,821479944.0
0.0,EC102,2021,122565860.0,3832354.0,3126163.0,3141184.0,27564710.0,4708840.0,4497772.0,197110145.0
0.0,EC102,2022,159960474.0,210635.0,4449588.0,8362565.0,20552096.0,7889501.0,10481818.0,246134164.0
0.0,EC102,2023,192791243.0,4462425.0,4071332.0,4038356.0,28870620.0,5537117.0,5298520.0,282287598.0
0.0,EC102,2024,244721341.0,6519403.0,7458113.0,6296328.0,33478948.0,8808059.0,6567464.0,370843502.0
0.0,EC104,2024,1938993776.0,67371438.0,72823128.0,56648792.0,101972960.0,76747332.0,59850614.0,2428522476.0
188474.0,EC105,2023,295158584.0,14658046.0,13211016.0,12043546.0,58891640.0,24068806.0,16962720.0,446194218.0
247320.0,EC105,2024,353113560.0,16132172.0,14467804.0,14377754.0,62487966.0,25710912.0,19376494.0,517290464.0
0.0,EC106,2020,173036186.0,8138804.0,8236839.0,7005992.0,24354041.0,-114736.0,8206547.0,277155508.0
0.0,EC106,2021,250812926.0,8722936.0,8276558.0,10605028.0,28660788.0,10533992.0,11015568.0,435990800.0
0.0,EC106,2022,2777098.0,9918578.0,9652288.0,9249368.0,34225394.0,11261788.0,10145738.0,461194244.0
0.0,EC106,2023,5365966.0,12688142.0,13955446.0,11763930.0,22909358.0,15157350.0,13338102.0,570388054.0
0.0,EC106,2024,7327818.0,29392536.0,12165442.0,11909202.0,83758194.0,13869328.0,13580768.0,674576196.0
0.0,EC108,2020,211531970.0,13114118.0,10583224.0,9094954.0,69313760.0,17573620.0,15187786.0,407827454.0
0.0,EC108,2022,372902658.0,13172162.0,12824322.0,10905940.0,65223934.0,15152874.0,14163314.0,583185640.0
0.0,EC108,2023,466189614.0,16152294.0,22011068.0,16587498.0,85155795.0,27355972.0,23619212.0,757399477.0
0.0,EC108,2024,602652495.0,23488432.0,21815656.0,25463822.0,116071415.0,36491003.0,27427980.0,1000719918.0
0.0,EC109,2020,3486670.0,7901658.0,7201750.0,13836222.0,20166632.0,11994708.0,8165976.0,422708220.0
0.0,EC109,2022,15028860.0,8252391.0,8238656.0,12941911.0,23022236.0,29087046.0,9120374.0,404825450.0
0.0,EC121,2020,37035330.0,300966.0,762105.0,711493.0,1376194.0,-33722.0,751555.0,52924435.0
0.0,EC121,2021,46283733.0,1663341.0,3915555.0,-36406.0,4437077.0,14770.0,2117648.0,75254074.0
0.0,EC121,2022,55438148.0,2021098.0,3923534.0,-5022.0,13112019.0,-6548.0,2071864.0,94668281.0
0.0,EC121,2023,69831924.0,2024281.0,2556243.0,1448660.0,2858074.0,1476603.0,2153690.0,119459195.0
0.0,EC121,2024,106969021.0,2500833.0,2036272.0,2974750.0,2484091.0,1012032.0,2656726.0,148019924.0
0.0,EC122,2021,308910766.0,6115860.0,6014555.0,5966373.0,39487529.0,11309039.0,12770582.0,396494298.0
0.0,EC122,2022,223709712.0,7930879.0,7730810.0,7559441.0,32144429.0,9926248.0,9489190.0,305797940.0
0.0,EC122,2023,263254809.0,6644411.0,8319063.0,25551879.0,15597040.0,6969867.0,7247473.0,340430083.0
0.0,EC122,2024,332545298.0,8992224.0,8365947.0,7257841.0,18447740.0,8166792.0,7820441.0,398378635.0
0.0,EC123,2022,97877867.0,10687924.0,3975264.0,3571773.0,16659567.0,6497096.0,6559606.0,149310862.0
0.0,EC123,2023,133010834.0,5246843.0,4478237.0,4288927.0,15191399.0,5832609.0,8039526.0,180338897.0
0.0,EC123,2024,113979601.0,3533709.0,3362840.0,3307552.0,13742942.0,8596820.0,4124509.0,153953699.0
0.0,EC124,2021,156983978.0,6241335.0,12945233.0,-58208.0,18157392.0,-130560.0,6844481.0,240280404.0
0.0,EC124,2022,175700349.0,5986598.0,10220241.0,-182958.0,17039409.0,196457.0,6454706.0,248220721.0
0.0,EC124,2023,210438163.0,6929056.0,13857640.0,40340.0,22409740.0,25564.0,6967587.0,302323410.0
0.0,EC124,2024,280923839.0,12730361.0,7629173.0,7567228.0,28071414.0,78564.0,9263072.0,393704499.0
0.0,EC126,2020,17918052.0,362229.0,1423982.0,675632.0,2213082.0,-30150.0,401205.0,33205624.0
0.0,EC126,2021,25758448.0,821522.0,1643213.0,-280004.0,2243835.0,-17480.0,864012.0,43566592.0
0.0,EC126,2022,27404111.0,805799.0,1435789.0,-12293.0,2248460.0,-2444747.0,864582.0,37862730.0
0.0,EC126,2023,30931699.0,1024068.0,1586416.0,-6280.0,2901295.0,-44096.0,1099603.0,45556307.0
0.0,EC126,2024,38395702.0,825996.0,804061.0,766246.0,2636960.0,-46946.0,886205.0,51616420.0
0.0,EC129,2021,0.0,10318014.0,20345885.0,0.0,32050451.0,0.0,10672218.0,600588703.0
0.0,EC129,2022,542643653.0,3683237.0,3475471.0,3459891.0,4331999.0,3690570.0,3633072.0,621352310.0
0.0,EC129,2023,860974385.0,17866701.0,50861071.0,-636248.0,44155953.0,6550218.0,20057795.0,1157046915.0
0.0,EC129,2024,1046350738.0,30403172.0,24842411.0,26503684.0,64901906.0,-1622519.0,30756045.0,1419689404.0
0.0,EC131,2021,1361230.0,11993282.0,11801124.0,11567210.0,36334110.0,14133918.0,13362596.0,524894804.0
0.0,EC131,2022,1900502.0,14081728.0,13170708.0,50000942.0,49134032.0,15845274.0,15642358.0,626877862.0
0.0,EC131,2023,1545986.0,15281204.0,36027000.0,13064330.0,60199646.0,21347158.0,18016456.0,700364602.0
0.0,EC131,2024,11445724.0,14367100.0,41302624.0,13036472.0,68035060.0,19214856.0,16472406.0,727899056.0
0.0,EC135,2020,28223964.0,1666044.0,1474138.0,1480156.0,3846261.0,-4446.0,1647421.0,47794774.0
0.0,EC135,2021,38105393.0,506957.0,3073772.0,-1406.0,3772717.0,7582.0,1696657.0,58701697.0
0.0,EC135,2022,51105190.0,1914883.0,3692583.0,-7504.0,5159235.0,-13676.0,1953343.0,77784449.0
0.0,EC135,2023,66123494.0,2234941.0,4532550.0,-2568.0,6739674.0,-92574.0,2376575.0,96874408.0
0.0,EC135,2024,91380372.0,3145929.0,3040448.0,2979584.0,6944642.0,-41884.0,3759966.0,129987162.0
0.0,EC136,2021,171176797.0,3651285.0,3968430.0,3486347.0,8097007.0,3786070.0,4290364.0,201966588.0
0.0,EC136,2022,136824345.0,3472675.0,2831053.0,2662630.0,8006254.0,4200714.0,3497481.0,164174145.0
0.0,EC136,2023,170077683.0,4855803.0,5052140.0,4399074.0,10272028.0,5284667.0,4919138.0,209310393.0
0.0,EC136,2024,198187083.0,5466278.0,5166922.0,5556963.0,12498956.0,5883415.0,5199701.0,244305756.0
0.0,EC137,2021,4458308.0,180336.0,174874.0,169932.0,247318.0,205856.0,187558.0,6657516.0
0.0,EC137,2022,-385004.0,188786.0,174494.0,166184.0,264328.0,204620.0,346518.0,7657418.0
0.0,EC137,2023,-1041732.0,397796.0,733070.0,451584.0,476728.0,14388918.0,423144.0,50744428.0
0.0,EC137,2024,-324846.0,4056718.0,428114.0,419898.0,487062.0,26311118.0,426058.0,74593762.0
0.0,EC138,2021,211511193.0,2677784.0,2584612.0,2604215.0,7350441.0,3309206.0,3179664.0,235830932.0
0.0,EC138,2022,240888756.0,3373528.0,3072645.0,2898433.0,12027940.0,3815900.0,3899798.0,272871924.0
0.0,EC138,2023,279820898.0,4125361.0,4209771.0,3843311.0,8759361.0,4251688.0,4814561.0,313555233.0
0.0,EC138,2024,319545471.0,3974599.0,4031684.0,3796238.0,1712738.0,4061884.0,4520887.0,345475750.0
0.0,EC139,2020,0.0,1717017482.0,0.0,0.0,16909935.0,59334080.0,58160059.0,1851421556.0
0.0,EC139,2021,0.0,1915786771.0,0.0,0.0,6287992.0,62121385.0,41879117.0,2026075265.0
0.0,EC139,2022,0.0,47392840.0,2135454596.0,0.0,24013904.0,73615850.0,50770548.0,2331247738.0
0.0,EC139,2023,0.0,45615279.0,2934605913.0,0.0,103178256.0,55029698.0,47931033.0,3186360179.0
0.0,EC139,2024,0.0,53631841.0,1996371477.0,0.0,10904582.0,85331258.0,59004917.0,2205244075.0
0.0,EC141,2020,72775190.0,4943662.0,4596474.0,3283614.0,5187630.0,5511078.0,5145680.0,116418670.0
316.0,EC141,2021,64596852.0,5322270.0,5138098.0,4131974.0,5599084.0,6207840.0,5836644.0,115130358.0
-27149164.0,EC141,2022,66947836.0,5152144.0,4483908.0,4412938.0,12063342.0,5804898.0,5326828.0,131365798.0
0.0,EC142,2021,122362118.0,3922182.0,3711904.0,3368126.0,14767378.0,5618164.0,3807338.0,160973140.0
0.0,EC142,2023,167218147.0,4833459.0,4885353.0,4313651.0,18129539.0,5707225.0,5242291.0,214916311.0
0.0,EC142,2024,197509121.0,6198051.0,6356674.0,5814799.0,21182234.0,7742423.0,6708250.0,257635781.0
0.0,EC145,2023,419990288.0,28589717.0,37899762.0,644852.0,103136002.0,-827599.0,20056648.0,752573453.0
0.0,EC145,2024,335111534.0,23543662.0,72281229.0,12252763.0,52558026.0,26134761.0,16111582.0,594788218.0
0.0,EC153,2022,0.0,0.0,0.0,0.0,0.0,0.0,0.0,0.0
0.0,EC153,2023,0.0,0.0,0.0,0.0,0.0,0.0,0.0,0.0
0.0,EC153,2024,0.0,0.0,0.0,0.0,0.0,0.0,0.0,0.0
0.0,EC154,2021,-20806680.0,1618038.0,3252064.0,16626846.0,2964432.0,1658024.0,1965024.0,125526860.0
0.0,EC154,2023,-34745174.0,1713778.0,1735460.0,1595482.0,5152828.0,1706530.0,23908378.0,146309118.0
0.0,EC154,2024,-4398500.0,1239206.0,1226422.0,1462070.0,4433550.0,1262700.0,22945926.0,164403034.0
0.0,EC155,2020,-836.0,81756.0,124218.0,53386.0,279970.0,81912.0,0.0,2814724.0
0.0,EC155,2021,-240960.0,105142.0,80558.0,0.0,650532.0,100494.0,99642.0,3507950.0
0.0,EC155,2022,0.0,69760.0,43338.0,92796.0,213198.0,103410.0,135764.0,4153690.0
0.0,EC155,2023,0.0,1094756.0,2241654.0,1909400.0,8320796.0,1700364.0,20024224.0,126767578.0
0.0,EC155,2024,0.0,1094756.0,2241654.0,1909400.0,8320796.0,1700364.0,20024224.0,126767578.0
0.0,EC156,2021,0.0,1707824.0,23561678.0,1821686.0,6019092.0,1171976.0,1157950.0,148669458.0
0.0,EC156,2022,0.0,1668370.0,25194886.0,1267482.0,6505868.0,1353532.0,1325584.0,178267254.0
0.0,EC156,2023,0.0,1336742.0,1260868.0,1253698.0,11211824.0,31706506.0,1367950.0,217760916.0
0.0,EC156,2024,0.0,82546.0,4054402.0,2973580.0,29884726.0,1270334.0,37883506.0,287034292.0
0.0,EC157,2020,-39436902.0,30912034.0,27387642.0,24934144.0,175869682.0,47301880.0,46053502.0,1756418570.0
0.0,EC157,2021,-44099430.0,35887354.0,40038880.0,139446520.0,244409426.0,52109278.0,43352060.0,1846339208.0
0.0,EC157,2022,-43755644.0,27893996.0,31774110.0,32890628.0,365215652.0,235937136.0,39206314.0,2013560180.0
0.0,EC157,2023,-47947022.0,92942930.0,38767994.0,40490314.0,336943236.0,68340428.0,227395058.0,2244453100.0
0.0,EC157,2024,-3587570.0,53782866.0,45262644.0,95013398.0,405831952.0,268587592.0,55945732.0,2580882222.0
1058.0,EC441,2020,209381650.0,5157242.0,4433400.0,5441236.0,33334728.0,18466228.0,5385818.0,299034192.0
0.0,EC441,2021,238243746.0,38912404.0,6407534.0,6615906.0,28926594.0,7089896.0,6980622.0,357666752.0
-29508.0,EC441,2022,277918852.0,6201286.0,5682594.0,4935384.0,23633340.0,8298720.0,7083826.0,408991256.0
-19096.0,EC441,2023,330414906.0,6165054.0,6938170.0,5928676.0,20683022.0,8192676.0,7357784.0,391087120.0
0.0,EC441,2024,412905078.0,7536538.0,8931176.0,6290824.0,17034048.0,6689440.0,7417676.0,469484492.0
0.0,EC442,2020,55478842.0,1321606.0,1259104.0,1229644.0,1724750.0,1457126.0,1378950.0,76866412.0
0.0,EC442,2021,62229178.0,1321202.0,1282906.0,1269156.0,1657784.0,1789752.0,1348656.0,82631894.0
0.0,EC442,2022,84549150.0,1330920.0,1310814.0,1298044.0,1688224.0,1499818.0,1384564.0,99327092.0
0.0,EC442,2023,104875406.0,1480018.0,1451690.0,1376186.0,1872062.0,1724696.0,1510802.0,115660046.0
3460190.0,EC442,2024,85272770.0,1163962.0,1115248.0,1081526.0,5530930.0,2413012.0,1478314.0,99035814.0
0.0,EC443,2020,86047226.0,5504746.0,4987656.0,5127798.0,8184964.0,5960282.0,5514906.0,139560532.0
0.0,EC443,2021,103320316.0,5037476.0,5384402.0,4937408.0,8253918.0,5677012.0,5192892.0,155423706.0
0.0,EC443,2022,117912898.0,5215182.0,4960678.0,4998586.0,9039090.0,5657706.0,5530346.0,172530422.0
0.0,EC443,2023,136401460.0,5029636.0,5040662.0,5016394.0,7796960.0,6083260.0,6079736.0,179504152.0
0.0,EC443,2024,156586616.0,6480936.0,5369368.0,5232798.0,17553610.0,6067376.0,5872218.0,209428452.0
0.0,EC444,2023,64509874.0,2546226.0,5853711.0,-13708.0,6542116.0,-169484.0,3162104.0,87641429.0
0.0,EC444,2024,67589449.0,2624960.0,2522767.0,1562795.0,5592333.0,-25098.0,2683247.0,89430091.0
41484532.0,EKU,2020,8760623384.0,632831933.0,473217330.0,409812123.0,2285111715.0,774726452.0,536171495.0,16434020679.0
133222743.0,EKU,2021,11659005024.0,672276503.0,501214397.0,426707716.0,2148693696.0,687838488.0,541077699.0,19905299759.0
59784371.0,EKU,2022,15341310206.0,855718826.0,672952417.0,640699845.0,2595859018.0,1094407995.0,786806286.0,25669215751.0
56982577.0,EKU,2023,19054735318.0,1270702053.0,983480870.0,838865379.0,3119491454.0,1425492963.0,1145881085.0,32765722627.0
158961137.0,EKU,2024,14799052692.0,1069915451.0,732758748.0,662870229.0,3309613243.0,1176756779.0,915781382.0,26940418270.0
0.0,FS161,2020,290815701.0,12875530.0,13455143.0,14123228.0,29032439.0,-313151.0,12520997.0,451011302.0
0.0,FS161,2021,414453662.0,10536585.0,20432213.0,-514250.0,28846233.0,-842830.0,10523909.0,553613599.0
0.0,FS161,2022,509725515.0,12922594.0,23296405.0,-26966.0,32737572.0,39628.0,12926440.0,666026908.0
0.0,FS161,2023,616961886.0,14878404.0,31003819.0,-45354.0,32938493.0,-699794.0,14548979.0,798829228.0
0.0,FS161,2024,724374895.0,18249633.0,19605868.0,24000383.0,28366002.0,-6299987.0,18944804.0,932157776.0
0.0,FS162,2024,1302286566.0,22009768.0,22478540.0,22383291.0,65823384.0,24793312.0,138630250.0,1620649167.0
0.0,FS163,2020,429644424.0,12513102.0,19989666.0,10035038.0,14187616.0,11486674.0,13010774.0,565328990.0
0.0,FS163,2021,544492226.0,12466252.0,11690660.0,12450158.0,16466840.0,11557876.0,15247876.0,685369538.0
0.0,FS163,2022,614586706.0,21874264.0,20144126.0,19872540.0,20304844.0,20104122.0,21696000.0,825542178.0
0.0,FS163,2023,0.0,0.0,0.0,0.0,0.0,0.0,0.0,0.0
0.0,FS163,2024,984850426.0,16514156.0,16141504.0,21419824.0,-900740.0,21289892.0,19457602.0,1097403262.0
6810.0,FS183,2021,170424612.0,5589338.0,5366872.0,5116894.0,15762324.0,7665992.0,6559722.0,236006282.0
51194.0,FS183,2022,208564346.0,4896012.0,4762072.0,4442108.0,14923846.0,8693830.0,5401646.0,273230498.0
77980.0,FS183,2023,265955798.0,22628238.0,5732866.0,5874044.0,14090078.0,7673218.0,7087816.0,334195508.0
-2832.0,FS183,2024,333416658.0,6046588.0,5819850.0,5609588.0,14731936.0,8271128.0,6699952.0,385918272.0
0.0,FS184,2020,5521057852.0,167762066.0,178818906.0,154145168.0,301712490.0,186129514.0,165726962.0,7811366200.0
0.0,FS184,2021,6730532438.0,175040860.0,173443934.0,180042756.0,283449054.0,240468376.0,189756768.0,9171566076.0
0.0,FS184,2022,0.0,2981922954.0,0.0,0.0,997699030.0,226752848.0,172876188.0,4379251020.0
0.0,FS184,2023,0.0,3246858036.0,0.0,0.0,1141156306.0,232184052.0,220024194.0,4840222588.0
0.0,FS184,2024,0.0,4790095160.0,0.0,0.0,936397708.0,311582958.0,308054886.0,6346130712.0
0.0,FS185,2020,1166140502.0,26364121.0,26681523.0,26787116.0,43768431.0,34566152.0,28288924.0,1536884169.0
0.0,FS185,2022,1363188990.0,33700453.0,29624633.0,30596033.0,51503018.0,38912789.0,34397755.0,1788338363.0
0.0,FS185,2024,1094435938.0,30820523.0,29687642.0,29798415.0,56967357.0,37302993.0,33023620.0,1499118323.0
1790700.0,FS191,2020,543096924.0,29676008.0,29287364.0,28655750.0,40375430.0,31598348.0,29780684.0,866124992.0
320212.0,FS191,2021,671890104.0,30513388.0,30228122.0,29349674.0,47490120.0,33783070.0,31692744.0,1010701720.0
14460.0,FS191,2022,668701754.0,32598456.0,31547898.0,29768076.0,49453980.0,36707494.0,33867506.0,1024739030.0
37660.0,FS191,2023,872767502.0,36251720.0,35581524.0,34856290.0,54291020.0,41655152.0,37796308.0,1147426400.0
0.0,FS192,2020,1421651067.0,35862160.0,35070849.0,30829305.0,68604468.0,48756376.0,37656922.0,1865370484.0
0.0,FS192,2021,1691473967.0,43758724.0,40918061.0,38569323.0,135222631.0,46218045.0,43313069.0,2254823465.0
0.0,FS192,2022,1977320583.0,43253203.0,39983148.0,40013952.0,133806042.0,44832065.0,43188796.0,2560072124.0
0.0,FS192,2023,2327708094.0,46928669.0,45350296.0,45113535.0,149039663.0,50589969.0,47030111.0,2984229923.0
0.0,FS192,2024,2731110196.0,53270417.0,51750923.0,51657287.0,161476002.0,57670453.0,53774787.0,3482599459.0
0.0,FS193,2022,0.0,0.0,0.0,0.0,0.0,0.0,0.0,0.0
0.0,FS193,2023,1773254030.0,55502360.0,58076736.0,51018132.0,71417588.0,58198844.0,60502760.0,2167787996.0
44940.0,FS193,2024,2183641990.0,74038588.0,72916568.0,63032778.0,93955516.0,81976176.0,104740730.0,2738962354.0
0.0,FS194,2020,2657065726.0,76278682.0,72937842.0,72335446.0,99308912.0,110175018.0,102027218.0,3620209692.0
0.0,FS194,2022,3562920038.0,77294450.0,73281620.0,66279986.0,76022024.0,82341818.0,62463620.0,4347730412.0
0.0,FS194,2023,4073470620.0,48795210.0,55278394.0,63528224.0,63692458.0,72950470.0,57109220.0,4743641720.0
0.0,FS195,2021,599976158.0,9427064.0,10061141.0,10529949.0,1389566.0,10641864.0,9755135.0,724957522.0
0.0,FS195,2022,0.0,0.0,0.0,0.0,-3532542.0,35913678.0,0.0,32381136.0
0.0,FS195,2023,763618903.0,12679475.0,14797637.0,11947974.0,-3268688.0,14424341.0,13156169.0,917416228.0
0.0,FS195,2024,877520025.0,17472770.0,17993046.0,16158889.0,11809307.0,17390223.0,16350507.0,1084958090.0
0.0,FS196,2023,0.0,0.0,0.0,0.0,0.0,0.0,0.0,0.0
0.0,FS201,2020,1175374525.0,32432066.0,35907328.0,21470393.0,93746922.0,41132466.0,27965697.0,1574055757.0
0.0,FS201,2021,1539171941.0,51511713.0,43464588.0,40088422.0,87614261.0,85682414.0,47536150.0,2140820392.0
0.0,FS201,2022,1664100773.0,38832822.0,38529464.0,32546547.0,98677663.0,49640025.0,40968121.0,2208193875.0
0.0,FS201,2023,1606154130.0,45361261.0,42825707.0,46419166.0,185821045.0,57202324.0,71322672.0,2319699381.0
0.0,FS201,2024,2001151535.0,80971444.0,72103152.0,65059577.0,288505985.0,82768773.0,81038751.0,3022887472.0
0.0,FS203,2020,0.0,0.0,0.0,0.0,136672762.0,38650309.0,1491875786.0,1667198857.0
0.0,FS203,2021,0.0,0.0,0.0,0.0,192162029.0,44490489.0,1453561785.0,1690214303.0
0.0,FS203,2022,0.0,0.0,0.0,0.0,129084659.0,53397373.0,1753937579.0,1936419611.0
0.0,FS203,2023,0.0,0.0,0.0,0.0,200671016.0,50136542.0,1956097666.0,2206905224.0
0.0,FS203,2024,0.0,0.0,0.0,0.0,99980180.0,68897360.0,2623137518.0,2792015058.0
3345956.0,FS204,2020,0.0,1646365600.0,0.0,0.0,90462099.0,37110908.0,31176228.0,1805114835.0
0.0,FS204,2021,0.0,1858110888.0,0.0,0.0,125264937.0,61004968.0,40913488.0,2085294281.0
0.0,FS204,2022,2445298363.0,2185304502.0,0.0,0.0,136945830.0,69851802.0,53196227.0,4890596724.0
0.0,FS204,2023,2107800587.0,57677031.0,63038012.0,53374240.0,174387484.0,67835841.0,59532990.0,2871229327.0
0.0,FS204,2024,2107800587.0,57677031.0,63038012.0,53374240.0,174387484.0,67835841.0,59532990.0,2871229327.0
0.0,FS205,2020,0.0,922241990.0,0.0,0.0,17693572.0,18018759.0,19408913.0,977363234.0
0.0,FS205,2022,268654930.0,28932262.0,28360604.0,28659360.0,70165792.0,49777458.0,36774702.0,686267562.0
0.0,GT421,2020,0.0,16822075432.0,0.0,0.0,861708248.0,444121132.0,517622088.0,18645526900.0
0.0,GT421,2021,0.0,19414274712.0,0.0,0.0,804266112.0,641938624.0,518627070.0,21379106518.0
0.0,GT421,2022,0.0,9519427162.0,0.0,0.0,899201704.0,639500040.0,559883646.0,11618012552.0
0.0,GT421,2023,9073832444.0,488094066.0,487273752.0,392761256.0,946747630.0,600588240.0,528395286.0,15588374118.0
0.0,GT421,2024,11879474410.0,595078424.0,556370282.0,548099122.0,1059735144.0,692916894.0,585389896.0,19032273330.0
0.0,GT422,2020,413960704.0,34743528.0,37303012.0,26016014.0,136972844.0,50779638.0,31352392.0,871761752.0
0.0,GT422,2021,507544658.0,33246974.0,24378714.0,26890552.0,110227272.0,39040688.0,30520388.0,891269884.0
0.0,GT422,2022,586589596.0,48710722.0,62107800.0,45390956.0,111460224.0,45776052.0,43301420.0,1071452908.0
0.0,GT422,2023,645809364.0,33672556.0,33712816.0,28705364.0,127634958.0,56563612.0,46629004.0,1129076494.0
0.0,GT422,2024,696239464.0,40096100.0,38259622.0,32792094.0,185367544.0,54383504.0,40273656.0,1260285226.0
0.0,GT423,2020,1262618522.0,45686849.0,46521630.0,40278587.0,118651764.0,51954667.0,48900769.0,1842701271.0
0.0,GT423,2021,1591692521.0,46828035.0,47674635.0,45548602.0,175404217.0,51324546.0,45788782.0,2250083110.0
0.0,GT423,2022,1984454121.0,54534181.0,51039204.0,49702280.0,248536407.0,56260265.0,54964865.0,2774462752.0
0.0,GT423,2023,2611520430.0,57256988.0,56594168.0,49932114.0,151028754.0,63767476.0,55786186.0,3094667302.0
163000.0,GT423,2024,2824882624.0,58301254.0,60649496.0,55433218.0,153125056.0,82449728.0,63927918.0,3355777288.0
0.0,GT481,2020,0.0,48678924.0,1692825022.0,0.0,133502257.0,61682990.0,43716154.0,1980405347.0
0.0,GT481,2021,0.0,42046110.0,1920818434.0,0.0,125270383.0,56335557.0,55061196.0,2199531680.0
0.0,GT481,2022,0.0,37131324.0,2170941900.0,0.0,199603511.0,61992258.0,78673343.0,2548342336.0
0.0,GT481,2023,0.0,105205738.0,4856571924.0,0.0,323888548.0,172964838.0,156988682.0,5615619730.0
0.0,GT481,2024,0.0,140509999.0,92355086.0,159568730.0,619506905.0,374318739.0,-5578359.0,4114447887.0
0.0,GT484,2020,3151203575.0,148407676.0,148048134.0,148653342.0,409665920.0,169086326.0,150259770.0,5201619907.0
0.0,GT484,2021,4420378305.0,158604277.0,157764171.0,158683657.0,317887397.0,184905989.0,163727936.0,6670398136.0
0.0,GT484,2022,4758838977.0,170444894.0,167290523.0,166794788.0,303438601.0,200931421.0,181007519.0,8346292639.0
0.0,GT484,2023,7478313133.0,195388977.0,135081067.0,166658310.0,502072133.0,204245106.0,177966165.0,9994670939.0
0.0,GT484,2024,8759227663.0,141358880.0,133815837.0,117668170.0,227792338.0,250782727.0,179017406.0,11357210329.0
-3291198.0,GT485,2020,901270846.0,63054542.0,41976878.0,39706114.0,186848416.0,83825488.0,58944286.0,1600679360.0
-4131148.0,GT485,2021,1246166414.0,58406284.0,54892476.0,45717110.0,206979844.0,81495016.0,74418130.0,1992764634.0
9525308.0,GT485,2022,1558067460.0,84137194.0,60244172.0,56413514.0,315510450.0,193667792.0,98654846.0,2617418066.0
5315048.0,GT485,2023,2214269024.0,82790606.0,70920776.0,62847840.0,258072246.0,106608314.0,88903676.0,2960787806.0
-22623280.0,GT485,2024,2869612000.0,95103386.0,99106006.0,98474772.0,274397156.0,131623500.0,102122830.0,3744389676.0
0.0,JHB,2020,13085099640.0,66007072.0,0.0,0.0,102070326.0,53221852.0,47030072.0,13685000000.0
0.0,JHB,2021,8936454180.0,790355480.0,0.0,0.0,2180218312.0,608156698.0,474719176.0,15359869984.0
0.0,KZN212,2020,144877150.0,4849512.0,3535740.0,2912513.0,16682988.0,5152620.0,144.0,205814914.0
0.0,KZN212,2021,169377535.0,4227441.0,154.0,8732452.0,11462960.0,5887520.0,4951156.0,254158861.0
0.0,KZN212,2022,202893222.0,5242160.0,4423630.0,4511072.0,12520544.0,6828080.0,7412562.0,277466638.0
0.0,KZN212,2023,254434908.0,5700693.0,6592948.0,4989682.0,14727299.0,7167896.0,6155613.0,336321109.0
0.0,KZN212,2024,312952623.0,7565573.0,6282852.0,5832626.0,15188249.0,7530197.0,6667566.0,414912589.0
0.0,KZN213,2020,37336284.0,-76600.0,-4096870.0,-5982.0,-158520.0,0.0,0.0,47208561.0
0.0,KZN213,2021,47334235.0,-1230520.0,0.0,-200.0,-19700.0,0.0,0.0,62216715.0
0.0,KZN213,2022,41185572.0,0.0,0.0,0.0,0.0,-149400.0,0.0,52667439.0
0.0,KZN213,2023,47551195.0,0.0,0.0,0.0,0.0,0.0,0.0,60063242.0
0.0,KZN213,2024,53352608.0,0.0,0.0,0.0,0.0,0.0,0.0,66313153.0
0.0,KZN214,2022,41661828.0,2107996.0,1923616.0,1791780.0,8766894.0,5197596.0,2756992.0,71457572.0
0.0,KZN214,2023,49415246.0,2528546.0,2217742.0,1894558.0,8470618.0,4500882.0,3567692.0,74375796.0
0.0,KZN216,2021,510616996.0,27668914.0,24531926.0,23884734.0,36483476.0,16599064.0,32842092.0,802555116.0
0.0,KZN216,2022,621445246.0,30524476.0,27260228.0,24709114.0,38460922.0,16866234.0,34866908.0,926714230.0
0.0,KZN216,2023,788833830.0,34680384.0,29746676.0,27545134.0,75580886.0,18992086.0,38756794.0,1039876448.0
0.0,KZN216,2024,956778320.0,36865454.0,33174564.0,30503390.0,51724934.0,25395762.0,45003096.0,1204875442.0
0.0,KZN221,2020,228119413.0,3430740.0,5240996.0,4564944.0,10579086.0,179154.0,3366706.0,278782901.0
0.0,KZN221,2021,245391377.0,4200799.0,6952478.0,20584.0,13986033.0,-34211.0,4488542.0,295985641.0
0.0,KZN221,2022,223756255.0,5990005.0,22550289.0,156634.0,19460139.0,280010.0,6475113.0,311640782.0
0.0,KZN221,2023,207841786.0,5106968.0,10115390.0,-129369.0,21494719.0,-192672.0,4299692.0,283362174.0
0.0,KZN221,2024,150882975.0,5490233.0,5555620.0,4483576.0,25457999.0,-41040.0,5032545.0,230402573.0
0.0,KZN222,2020,203936760.0,7783920.0,7016260.0,6124938.0,22735663.0,10618656.0,8962405.0,303459548.0
0.0,KZN222,2021,228461103.0,8381868.0,7385011.0,6279269.0,19778448.0,10124509.0,8805667.0,349819346.0
0.0,KZN222,2022,280677981.0,8109072.0,11765393.0,6832034.0,50869257.0,10371017.0,8308269.0,411772246.0
0.0,KZN222,2023,241589356.0,9398313.0,8245639.0,8098323.0,39575879.0,10444762.0,9934048.0,392716533.0
0.0,KZN222,2024,297222574.0,8531046.0,7958818.0,7720786.0,42897266.0,12215806.0,13401707.0,435262308.0
0.0,KZN223,2021,253780116.0,-1186838.0,3751008.0,-6101078.0,11873112.0,-10822312.0,1140684.0,250630582.0
0.0,KZN223,2022,242730402.0,1913762.0,13293304.0,-8770980.0,15100114.0,-9807376.0,1964010.0,279530794.0
0.0,KZN223,2023,301170174.0,675386.0,16532126.0,-8037362.0,14658148.0,-8279076.0,4166300.0,365689022.0
0.0,KZN223,2024,152194794.0,1915213.0,1695851.0,1445115.0,10579778.0,-80501.0,2185476.0,178375100.0
0.0,KZN224,2020,9189767.0,230718.0,239244.0,120115.0,1047446.0,5642.0,270273.0,15066002.0
0.0,KZN224,2024,21382923.0,634830.0,1476655.0,513586.0,1573833.0,15717.0,606499.0,30512394.0
0.0,KZN225,2020,2779552538.0,235974341.0,203486034.0,1457660750.0,819738201.0,356027427.0,214495621.0,8846487450.0
4656725505.0,KZN225,2021,6278928817.0,183073397.0,192857505.0,174775783.0,986228159.0,272386479.0,201485235.0,9337501179.0
0.0,KZN225,2022,7480709203.0,226200429.0,200844589.0,173179452.0,908470941.0,264677616.0,201635657.0,10567020679.0
0.0,KZN225,2023,8753685182.0,268386832.0,211447128.0,226571326.0,1660594078.0,237622364.0,237485524.0,13029905826.0
0.0,KZN225,2024,10829512288.0,304648192.0,290949014.0,281932058.0,2107367062.0,335514284.0,296410838.0,16007800274.0
0.0,KZN226,2020,35708131.0,1224603.0,959102.0,972909.0,3905141.0,-40258.0,1381266.0,49839447.0
0.0,KZN226,2021,36329767.0,866894.0,1694005.0,-15824.0,4207298.0,-41992.0,955024.0,48742827.0
0.0,KZN226,2022,40293078.0,845558.0,1516442.0,-20710.0,3924725.0,-100970.0,899161.0,51889724.0
0.0,KZN226,2023,44138444.0,859455.0,1583666.0,-23628.0,4398925.0,-89371.0,945729.0,56566934.0
0.0,KZN226,2024,49670450.0,976024.0,858436.0,836698.0,4771839.0,-53496.0,1051428.0,62461886.0
0.0,KZN227,2020,53521048.0,1884930.0,1693882.0,1607438.0,2145450.0,1959284.0,3579002.0,88830888.0
0.0,KZN227,2021,69400500.0,2972588.0,1325222.0,1258598.0,2459638.0,3118354.0,1931728.0,105125134.0
0.0,KZN227,2022,69291748.0,2023184.0,1918340.0,1838450.0,2170462.0,3205854.0,2101220.0,103922024.0
0.0,KZN227,2023,67784498.0,2082176.0,1687468.0,1614416.0,14264998.0,2200344.0,1928846.0,93036100.0
0.0,KZN227,2024,88306792.0,1832904.0,1762076.0,1966538.0,1238650.0,3177878.0,2114134.0,101961722.0
0.0,KZN235,2020,80423122.0,2982771.0,2843969.0,2643703.0,8337676.0,-82027.0,3306640.0,115219251.0
0.0,KZN235,2021,77690892.0,-2081881.0,3529869.0,-20706.0,6419158.0,-131957.0,1508569.0,95541872.0
0.0,KZN235,2022,100511905.0,3105269.0,4221878.0,-51555.0,5334762.0,-208915.0,2260493.0,128662859.0
0.0,KZN235,2023,108243184.0,2624847.0,4854591.0,-78939.0,7960251.0,-40757.0,2819161.0,143991244.0
0.0,KZN235,2024,131309512.0,2758839.0,4059808.0,2339752.0,8038620.0,-112106.0,2799525.0,166198582.0
0.0,KZN237,2020,292144674.0,1236476.0,5738364.0,21586471.0,12479345.0,1790444.0,23269486.0,509450694.0
0.0,KZN237,2021,279578512.0,9085039.0,16868148.0,-2297180.0,47010096.0,-3021636.0,-15826211.0,401694389.0
0.0,KZN237,2022,368739530.0,11098446.0,23080770.0,1989240.0,80944959.0,-191794.0,24942928.0,595654909.0
0.0,KZN237,2023,668419084.0,20365024.0,20087934.0,20939712.0,67105280.0,25307134.0,22471782.0,863173398.0
0.0,KZN237,2024,838024342.0,24938490.0,27054490.0,23535396.0,80787184.0,40248898.0,28203610.0,1085569088.0
0.0,KZN238,2020,731134476.0,77353440.0,22532848.0,22159634.0,57038692.0,42867488.0,30277600.0,1086231054.0
0.0,KZN238,2021,904917940.0,30635956.0,27949244.0,26558900.0,71503718.0,47564568.0,32982222.0,1276179306.0
0.0,KZN238,2022,1077780000.0,30118060.0,27135788.0,25873722.0,87486156.0,44968296.0,34113408.0,1448491680.0
0.0,KZN238,2023,1374261692.0,33980850.0,30113898.0,27918250.0,82358944.0,44725664.0,41803046.0,1663987628.0
0.0,KZN238,2024,1650930430.0,45576842.0,42842186.0,40442096.0,117435912.0,62530832.0,51401016.0,2045891770.0
0.0,KZN241,2020,166522896.0,6390482.0,5264945.0,4352745.0,33771855.0,0.0,8137231.0,250765900.0
0.0,KZN241,2021,167437834.0,7133444.0,16578069.0,1734924.0,42699447.0,3093534.0,11208721.0,300357830.0
0.0,KZN241,2022,207244270.0,9505021.0,19416857.0,-226304.0,39038709.0,868207.0,11961914.0,348451619.0
0.0,KZN241,2023,315097168.0,7321770.0,5904050.0,5422170.0,33158858.0,13964426.0,10186974.0,395697856.0
0.0,KZN241,2024,281706396.0,9589730.0,8608714.0,8027794.0,34429682.0,19309904.0,12605680.0,381910920.0
0.0,KZN242,2023,19357085.0,464768.0,407338.0,343280.0,4874675.0,455872.0,484793.0,26824126.0
0.0,KZN242,2024,21210996.0,539270.0,706895.0,489221.0,6219546.0,932041.0,610554.0,31508100.0
0.0,KZN244,2020,65177914.0,1886284.0,1866718.0,1854652.0,1884042.0,1953780.0,1911438.0,85844048.0
0.0,KZN244,2021,76160466.0,2563742.0,2559646.0,2557296.0,5589696.0,2688824.0,2578730.0,106855792.0
0.0,KZN244,2022,68756406.0,2527526.0,2359654.0,2358338.0,6457540.0,2493376.0,2484244.0,120273816.0
0.0,KZN244,2023,0.0,289351.0,346763.0,134536755.0,-1851260.0,-2047909.0,-31149.0,131242551.0
0.0,KZN244,2024,0.0,289351.0,346763.0,134536755.0,-1851260.0,-2047909.0,-31149.0,131242551.0
0.0,KZN245,2020,78360071.0,5399355.0,4686010.0,4016211.0,26233034.0,2929664.0,5726803.0,153692855.0
0.0,KZN245,2021,64606011.0,4226875.0,7661364.0,-184167.0,24453188.0,990692.0,4342174.0,127942724.0
0.0,KZN245,2022,61023746.0,3122639.0,4910100.0,-128034.0,27149080.0,-1012583.0,2983924.0,109028072.0
0.0,KZN245,2023,53979459.0,2868321.0,3489423.0,-143415.0,21846210.0,-72033.0,3146122.0,96533934.0
0.0,KZN245,2024,55897178.0,4369472.0,2292955.0,1492503.0,24071685.0,188625.0,3139077.0,102242149.0
0.0,KZN252,2021,1855360417.0,57496428.0,59401648.0,121184896.0,144488033.0,68606455.0,55505965.0,2751713475.0
0.0,KZN252,2022,1855360417.0,57496428.0,59401648.0,121184896.0,144488033.0,68606455.0,55505965.0,2751713475.0
0.0,KZN252,2023,2284849475.0,59816168.0,58986305.0,63633383.0,143616710.0,79741107.0,70363078.0,3152009169.0
0.0,KZN252,2024,2816829581.0,62852138.0,67282056.0,63841076.0,188708501.0,78034669.0,106414524.0,3819723268.0
0.0,KZN253,2021,48480827.0,1914812.0,3816632.0,-27358.0,8146189.0,-442855.0,1293330.0,73809412.0
0.0,KZN253,2022,66695216.0,3526296.0,5286596.0,492647.0,11039849.0,-991767.0,4035059.0,101296703.0
0.0,KZN253,2023,75096545.0,4037667.0,8056831.0,126602.0,7024933.0,-115148.0,4647081.0,116982708.0
0.0,KZN253,2024,80163680.0,5209818.0,4313820.0,3150330.0,3606998.0,-72828.0,796679.0,113537592.0
0.0,KZN254,2021,73946296.0,2334452.0,2324390.0,2256660.0,3160352.0,2657612.0,2394772.0,99283960.0
0.0,KZN254,2022,84119530.0,2469900.0,2367826.0,2247206.0,3338606.0,2801940.0,2617442.0,110814972.0
0.0,KZN254,2023,108320938.0,2679064.0,2553032.0,2368194.0,7832766.0,3184636.0,2827698.0,132014318.0
1324.0,KZN254,2024,126512446.0,4040816.0,3775780.0,3718870.0,5253428.0,4415144.0,4204942.0,155509756.0
0.0,KZN261,2021,268166229.0,3746338.0,6093774.0,-27306.0,11787302.0,-37729.0,3682223.0,313926563.0
0.0,KZN261,2022,285167258.0,4895548.0,7813393.0,-4529.0,14906321.0,-75631.0,4605116.0,342994053.0
0.0,KZN261,2023,314257642.0,4511378.0,10221680.0,-6042.0,15398184.0,-36566.0,4901842.0,377061588.0
0.0,KZN261,2024,353646847.0,4277186.0,4397172.0,4209756.0,14114126.0,-86391.0,4943644.0,419612000.0
0.0,KZN262,2020,0.0,5574414.0,7284781.0,376744800.0,25091392.0,0.0,6385756.0,421081143.0
0.0,KZN262,2021,365590920.0,8861870.0,18336307.0,15150.0,33795873.0,104750.0,10177791.0,497549195.0
0.0,KZN262,2022,455114599.0,7744406.0,15332588.0,-242886.0,31219306.0,-387202.0,8322010.0,571949951.0
0.0,KZN262,2023,498667779.0,5441813.0,10411164.0,-69514.0,26056122.0,-37310.0,4735161.0,575546478.0
0.0,KZN262,2024,539040367.0,5095237.0,4614531.0,4214231.0,27945016.0,-178355.0,5395136.0,604932972.0
0.0,KZN263,2020,292964364.0,14326976.0,11799652.0,10626902.0,40148416.0,18133128.0,14679146.0,460100834.0
0.0,KZN263,2021,373165510.0,20499992.0,12814568.0,11370940.0,56882626.0,22126078.0,19345016.0,570376918.0
0.0,KZN263,2022,446623984.0,17056802.0,17373934.0,17079842.0,57807742.0,28990226.0,25434148.0,667908148.0
0.0,KZN263,2023,446171088.0,17051328.0,16875618.0,19679756.0,59376266.0,39360870.0,17365100.0,629938522.0
0.0,KZN263,2024,605234244.0,23982572.0,22360824.0,22229704.0,72058502.0,37167816.0,34389230.0,839630146.0
0.0,KZN265,2020,91256343.0,1369867.0,1683244.0,1664971.0,4431159.0,-14814.0,1887616.0,118210199.0
0.0,KZN265,2021,78386131.0,1080943.0,2619561.0,98.0,4290997.0,-3381.0,996877.0,101325977.0
0.0,KZN265,2023,91633386.0,710670.0,2008820.0,11888.0,4438564.0,-301359.0,1151524.0,111962192.0
0.0,KZN265,2024,105881657.0,1377219.0,1932705.0,1268427.0,4919898.0,-31768.0,1424089.0,129642259.0
0.0,KZN266,2020,93463102.0,4062448.0,2146899.0,2766014.0,20817710.0,493718.0,4430415.0,169248733.0
0.0,KZN266,2021,118984280.0,3286567.0,5320273.0,-89128.0,17389863.0,-322903.0,3184389.0,191885404.0
0.0,KZN266,2022,145101938.0,5628341.0,10698803.0,-276255.0,22765050.0,-141214.0,4211763.0,229567444.0
0.0,KZN266,2023,183645299.0,4055599.0,6830902.0,-62665.0,23636566.0,-397884.0,3443469.0,269673903.0
0.0,KZN266,2024,225136982.0,3819745.0,3225178.0,3093571.0,26916996.0,-366162.0,3966907.0,308175399.0
0.0,KZN271,2020,81554780.0,1421716.0,1370218.0,1333906.0,3272598.0,0.0,1475944.0,97990590.0
0.0,KZN271,2021,91253318.0,1843678.0,3266184.0,-1000.0,3870736.0,-2576.0,1329196.0,110851240.0
0.0,KZN271,2022,104474432.0,-1176518.0,3049651.0,270.0,3357893.0,1466.0,1490539.0,117526217.0
0.0,KZN271,2023,106633186.0,1981638.0,3630675.0,-3080.0,4530242.0,-3000.0,2010606.0,130515307.0
0.0,KZN271,2024,119582382.0,1753991.0,1719514.0,1713394.0,4241683.0,-896.0,1785769.0,140936652.0
0.0,KZN272,2020,272752102.0,7663381.0,5011197.0,4972542.0,12019464.0,-7386.0,5469257.0,337772476.0
0.0,KZN272,2021,259223738.0,5361294.0,12395644.0,-24444.0,12780088.0,2191921.0,8602593.0,327092870.0
0.0,KZN272,2023,230019772.0,3191194.0,5887647.0,1326.0,8735266.0,-25091.0,3168807.0,271133284.0
0.0,KZN272,2024,228484779.0,2711007.0,2482594.0,2441780.0,9249525.0,268067.0,3519979.0,265954732.0
0.0,KZN275,2020,202348660.0,5871187.0,4958546.0,5010520.0,8881196.0,-746009.0,4227133.0,262948210.0
0.0,KZN275,2021,230283934.0,9003976.0,17504248.0,-15304.0,17807884.0,-95225.0,8863237.0,350694966.0
0.0,KZN275,2022,298542143.0,9042637.0,17665040.0,-36219.0,21956067.0,-1701671.0,6344994.0,413862662.0
0.0,KZN275,2023,318536217.0,8971911.0,16882841.0,-60924.0,8561657.0,-136963.0,8180681.0,434161603.0
0.0,KZN275,2024,374663264.0,12405174.0,8714311.0,7079935.0,20239714.0,-627964.0,9037080.0,492558161.0
0.0,KZN276,2020,66264146.0,434204.0,1033586.0,1171720.0,3002636.0,-34276.0,283697.0,78427051.0
0.0,KZN276,2021,71157188.0,1402761.0,3459451.0,-144394.0,5698616.0,-9430.0,578768.0,101375481.0
0.0,KZN276,2022,84456899.0,555107.0,3210168.0,32500.0,3878112.0,-216378.0,589293.0,103647279.0
0.0,KZN276,2023,93650478.0,1448695.0,2855483.0,-89172.0,-454188.0,-131080.0,1481543.0,111572186.0
0.0,KZN276,2024,100347088.0,1527211.0,1439113.0,1407703.0,4856884.0,-86630.0,1597251.0,120873654.0
0.0,KZN281,2020,17480593.0,1358296.0,1324764.0,1306551.0,11263414.0,-16709.0,1396426.0,37663685.0
0.0,KZN281,2021,15359608.0,388901.0,1064978.0,-31964.0,10763199.0,-29090.0,1389557.0,34181408.0
0.0,KZN281,2022,19671269.0,817004.0,1661775.0,-31028.0,3695844.0,-51418.0,4936332.0,35502765.0
0.0,KZN281,2023,23384498.0,823679.0,1090271.0,-24441.0,3892507.0,2668709.0,882531.0,36770149.0
0.0,KZN281,2024,28413188.0,2614055.0,20578054.0,1992783.0,15089705.0,-276701.0,2779363.0,81037443.0
0.0,KZN282,2020,356927953.0,58377116.0,65165607.0,51671417.0,563379677.0,90079445.0,74993695.0,1476069228.0
0.0,KZN282,2021,425305170.0,41216370.0,47734149.0,80456523.0,745943932.0,76368238.0,58174616.0,1581146397.0
59479924.0,KZN282,2022,628262091.0,59170999.0,41016524.0,36656466.0,675481621.0,61841401.0,119417283.0,1817097809.0
372072818.0,KZN282,2023,391021409.0,-50721163.0,40303900.0,19311371.0,835638887.0,35182043.0,35345940.0,1518753876.0
98173311.0,KZN282,2024,467546989.0,36600660.0,25829559.0,21564521.0,802545624.0,43898496.0,43225082.0,1601858084.0
0.0,KZN284,2021,59438347.0,3292643.0,2959007.0,2620601.0,9777020.0,7412071.0,3986793.0,131675867.0
0.0,KZN284,2023,76209092.0,2341510.0,2079337.0,1735664.0,319559.0,2912091.0,2293287.0,119070071.0
0.0,KZN284,2024,121941622.0,7053193.0,6412048.0,5987784.0,16867360.0,9871490.0,7536523.0,232726755.0
0.0,KZN285,2020,32997172.0,1654422.0,1303958.0,1173148.0,8998606.0,-684622.0,2135638.0,58489928.0
0.0,KZN285,2021,41410978.0,2268096.0,4237423.0,-4370.0,9523707.0,-24706.0,2571489.0,76959209.0
0.0,KZN285,2022,41785115.0,2048339.0,4074238.0,57622.0,8127459.0,-25854.0,2460069.0,73059816.0
0.0,KZN285,2023,46022057.0,1555853.0,2653640.0,-161416.0,8226332.0,-44934.0,2021923.0,74032217.0
0.0,KZN285,2024,43829101.0,1786788.0,1972719.0,1528903.0,13081318.0,244307.0,1926685.0,76780760.0
0.0,KZN286,2020,41946987.0,3175639.0,2373875.0,1513951.0,11650204.0,-55093.0,3495593.0,72252888.0
0.0,KZN286,2021,53593137.0,3263790.0,6622192.0,-36036.0,9072090.0,-5576.0,3710608.0,90026839.0
0.0,KZN286,2022,58466155.0,2306595.0,5150469.0,-3344.0,10673160.0,-2506.0,2906387.0,92638642.0
0.0,KZN286,2023,71449974.0,3087670.0,6290635.0,-5300.0,9019206.0,301486.0,3181839.0,124994295.0
0.0,KZN286,2024,89532730.0,4287830.0,2987988.0,2898016.0,9298608.0,-2970.0,3194622.0,131168067.0
0.0,KZN291,2020,404594884.0,12143220.0,11466984.0,11756014.0,22753760.0,-149746.0,8850735.0,525097495.0
0.0,KZN291,2021,256005150.0,4829128.0,17142180.0,-19104.0,15400236.0,352117.0,4759212.0,328763765.0
0.0,KZN291,2023,326492800.0,4328427.0,8667796.0,-3542816.0,5062257.0,-1008530.0,2197398.0,395309719.0
0.0,KZN291,2024,341364693.0,8002626.0,7397031.0,11757255.0,43608744.0,-66412.0,6080140.0,469478395.0
0.0,KZN292,2020,216512420.0,29048514.0,21399706.0,18745786.0,106858964.0,57664066.0,36670132.0,618741072.0
0.0,KZN292,2021,248988338.0,19953982.0,20282532.0,15822172.0,114423758.0,36115650.0,24713690.0,611398122.0
0.0,KZN292,2022,321409406.0,18898312.0,16870168.0,13551738.0,151427436.0,37543750.0,25379842.0,649340942.0
0.0,KZN292,2023,435647252.0,24450574.0,21021904.0,17170560.0,236084060.0,45154752.0,32198912.0,829831016.0
0.0,KZN292,2024,534274424.0,27393814.0,25273218.0,18197290.0,173752620.0,58283568.0,38049180.0,893827332.0
0.0,KZN293,2020,30844418.0,545390.0,467756.0,325165.0,1171073.0,-101162.0,574258.0,40378949.0
0.0,KZN293,2021,38329564.0,583623.0,1367200.0,-12433.0,1018783.0,-47400.0,674102.0,49955272.0
0.0,KZN293,2022,27796892.0,396217.0,641561.0,-772.0,6549080.0,-16924.0,414805.0,39917534.0
0.0,KZN293,2023,37740463.0,603092.0,1455817.0,-500.0,399154.0,70362.0,639702.0,49535423.0
0.0,KZN293,2024,44428654.0,570044.0,2560991.0,475762.0,1428441.0,-5914.0,570527.0,58689255.0
0.0,KZN294,2020,20055654.0,815562.0,885672.0,1303610.0,-7561395.0,-43870.0,561705.0,19661672.0
0.0,KZN294,2021,21188000.0,979523.0,3041350.0,-62301.0,-17832071.0,-76465.0,1006910.0,4921785.0
0.0,KZN294,2022,18012741.0,41123.0,138569.0,-74906.0,210925.0,-1030364.0,-290267.0,3430736.0
0.0,KZN294,2023,2171692.0,34218.0,37577.0,-1900.0,-68255.0,-114671.0,36626.0,3037868.0
0.0,KZN294,2024,2773671.0,588044.0,442697.0,435970.0,962008.0,108443.0,592854.0,11052959.0
0.0,KZN433,2020,67653512.0,4310600.0,5155602.0,2787298.0,28730940.0,12697440.0,5585114.0,140903474.0
0.0,KZN433,2021,72586942.0,4684742.0,3576974.0,3017072.0,41366704.0,15421642.0,8162838.0,164908054.0
0.0,KZN433,2022,68610060.0,4146500.0,3669386.0,3369618.0,41594752.0,16937474.0,5273026.0,155655190.0
0.0,KZN433,2023,74375428.0,3831408.0,2784364.0,2932492.0,46199276.0,23002786.0,4606936.0,160364024.0
0.0,KZN433,2024,85515826.0,4495658.0,3858152.0,3441386.0,49259162.0,19905572.0,6174670.0,176388554.0
0.0,KZN434,2020,84063299.0,5030458.0,4827768.0,6575635.0,7439587.0,6227761.0,5998690.0,151283244.0
0.0,KZN434,2021,78720879.0,2527031.0,2207866.0,2270728.0,3261755.0,2569555.0,2583811.0,110423225.0
0.0,KZN434,2022,90442396.0,2751978.0,2297138.0,2344239.0,3087457.0,2884950.0,2277130.0,121836842.0
0.0,KZN434,2023,105534016.0,2709333.0,2816052.0,2092193.0,5538312.0,2659599.0,2812633.0,140081840.0
0.0,KZN434,2024,118894186.0,6893178.0,6436466.0,7188528.0,10940420.0,5343206.0,6923449.0,197289088.0
-8860.0,KZN435,2020,13808558.0,631932.0,590618.0,557910.0,1404974.0,868674.0,680774.0,21106402.0
-53066.0,KZN435,2021,16430220.0,605770.0,580294.0,566364.0,2152664.0,642004.0,640242.0,28024716.0
-255698.0,KZN435,2022,19186486.0,544318.0,527006.0,516438.0,2046116.0,593292.0,561500.0,26605898.0
-1911046.0,KZN435,2023,22362520.0,573894.0,546172.0,538624.0,2259010.0,671196.0,624834.0,28102352.0
-392676.0,KZN435,2024,16768082.0,610028.0,548290.0,538670.0,2687452.0,751536.0,645434.0,23074642.0
0.0,KZN436,2020,84430531.0,3131171.0,2971019.0,2814529.0,-1924761.0,3758720.0,3494674.0,114607453.0
0.0,KZN436,2021,100997809.0,3061723.0,2908980.0,2806248.0,497995.0,3698956.0,3871120.0,133834533.0
0.0,KZN436,2022,114536289.0,2982801.0,2783842.0,2624996.0,1681428.0,3302358.0,2984899.0,146217427.0
0.0,KZN436,2023,129197086.0,3300829.0,3142919.0,3133642.0,2674145.0,3973731.0,3476183.0,164932637.0
0.0,KZN436,2024,167039102.0,4318053.0,4126169.0,4058897.0,61923.0,4836941.0,4459904.0,210735620.0
0.0,LIM331,2020,583439936.0,18974571.0,18095278.0,20923335.0,45317352.0,-58854.0,15875211.0,793610664.0
0.0,LIM331,2021,694178838.0,19978742.0,37671648.0,-39238.0,56924493.0,-161632.0,20741239.0,960462561.0
0.0,LIM331,2022,803989568.0,17010250.0,34383285.0,-66886.0,42331543.0,-409536.0,19600461.0,1055221122.0
0.0,LIM331,2023,951766969.0,18730183.0,37069994.0,-91276.0,45657961.0,-2178706.0,20129990.0,1198797929.0
0.0,LIM331,2024,1156129105.0,22535043.0,22157311.0,22026458.0,55101171.0,-2954520.0,23027110.0,1418866678.0
0.0,LIM332,2020,0.0,0.0,0.0,0.0,0.0,0.0,0.0,0.0
0.0,LIM332,2021,327370974.0,5756028.0,5721162.0,5424616.0,19520338.0,6918420.0,6211418.0,625927974.0
0.0,LIM332,2022,586870630.0,6030862.0,6002370.0,5511338.0,8017856.0,6011158.0,5420974.0,649698850.0
0.0,LIM332,2023,638714860.0,6288176.0,4613816.0,5513012.0,9140292.0,6381814.0,8199064.0,684099808.0
0.0,LIM332,2024,688478870.0,8708910.0,7302784.0,6908988.0,13062666.0,13492600.0,8275492.0,753438340.0
0.0,LIM333,2022,1415107012.0,58781418.0,37335226.0,39649665.0,239592169.0,48119227.0,51220316.0,1928052630.0
0.0,LIM333,2023,1633634950.0,49612868.0,50620519.0,43983131.0,255118042.0,56087853.0,49095104.0,2181044937.0
0.0,LIM333,2024,1905878651.0,55108248.0,43816643.0,43474102.0,287314213.0,57889908.0,52486730.0,2489188792.0
0.0,LIM334,2021,3274663936.0,49225426.0,52356478.0,49106418.0,176513060.0,63476914.0,50031972.0,3764796628.0
0.0,LIM334,2022,2156515033.0,37914805.0,67794648.0,826548.0,102934818.0,-35469.0,34925893.0,2638870466.0
0.0,LIM334,2023,3233734211.0,82962885.0,103767287.0,430213.0,505023981.0,632172.0,72034612.0,4341237845.0
0.0,LIM334,2024,4282634629.0,51388472.0,51356758.0,48022624.0,152733797.0,1490720.0,52105017.0,4929187794.0
0.0,LIM335,2020,0.0,0.0,0.0,0.0,0.0,0.0,0.0,0.0
0.0,LIM335,2022,237359952.0,11825804.0,11151974.0,10831346.0,22936556.0,15410594.0,12588854.0,373336304.0
0.0,LIM335,2023,324222460.0,12851736.0,12666172.0,14729576.0,28435806.0,16408284.0,13941554.0,434635120.0
0.0,LIM335,2024,378333098.0,16197380.0,14866892.0,14871122.0,44674048.0,21899416.0,17507160.0,522682546.0
-24484.0,LIM341,2020,112907580.0,6684000.0,7318756.0,5707454.0,19246454.0,10688928.0,9052678.0,190719188.0
1860.0,LIM341,2021,136685940.0,7017102.0,6220372.0,6747232.0,21393010.0,9721304.0,7698866.0,220739236.0
0.0,LIM341,2022,162332424.0,7098924.0,6234972.0,6170642.0,22383066.0,10034262.0,8591096.0,250758956.0
0.0,LIM341,2023,190096732.0,7388954.0,6772520.0,6244912.0,29244084.0,15015712.0,9662758.0,270488304.0
3956.0,LIM341,2024,218054218.0,9055608.0,8215028.0,7532238.0,35654424.0,13099628.0,10327636.0,308665584.0
0.0,LIM343,2020,967014264.0,21996876.0,20180036.0,20572552.0,41555830.0,22042860.0,21705408.0,1208248258.0
0.0,LIM343,2021,1143727512.0,19802316.0,19613914.0,19416444.0,26682408.0,22999392.0,20536262.0,1368431396.0
0.0,LIM343,2022,911448790.0,19260786.0,18626380.0,18243878.0,14098206.0,20475158.0,19739604.0,1110727214.0
0.0,LIM343,2023,650185312.0,18586620.0,18046838.0,17839514.0,34410356.0,19361688.0,18714852.0,1103919574.0
1184.0,LIM343,2024,1128199376.0,19832208.0,19615126.0,19277534.0,26372282.0,20860112.0,20208464.0,1277063094.0
0.0,LIM344,2021,453636418.0,20955482.0,19556808.0,16583784.0,80519422.0,28061286.0,22922046.0,721326852.0
0.0,LIM344,2022,530695728.0,27347280.0,33429588.0,16436100.0,250949746.0,26089632.0,22408526.0,985291494.0
0.0,LIM344,2023,731979934.0,18327424.0,17859070.0,16579420.0,63236030.0,22075256.0,22873610.0,915009576.0
3004.0,LIM344,2024,814311348.0,26220018.0,18685386.0,17136972.0,103849118.0,28338738.0,21461276.0,1049473920.0
0.0,LIM345,2020,154525638.0,5231608.0,5153892.0,5102348.0,161665098.0,5666432.0,5223014.0,367751298.0
0.0,LIM345,2021,359270632.0,5293302.0,5759770.0,5877256.0,5888806.0,5422614.0,5381552.0,420986706.0
0.0,LIM345,2022,353498294.0,7122872.0,7122558.0,6975910.0,11456696.0,7375096.0,7595948.0,471364074.0
-39356.0,LIM345,2023,463006750.0,7516588.0,6694722.0,6582772.0,7963288.0,7029432.0,6864834.0,512295648.0
27180.0,LIM345,2024,527073312.0,8228034.0,8213032.0,7986204.0,9817714.0,9013658.0,8392742.0,586482320.0
0.0,LIM351,2020,167201368.0,2625014.0,34741012.0,0.0,2462086.0,4043358.0,1375228.0,212448066.0
0.0,LIM351,2021,197491684.0,2440758.0,56660002.0,0.0,3008388.0,3699664.0,1592256.0,264892752.0
0.0,LIM351,2022,77064227.0,1329614.0,30909086.0,0.0,2456844.0,987194.0,1108156.0,113855121.0
0.0,LIM351,2023,177476154.0,3557063.0,3565138.0,3485481.0,4654628.0,3802816.0,5591262.0,234395387.0
0.0,LIM351,2024,181158747.0,3698961.0,3433565.0,3688126.0,4812111.0,4834317.0,4031932.0,277019744.0
0.0,LIM353,2020,0.0,200709896.0,0.0,0.0,8468362.0,3646460.0,3593482.0,216418200.0
0.0,LIM353,2021,0.0,173495018.0,0.0,0.0,12980528.0,6607810.0,6469116.0,199552472.0
0.0,LIM353,2022,0.0,212899608.0,0.0,0.0,5678924.0,5604984.0,5592532.0,229776048.0
0.0,LIM353,2023,0.0,198000446.0,0.0,0.0,5746940.0,5092848.0,5019416.0,213859650.0
0.0,LIM353,2024,0.0,234961462.0,0.0,0.0,8729656.0,4199184.0,4127206.0,252017508.0
0.0,LIM354,2020,1866508834.0,113244862.0,82719680.0,77237234.0,301949576.0,137049792.0,108175836.0,3051134360.0
0.0,LIM354,2021,1813370598.0,71748440.0,65282594.0,64577202.0,528730252.0,121661422.0,86086482.0,3040311460.0
0.0,LIM354,2022,2214481718.0,142111308.0,75989954.0,73359692.0,483751134.0,137987600.0,99039368.0,3569277440.0
0.0,LIM354,2023,2712264900.0,152855958.0,90284822.0,79608070.0,402348368.0,150506392.0,106307090.0,3763639550.0
700.0,LIM354,2024,2950197824.0,113172014.0,91342360.0,86388238.0,418574252.0,175276054.0,131270376.0,4052210402.0
0.0,LIM355,2021,1248392368.0,27136852.0,27074398.0,30294160.0,32473380.0,36051538.0,29317212.0,1588358578.0
0.0,LIM355,2022,1492562298.0,29445928.0,28824232.0,30332046.0,33145180.0,29206332.0,28773298.0,1841693424.0
0.0,LIM355,2023,1730970674.0,30811460.0,31455110.0,31396682.0,34736414.0,34125492.0,32966120.0,2111367294.0
0.0,LIM355,2024,2024692198.0,32960636.0,32560026.0,35382574.0,35573956.0,32843408.0,33897426.0,2420579410.0
0.0,LIM361,2020,643736054.0,28357610.0,21761486.0,21700406.0,70168436.0,27763386.0,25757556.0,923048828.0
0.0,LIM361,2021,778508538.0,24340228.0,25335346.0,20625772.0,56383344.0,30374406.0,29960162.0,1070439498.0
0.0,LIM361,2022,940186118.0,26535632.0,25832060.0,27198570.0,47906822.0,29674096.0,28104312.0,1239622404.0
0.0,LIM361,2023,1186179314.0,27005766.0,30754368.0,27742860.0,49884452.0,66912332.0,27946500.0,1440087382.0
0.0,LIM361,2024,1387403170.0,32091186.0,29787910.0,28250036.0,48663314.0,41933164.0,34293380.0,1629914988.0
0.0,LIM362,2021,624390867.0,24506560.0,25668803.0,21653538.0,103778150.0,31964456.0,25068617.0,878202762.0
0.0,LIM362,2023,869613083.0,32808511.0,25852748.0,25254827.0,126240019.0,40871348.0,42305101.0,1184779816.0
0.0,LIM362,2024,1127900091.0,41460616.0,40493490.0,40695945.0,146129738.0,50037550.0,42441388.0,1524712345.0
0.0,LIM366,2022,400651652.0,20477352.0,12335688.0,11439664.0,38477368.0,16600524.0,14105028.0,564879746.0
0.0,LIM366,2023,523702698.0,19971272.0,16810738.0,15641154.0,65539726.0,21837862.0,21495678.0,699562206.0
0.0,LIM366,2024,595716264.0,19279120.0,19095230.0,17364466.0,67688702.0,23124150.0,19112708.0,768147012.0
0.0,LIM367,2020,0.0,46894836.0,1761607474.0,0.0,102266684.0,79210082.0,63490922.0,2053469998.0
0.0,LIM367,2021,0.0,46661126.0,2034899448.0,0.0,90141078.0,79919684.0,52003088.0,2303624424.0
0.0,LIM367,2022,1988702888.0,43607980.0,43930478.0,41407636.0,163111842.0,47943798.0,53969410.0,2629571566.0
0.0,LIM367,2023,2365386210.0,52337566.0,50299871.0,37595804.0,105460242.0,71356704.0,52082597.0,2982966558.0
0.0,LIM367,2024,1933188605.0,42783660.0,49272371.0,44694001.0,199947087.0,183657740.0,49913257.0,2951456458.0
168832.0,LIM368,2020,873437756.0,34857486.0,34227450.0,32928444.0,48255872.0,37808496.0,35799338.0,1252538644.0
20.0,LIM368,2022,1216365310.0,37181400.0,35144348.0,34812658.0,49649924.0,39353660.0,52710938.0,1629755482.0
1234096.0,LIM368,2024,2043333576.0,75175474.0,68112276.0,62044514.0,113050498.0,96651132.0,155646640.0,2664300634.0
0.0,LIM471,2020,210673066.0,5447728.0,4957516.0,4891268.0,18194288.0,6409024.0,5786004.0,280108030.0
0.0,LIM471,2022,287960902.0,5955076.0,5754628.0,5654994.0,19074750.0,6587886.0,6086836.0,364290424.0
0.0,LIM471,2023,0.0,0.0,0.0,0.0,0.0,0.0,0.0,0.0
0.0,LIM471,2024,326160466.0,7778394.0,7453472.0,7268532.0,33996084.0,8633600.0,7809386.0,406359122.0
0.0,LIM472,2020,145391856.0,6091904.0,5465282.0,5139434.0,23266186.0,9845092.0,6819740.0,225826178.0
0.0,LIM472,2021,162642096.0,6990038.0,6644628.0,6207778.0,26344780.0,13401466.0,7024140.0,258071900.0
0.0,LIM472,2022,222353220.0,7029996.0,7244278.0,6658434.0,28750438.0,12420870.0,7402462.0,322550416.0
0.0,LIM472,2023,297533664.0,7966224.0,8839118.0,7318356.0,27506428.0,13125956.0,8953910.0,378244798.0
0.0,LIM472,2024,346205710.0,8399342.0,8187482.0,8093544.0,32514728.0,18389206.0,9189836.0,438928934.0
0.0,LIM473,2020,775299693.0,12708130.0,12795043.0,13171854.0,23974157.0,-3866.0,11963030.0,926532185.0
0.0,LIM473,2021,910642821.0,12859064.0,24622261.0,0.0,25826000.0,-3200.0,12784807.0,1069940196.0
0.0,LIM473,2022,141404353.0,7521985.0,5866332.0,-4058.0,16300043.0,-194606.0,10385337.0,199451276.0
0.0,LIM473,2023,152556805.0,5448229.0,10276146.0,-3294.0,13166340.0,-3226.0,8360634.0,209411707.0
0.0,LIM473,2024,68759810.0,4086537.0,3399889.0,3698612.0,10729199.0,-1556675.0,3729818.0,106551472.0
0.0,LIM476,2020,0.0,29019328.0,949221874.0,0.0,25587539.0,19442999.0,17683708.0,1040955448.0
540.0,LIM476,2022,839900912.0,15716848.0,13440440.0,12786040.0,34721828.0,17023944.0,15776460.0,1009446424.0
0.0,LIM476,2023,0.0,0.0,0.0,0.0,0.0,0.0,0.0,0.0
474.0,LIM476,2024,767893260.0,25106414.0,23466974.0,21897314.0,3062.0,45973940.0,28633858.0,932667410.0
13440432776.0,MAN,2020,7908578012.0,350449838.0,386024412.0,302987238.0,1561510728.0,294030114.0,369958052.0,13440432776.0
0.0,MAN,2021,9028310434.0,357236230.0,343353558.0,330106798.0,1268002072.0,425845642.0,376260810.0,14138995374.0
0.0,MAN,2022,10098520096.0,374316972.0,300653242.0,305044322.0,1836558724.0,368395460.0,698219260.0,15908927268.0
0.0,MAN,2023,12663809280.0,476784616.0,444727874.0,483457030.0,1467424598.0,463947788.0,471472074.0,19203215292.0
731706686.0,MAN,2024,14982089008.0,571241464.0,706308706.0,504388444.0,2055739456.0,559372084.0,642567560.0,22306827600.0
0.0,MP301,2020,1649684990.0,28521972.0,27861484.0,28069350.0,49417691.0,28836768.0,28712876.0,1868871823.0
0.0,MP301,2021,1604852984.0,29611292.0,29179080.0,28545708.0,66174572.0,31143944.0,29552712.0,1847848684.0
0.0,MP301,2022,922888555.0,19606758.0,18622124.0,17464067.0,55452604.0,21748334.0,20241391.0,1093323085.0
0.0,MP301,2024,894462196.0,19703916.0,18809078.0,18012716.0,34039946.0,22066426.0,19313616.0,1043274182.0
0.0,MP302,2020,968914846.0,25657134.0,23136014.0,33076170.0,79673172.0,38366468.0,25030222.0,1303308652.0
0.0,MP302,2021,840420282.0,24425990.0,23161350.0,21339778.0,74156510.0,37045438.0,28885008.0,1576510990.0
0.0,MP302,2022,1419009290.0,40114690.0,35452220.0,32835976.0,96600318.0,55589862.0,39887654.0,1905198698.0
0.0,MP302,2023,1706469926.0,44141332.0,41386216.0,44427174.0,104543642.0,54236498.0,46763062.0,2273312400.0
0.0,MP302,2024,2018326828.0,51376238.0,47560710.0,44181382.0,114039408.0,57616895.0,50134060.0,2638336168.0
0.0,MP303,2020,729616982.0,22497426.0,22252202.0,22350398.0,42914726.0,26810764.0,24931140.0,994059910.0
0.0,MP303,2021,901434678.0,23197384.0,22283860.0,22853826.0,41471372.0,26954450.0,25415836.0,1163897470.0
0.0,MP303,2022,1084342760.0,24995650.0,23702666.0,24162450.0,44269428.0,32189400.0,25467946.0,1370579988.0
0.0,MP303,2023,1381512708.0,26841630.0,26211694.0,27016716.0,47674086.0,30748098.0,29339260.0,1594656022.0
0.0,MP303,2024,1609831828.0,29589826.0,29171806.0,29433290.0,51457144.0,35108344.0,31009108.0,1843425062.0
0.0,MP304,2020,1081127070.0,26681328.0,25773704.0,24394466.0,43467996.0,33257488.0,26822058.0,1380153102.0
0.0,MP304,2021,1351238484.0,25158576.0,25296162.0,24834074.0,33451302.0,29900344.0,26656170.0,1634368258.0
0.0,MP304,2022,1602066178.0,25003346.0,23529070.0,23401274.0,55791232.0,24149852.0,22738732.0,1897701234.0
296412.0,MP304,2023,1871810704.0,27451894.0,24802312.0,24860210.0,34910154.0,28248052.0,24643146.0,2061611550.0
2456.0,MP304,2024,2119230192.0,30358768.0,28535756.0,30073168.0,35195598.0,31167098.0,31319496.0,2338255358.0
116.0,MP305,2020,1765673098.0,53079756.0,46771850.0,42839802.0,102312386.0,76145790.0,73005788.0,2371191404.0
0.0,MP305,2021,2136087266.0,56408110.0,55990736.0,61456142.0,124785854.0,71218382.0,63055980.0,2797297294.0
0.0,MP305,2022,2557037642.0,62125094.0,60207732.0,64779110.0,121679446.0,79523924.0,68281346.0,3282361148.0
0.0,MP305,2023,3203667498.0,67729188.0,63549012.0,61877856.0,149612432.0,86761462.0,76385686.0,3766997922.0
1327668.0,MP305,2024,3192529300.0,319530674.0,265599574.0,67520072.0,185446064.0,155924360.0,111588050.0,4362333328.0
0.0,MP306,2020,794255460.0,16609126.0,18868762.0,15816618.0,33808082.0,17016476.0,16646722.0,983922326.0
0.0,MP306,2021,940133256.0,17521544.0,17482932.0,17523682.0,23688016.0,18815138.0,19108576.0,1138060190.0
0.0,MP306,2022,1120187442.0,20268024.0,19912310.0,19440742.0,34635288.0,32969324.0,20349526.0,1363766442.0
0.0,MP306,2023,1378671982.0,20931562.0,21051954.0,20630042.0,24478752.0,22852730.0,22165570.0,1531017162.0
0.0,MP306,2024,1530850188.0,23508544.0,23760670.0,24125900.0,39051140.0,25970676.0,24290096.0,1713841808.0
0.0,MP307,2021,3780914522.0,129380270.0,122343492.0,109088726.0,273117234.0,162419348.0,133973090.0,5209574510.0
0.0,MP307,2022,4400905042.0,133385134.0,125743822.0,121557458.0,284808376.0,167262168.0,142101642.0,5940689314.0
0.0,MP307,2024,6856778666.0,181363188.0,160075280.0,166779906.0,153078122.0,190645540.0,182458148.0,8239510020.0
5235032.0,MP311,2020,1227832222.0,33059546.0,34161092.0,29847702.0,54209968.0,35878858.0,33979124.0,1591542132.0
374136.0,MP311,2022,1326784412.0,28424736.0,28078414.0,26217946.0,67455778.0,34177816.0,29149222.0,1672575762.0
123652.0,MP311,2023,1502419178.0,30568126.0,28289736.0,27217134.0,74325146.0,37927250.0,32492416.0,1760338202.0
0.0,MP312,2020,6710909835.0,212671014.0,196527202.0,227759311.0,253437643.0,230221083.0,203038701.0,9311476468.0
0.0,MP312,2022,0.0,0.0,0.0,0.0,0.0,0.0,0.0,0.0
-207154866.0,MP312,2023,13037845486.0,216174766.0,209267946.0,202341416.0,610177926.0,247149480.0,224063660.0,14945450628.0
0.0,MP313,2020,105558548.0,19661698.0,15903794.0,13281418.0,138574150.0,27902802.0,18417126.0,418498362.0
0.0,MP313,2021,194300002.0,16299230.0,12256836.0,11450840.0,151268538.0,29048476.0,19649238.0,483644072.0
304.0,MP313,2022,254970904.0,22034454.0,18148348.0,16885062.0,163646566.0,34791868.0,28521268.0,621516778.0
0.0,MP313,2023,411344310.0,26879334.0,30223714.0,18819868.0,177602856.0,47259786.0,29930666.0,763496408.0
0.0,MP313,2024,524612196.0,34182702.0,27672334.0,24417702.0,183799604.0,47794278.0,33365826.0,907724624.0
0.0,MP314,2020,343220970.0,14191664.0,15818078.0,10690896.0,41272282.0,15889904.0,15217836.0,527319138.0
0.0,MP314,2022,523146236.0,17256800.0,16118924.0,15113034.0,25422014.0,20060328.0,17696194.0,707305426.0
0.0,MP314,2023,720871084.0,17311148.0,19523608.0,16476956.0,26246094.0,19918422.0,18499760.0,854162732.0
0.0,MP314,2024,781131702.0,18979400.0,18921050.0,18481656.0,172237972.0,21391612.0,19744694.0,1087419896.0
548766.0,MP315,2020,2088369160.0,33028750.0,32847726.0,32349630.0,34612368.0,33179092.0,33171922.0,2451435966.0
1146.0,MP315,2022,2517814218.0,40790618.0,40561992.0,43387786.0,353514636.0,41209534.0,40995872.0,3276613466.0
1496.0,MP315,2023,3428256182.0,46528972.0,46251742.0,45990740.0,50004524.0,47749096.0,46824800.0,3757384168.0
-138168.0,MP315,2024,4023999786.0,55310770.0,55016530.0,54783346.0,58209874.0,56191606.0,55693190.0,4414997208.0
0.0,MP316,2020,905075278.0,34274944.0,27750356.0,28961254.0,34218300.0,32622222.0,32140900.0,1255199106.0
0.0,MP316,2021,562811826.0,17668992.0,22883164.0,22351498.0,28625836.0,18397960.0,20891344.0,822215962.0
0.0,MP316,2022,790927686.0,29753568.0,29242572.0,34684492.0,37062096.0,33798010.0,19773516.0,1096769210.0
0.0,MP316,2023,0.0,0.0,0.0,0.0,0.0,0.0,0.0,0.0
0.0,MP316,2024,1433432042.0,47486156.0,35602892.0,34802762.0,48146470.0,44506708.0,50174812.0,1722591324.0
366.0,MP321,2020,606769542.0,28071028.0,22231332.0,29099456.0,44643414.0,34991880.0,31634392.0,918205500.0
1354.0,MP321,2021,788483188.0,22589390.0,22003372.0,20168438.0,53808308.0,29079530.0,29735656.0,1064226122.0
0.0,MP321,2022,918188360.0,24417958.0,23049156.0,21713862.0,52526124.0,29042646.0,25018436.0,1198922038.0
482.0,MP321,2023,1157872446.0,26426906.0,25603134.0,23623700.0,50535478.0,30961468.0,26849142.0,1364531444.0
5710.0,MP321,2024,1357906106.0,36555966.0,30602116.0,29102644.0,68278838.0,36547902.0,33207844.0,1618890020.0
0.0,MP324,2020,0.0,178003240.0,0.0,0.0,33288813.0,14579223.0,12464599.0,238335875.0
0.0,MP324,2021,138683664.0,9175384.0,8522761.0,8277018.0,46852084.0,11574804.0,10628691.0,272463406.0
0.0,MP324,2022,126932861.0,6048561.0,6447424.0,5796748.0,56903951.0,9982781.0,8222334.0,252682032.0
0.0,MP324,2023,155473517.0,10585974.0,10387520.0,9103446.0,49553951.0,12954315.0,13733280.0,317834089.0
0.0,MP324,2024,161657992.0,8175742.0,8006708.0,7469185.0,58062926.0,9376524.0,8900259.0,298798152.0
0.0,MP325,2020,2619306794.0,60456701.0,59567188.0,24593289.0,75432121.0,57486.0,38221716.0,3252476546.0
0.0,MP325,2021,2971856387.0,49597452.0,99802545.0,137177.0,102488660.0,99548.0,52056187.0,3603641906.0
0.0,MP325,2022,3145446365.0,58149682.0,114784557.0,76744.0,122388865.0,-246098.0,58899319.0,3877472909.0
0.0,MP325,2023,3637950365.0,70713448.0,137392061.0,787228.0,154091807.0,976572.0,72378734.0,4526152978.0
0.0,MP325,2024,4053374086.0,69788651.0,71080037.0,69753032.0,162692846.0,742424.0,72594461.0,4916369640.0
0.0,MP326,2020,0.0,44037749.0,119949246.0,213541851.0,161739759.0,49342261.0,49258759.0,637869625.0
0.0,MP326,2021,0.0,31708364.0,79509183.0,111174770.0,175827588.0,51186171.0,37346475.0,486752551.0
0.0,MP326,2022,0.0,32331685.0,80445560.0,125290571.0,215585977.0,53340408.0,39147407.0,546141608.0
0.0,MP326,2023,0.0,69976405.0,211603623.0,226820794.0,206177174.0,43229314.0,36691265.0,794498575.0
0.0,MP326,2024,0.0,37139503.0,235576134.0,417343606.0,231321473.0,51542414.0,41810859.0,1014733989.0
1245372.0,NC061,2020,158239246.0,3162402.0,3031498.0,2930534.0,47221114.0,4785636.0,3742550.0,228187658.0
0.0,NC061,2021,-1381854.0,3087862.0,3395882.0,3196984.0,6244990.0,3559482.0,3299152.0,223346500.0
0.0,NC061,2023,197295498.0,3581190.0,8270894.0,3504822.0,52093612.0,4387212.0,3881612.0,292545126.0
0.0,NC061,2024,241144352.0,4198012.0,3928396.0,3748796.0,8609928.0,4960812.0,4237918.0,287035126.0
0.0,NC062,2020,373538402.0,11380598.0,8650702.0,7992214.0,31150154.0,11404398.0,10339390.0,513454470.0
0.0,NC062,2021,434008512.0,10101506.0,10889438.0,8222164.0,35547366.0,16928802.0,10364864.0,588888240.0
0.0,NC062,2022,477580584.0,11842460.0,12489568.0,17892608.0,35824042.0,18561090.0,18144150.0,659654352.0
0.0,NC062,2023,585102424.0,11749924.0,14164680.0,11161272.0,39942110.0,17084436.0,13349850.0,776025450.0
0.0,NC062,2024,684727226.0,13324284.0,13223314.0,11454496.0,74764124.0,17676608.0,14378836.0,841179016.0
0.0,NC064,2020,0.0,0.0,0.0,0.0,7935352.0,3718105.0,219703954.0,231357411.0
0.0,NC064,2022,0.0,0.0,0.0,0.0,6871713.0,3628888.0,235761641.0,246262242.0
0.0,NC064,2023,0.0,0.0,0.0,0.0,7644731.0,3414337.0,248933568.0,259992636.0
0.0,NC065,2020,10220708.0,360976.0,352748.0,270840.0,1353725.0,453172.0,421932.0,15388544.0
0.0,NC065,2021,20171194.0,360976.0,352748.0,270840.0,1353725.0,453172.0,421932.0,25339030.0
0.0,NC065,2022,101844701.0,3379736.0,3378426.0,3119562.0,14187824.0,4095011.0,3903278.0,157868694.0
0.0,NC065,2023,133213706.0,4668910.0,4918648.0,4557322.0,9801662.0,5445584.0,5017356.0,196715320.0
0.0,NC065,2024,158283460.0,4484672.0,4488496.0,4135574.0,10634592.0,5663952.0,5005712.0,224078256.0
0.0,NC066,2020,91076170.0,1564904.0,1626489.0,1554780.0,8201116.0,1559819.0,1596425.0,108860937.0
0.0,NC066,2021,90528472.0,1951022.0,1830407.0,1913276.0,3539604.0,2146012.0,1939872.0,105641565.0
0.0,NC066,2022,101310739.0,2069171.0,2049472.0,2042567.0,6480101.0,2212394.0,2237672.0,120327303.0
0.0,NC066,2023,65355983.0,2071750.0,1959073.0,1871941.0,6842930.0,8721209.0,2283330.0,90881825.0
0.0,NC066,2024,82858886.0,2159479.0,2334498.0,2060365.0,7929554.0,2247035.0,2316601.0,103899301.0
0.0,NC067,2020,114372978.0,2398246.0,2602590.0,2403262.0,6373564.0,2413602.0,2314742.0,135033762.0
0.0,NC067,2021,136979702.0,2616422.0,2796480.0,2234144.0,8981404.0,2882494.0,2696750.0,161613258.0
0.0,NC067,2022,165189390.0,2748122.0,2606204.0,2530070.0,7075218.0,2879014.0,2809398.0,188361906.0
0.0,NC067,2023,194794542.0,3218574.0,3626340.0,3147076.0,8895358.0,3750190.0,3429094.0,224061804.0
0.0,NC067,2024,181265088.0,5050132.0,4043732.0,3958696.0,10206600.0,4634946.0,4283730.0,217087114.0
0.0,NC071,2020,131075234.0,7692414.0,6511470.0,6158866.0,13510052.0,8032178.0,7374438.0,209090934.0
0.0,NC071,2022,158190142.0,5512350.0,5433410.0,5247448.0,20964062.0,9950652.0,5863816.0,252591320.0
0.0,NC071,2023,283440966.0,7542554.0,8237528.0,6874705.0,39305610.0,8151401.0,7710803.0,369875765.0
0.0,NC071,2024,366637838.0,6582899.0,6892483.0,6422923.0,18950488.0,7974961.0,7349183.0,426806090.0
0.0,NC072,2020,160868670.0,3138343.0,2985441.0,4700171.0,4989023.0,3874063.0,3228912.0,204639102.0
0.0,NC072,2021,374053788.0,8940998.0,8554610.0,10922168.0,6613636.0,16733369.0,9485390.0,483256592.0
0.0,NC072,2022,439701847.0,11354844.0,9439439.0,9475034.0,7374608.0,10915344.0,10970389.0,568489270.0
0.0,NC072,2024,628050067.0,13814163.0,13987876.0,13349539.0,13365554.0,18050309.0,16198083.0,807223897.0
0.0,NC073,2020,30528069.0,2411204.0,2494202.0,2406550.0,6869819.0,2943743.0,1797819.0,61466484.0
0.0,NC073,2021,228410100.0,9725922.0,10002204.0,8774422.0,0.0,18801280.0,10249934.0,360002584.0
0.0,NC073,2022,0.0,0.0,0.0,0.0,14722486.0,15952164.0,536961644.0,567636294.0
0.0,NC073,2023,452771964.0,11949224.0,12509493.0,9623303.0,56991773.0,21345091.0,14878557.0,612463605.0
0.0,NC073,2024,317980034.0,22780318.0,40776946.0,17562811.0,38210165.0,8842518.0,19915687.0,553346988.0
0.0,NC074,2021,12982174.0,13004392.0,5433142.0,706522.0,5113308.0,1962996.0,1153350.0,44024140.0
0.0,NC074,2022,36834957.0,1276907.0,1261317.0,1098048.0,9581717.0,1410495.0,1670779.0,54305078.0
0.0,NC075,2020,0.0,127088654.0,0.0,0.0,3377019.0,3241458.0,2727956.0,136435087.0
0.0,NC075,2021,0.0,163531615.0,0.0,0.0,3676029.0,3215928.0,4176672.0,174600244.0
0.0,NC075,2022,0.0,163531615.0,0.0,0.0,3676029.0,3215928.0,4176672.0,174600244.0
0.0,NC075,2023,0.0,163531615.0,0.0,0.0,3676029.0,3215928.0,4176672.0,174600244.0
0.0,NC075,2024,0.0,163531615.0,0.0,0.0,3676029.0,3215928.0,4176672.0,174600244.0
0.0,NC076,2020,0.0,2696969.0,2458313.0,107557566.0,4714312.0,3174490.0,2777756.0,123379406.0
0.0,NC076,2021,124415749.0,2771731.0,2826726.0,3079091.0,8148814.0,3257851.0,3253106.0,150796092.0
0.0,NC076,2022,164746064.0,4572065.0,4772839.0,4428782.0,12881110.0,4839124.0,4655940.0,205382968.0
0.0,NC076,2023,210181620.0,5234818.0,5115422.0,5037756.0,13775255.0,5849306.0,5398394.0,256167532.0
0.0,NC077,2022,288254074.0,5041001.0,5384942.0,5063362.0,16406200.0,5522071.0,5144887.0,336119339.0
0.0,NC077,2023,341787754.0,6859667.0,7104721.0,6690962.0,21020016.0,7763388.0,7174059.0,405054042.0
0.0,NC078,2020,232599958.0,7997898.0,7583832.0,6951792.0,11332074.0,8389042.0,8150168.0,361723102.0
0.0,NC078,2022,261818919.0,5426022.0,4059650.0,4900539.0,17133369.0,5387555.0,5146524.0,309276522.0
0.0,NC078,2023,113971015.0,7555214.0,7306655.0,7510073.0,17709544.0,7912255.0,7539434.0,176809708.0
0.0,NC082,2020,239733412.0,6470840.0,6439036.0,6513072.0,17696560.0,9579720.0,6929102.0,337843346.0
0.0,NC082,2021,426565249.0,21556189.0,6555348.0,17736565.0,18666073.0,9838455.0,24255261.0,531278954.0
0.0,NC082,2023,484449393.0,13106704.0,13367576.0,7134949.0,131451097.0,85370378.0,11976947.0,753921800.0
0.0,NC084,2020,83570919.0,1423546.0,1318359.0,1245233.0,-1336670.0,1231982.0,1142951.0,98960918.0
0.0,NC084,2021,104666179.0,1240665.0,1308595.0,1310001.0,64082.0,1231808.0,1274835.0,123000998.0
0.0,NC084,2022,126594359.0,1759007.0,1773300.0,1891991.0,-1263032.0,1668763.0,1600801.0,150308168.0
0.0,NC084,2023,164285945.0,1343831.0,2640466.0,72377.0,-1516636.0,52984.0,1355553.0,185871752.0
0.0,NC084,2024,192619935.0,1536154.0,1550133.0,1607944.0,-3882804.0,1395114.0,1422199.0,211134925.0
0.0,NC085,2020,386297812.0,16082238.0,12510654.0,12539480.0,28287240.0,13608816.0,11880914.0,604746448.0
0.0,NC085,2022,642299559.0,17935947.0,14157579.0,13368579.0,44717369.0,17293112.0,16206508.0,779400084.0
0.0,NC086,2021,74401761.0,3904383.0,6430372.0,-4109.0,12269113.0,-1720.0,4396897.0,125590527.0
0.0,NC086,2022,91470253.0,8326771.0,16400393.0,251704.0,0.0,0.0,1420.0,138879613.0
0.0,NC086,2023,84319931.0,4229795.0,7591855.0,-8867.0,18224755.0,-16268.0,6051922.0,144826547.0
0.0,NC086,2024,100124936.0,-6071208.0,4007442.0,4071602.0,14365965.0,-5576.0,7126144.0,145072149.0
0.0,NC087,2020,99939013.0,8180001.0,7781816.0,8064995.0,80347349.0,11240571.0,9205530.0,291429151.0
-2962172.0,NC087,2021,196846368.0,11044098.0,9571450.0,8536068.0,71650294.0,16614038.0,13515498.0,419857628.0
0.0,NC087,2022,283953722.0,12764920.0,12963564.0,10667534.0,95890270.0,21328636.0,14412552.0,493892604.0
0.0,NC087,2023,428804538.0,18815202.0,15369830.0,13977244.0,94047832.0,24243778.0,22859822.0,632258042.0
0.0,NC087,2024,530686852.0,25149862.0,23372882.0,18485022.0,107341586.0,69755866.0,27434546.0,878950882.0
0.0,NC091,2020,3134286127.0,101553004.0,98974977.0,93702716.0,389449076.0,106642353.0,111054554.0,4677812702.0
0.0,NC091,2021,0.0,4155823746.0,0.0,0.0,562214857.0,142876187.0,120215157.0,4981129947.0
0.0,NC091,2022,0.0,5237946282.0,0.0,0.0,510384562.0,131772256.0,122679240.0,6002782340.0
238137606.0,NC091,2023,0.0,6171085690.0,0.0,0.0,380267730.0,161531058.0,190857290.0,6903741768.0
0.0,NC091,2024,5085272691.0,141699222.0,200611838.0,125409585.0,327179756.0,188091628.0,171132636.0,7087283790.0
0.0,NC092,2020,1056930092.0,25709526.0,66149278.0,45921142.0,23323972.0,24858616.0,26283718.0,1293598490.0
0.0,NC092,2021,1037978550.0,66513928.0,46191380.0,25951988.0,25217318.0,26778402.0,26091632.0,1278598200.0
0.0,NC092,2022,1318651959.0,30022268.0,23109836.0,22854681.0,43000291.0,23835971.0,23715707.0,1509024235.0
0.0,NC092,2024,1788367798.0,23805485.0,24276394.0,24675549.0,60127267.0,26090913.0,24696955.0,1995544975.0
0.0,NC093,2020,0.0,0.0,0.0,0.0,10455215.0,0.0,0.0,10455215.0
0.0,NC093,2021,533714693.0,8969808.0,8910305.0,9190621.0,10547244.0,10535048.0,9190869.0,646359909.0
0.0,NC093,2022,574474807.0,9514629.0,9515608.0,9660071.0,8242823.0,9512621.0,7613638.0,684314051.0
0.0,NC093,2023,686286246.0,9676592.0,9513842.0,9560498.0,10140084.0,10144840.0,10159230.0,796591472.0
0.0,NC093,2024,732507367.0,9537200.0,9532788.0,9450171.0,10876371.0,9716958.0,9621148.0,846782474.0
0.0,NC094,2020,992425170.0,25620354.0,26532702.0,26340550.0,40365090.0,20722420.0,24163354.0,1301490734.0
0.0,NC094,2021,0.0,0.0,0.0,0.0,0.0,0.0,0.0,0.0
0.0,NC094,2022,0.0,0.0,0.0,0.0,0.0,0.0,0.0,0.0
0.0,NC094,2023,1872397438.0,32660552.0,31559880.0,32445246.0,45747386.0,35853938.0,37111640.0,2118570336.0
0.0,NC094,2024,2192163384.0,37967676.0,40917932.0,35900922.0,0.0,82220120.0,38401552.0,2464710090.0
0.0,NC451,2020,209202609.0,50512116.0,10509871.0,2852693.0,13618825.0,10890260.0,10866151.0,325031596.0
0.0,NC451,2021,521843573.0,11633297.0,9910084.0,11043583.0,39714628.0,13454843.0,10141831.0,629228027.0
0.0,NC451,2022,414475458.0,8619335.0,10211620.0,10814685.0,176920041.0,14095135.0,11518787.0,657036952.0
0.0,NC451,2023,684840620.0,13125429.0,13461061.0,14899251.0,60770534.0,12724307.0,12361910.0,840446576.0
0.0,NC451,2024,883109115.0,22464926.0,24118725.0,22376821.0,22525000.0,23073213.0,22149605.0,1041799169.0
5600.0,NC452,2020,186690578.0,7329808.0,9280118.0,5981540.0,22837600.0,9081720.0,8297040.0,319554966.0
0.0,NC452,2021,148618732.0,9232502.0,8138008.0,9080746.0,19125576.0,11686760.0,9871092.0,260614014.0
0.0,NC452,2022,158819398.0,7697232.0,7237618.0,6905686.0,22184158.0,17043914.0,9312312.0,260537238.0
0.0,NC452,2023,199345228.0,9414634.0,8874992.0,8237668.0,34568382.0,13318142.0,10770912.0,304445722.0
0.0,NC452,2024,220827410.0,14407974.0,11202810.0,9731724.0,41837260.0,20345426.0,18740856.0,347224746.0
0.0,NC453,2020,41581105.0,14828583.0,40026604.0,12651516.0,-9884662.0,15744559.0,16334526.0,274983381.0
0.0,NC453,2021,331161307.0,16030346.0,17464169.0,13558246.0,19825005.0,20806147.0,20932011.0,527641904.0
0.0,NC453,2022,362124737.0,18932940.0,18694440.0,19759111.0,37487644.0,24075819.0,20420656.0,606546409.0
0.0,NC453,2023,509461992.0,65280781.0,20355739.0,19485106.0,63654587.0,50395281.0,43638304.0,903544891.0
0.0,NC453,2024,671295502.0,43380274.0,28945416.0,24303369.0,28080458.0,38304858.0,41478779.0,1090084003.0
398656972.0,NMA,2021,0.0,5648827305.0,0.0,0.0,1614940804.0,350854954.0,248870856.0,7863493919.0
528847563.0,NMA,2022,0.0,8394317394.0,0.0,0.0,1447524862.0,437560495.0,419191223.0,10698593974.0
678942753.0,NMA,2023,0.0,12122744704.0,0.0,0.0,1784850476.0,702921686.0,1508332852.0,16118849718.0
3534023738.0,NMA,2024,0.0,13124315097.0,0.0,0.0,1880291197.0,587546585.0,512223906.0,16104376785.0
0.0,NW371,2021,722255733.0,15137078.0,36153060.0,36906132.0,16945720.0,15628346.0,15289804.0,906922723.0
0.0,NW372,2020,3677133184.0,150161406.0,131676034.0,117515412.0,216766916.0,137349794.0,119832930.0,5265867348.0
0.0,NW372,2021,4199463708.0,105640782.0,101355388.0,94899482.0,380891908.0,113401932.0,104347498.0,5681205598.0
0.0,NW372,2022,4680760384.0,95084748.0,84529914.0,84726290.0,336114484.0,93872452.0,94314526.0,6000083244.0
0.0,NW372,2023,4945021802.0,89993502.0,81108192.0,75480062.0,379372838.0,89997246.0,91732078.0,6375234660.0
0.0,NW372,2024,5710423480.0,99523814.0,94363192.0,89338234.0,263299888.0,145709480.0,102721770.0,7054821260.0
0.0,NW374,2021,452924913.0,6039905.0,5179162.0,5809013.0,-5313640.0,5664108.0,5244954.0,510122830.0
0.0,NW375,2020,1746212625.0,68485951.0,63364916.0,54291882.0,88173891.0,63618577.0,67478183.0,2436529483.0
0.0,NW375,2021,2137754419.0,65855753.0,76461506.0,60322010.0,175446695.0,68704166.0,70880415.0,2995522501.0
0.0,NW375,2022,2682904762.0,73698430.0,83046664.0,76547549.0,161806643.0,92865106.0,80751294.0,3696426850.0
0.0,NW375,2023,3283380793.0,73357912.0,72823688.0,74111952.0,169303073.0,77687721.0,78365852.0,4184606939.0
0.0,NW375,2024,2100559837.0,74097596.0,68154518.0,59743781.0,154806116.0,75497707.0,76226735.0,2949565603.0
0.0,NW381,2020,61962579.0,585403.0,155874.0,135987.0,186400.0,58533.0,51548.0,63136324.0
0.0,NW381,2024,1006494.0,9186.0,11618.0,3708.0,0.0,76416.0,41228.0,5114294.0
0.0,NW382,2020,357758322.0,11478868.0,11066470.0,10645850.0,15696544.0,15335648.0,14841310.0,495965070.0
0.0,NW382,2021,456924924.0,23453544.0,16715496.0,13677510.0,15142470.0,17176262.0,17420628.0,709338320.0
0.0,NW382,2022,540328416.0,20402532.0,13739876.0,14124064.0,12500464.0,14548476.0,15037046.0,719019246.0
0.0,NW382,2023,648654128.0,10604082.0,12806558.0,11714302.0,12031270.0,11234416.0,13339886.0,797344022.0
0.0,NW382,2024,721506838.0,15736448.0,11647702.0,11917398.0,14166806.0,15239028.0,14684726.0,870368712.0
0.0,NW383,2020,2824096764.0,85272282.0,80259424.0,76785352.0,93823936.0,76520008.0,73232350.0,3681063458.0
0.0,NW383,2021,3192767334.0,83239986.0,81189710.0,70874330.0,108280022.0,92773370.0,80921456.0,4013886552.0
0.0,NW383,2022,3699078622.0,86348446.0,75020954.0,76227130.0,112949796.0,86960432.0,86954662.0,4608980466.0
0.0,NW383,2024,0.0,0.0,0.0,0.0,0.0,0.0,0.0,0.0
0.0,NW384,2021,1920700317.0,33457755.0,61853172.0,-543334.0,131465453.0,-57040.0,35320066.0,2288455011.0
0.0,NW385,2021,367500256.0,3026345.0,21892739.0,-11183915.0,20657404.0,-10154998.0,5613294.0,449367433.0
0.0,NW385,2022,544124602.0,-72266214.0,17279072.0,-12591878.0,22104868.0,-11493332.0,6070252.0,571622276.0
0.0,NW392,2021,422989629.0,15199035.0,13741901.0,13221689.0,-82569962.0,15983929.0,14015050.0,521331524.0
0.0,NW392,2022,855712938.0,16290086.0,18582112.0,14769909.0,-8039264.0,18938060.0,17221023.0,1050427317.0
0.0,NW392,2023,523180928.0,10606985.0,10034306.0,9273637.0,-27959249.0,12288913.0,10899597.0,667795374.0
0.0,NW392,2024,1045816315.0,16621722.0,16000504.0,15892052.0,-50204304.0,21571153.0,18406745.0,1170036598.0
8472.0,NW393,2021,529368422.0,8100876.0,7503194.0,6873016.0,30726950.0,13092420.0,10672820.0,651974436.0
0.0,NW393,2022,610288344.0,9760290.0,9476634.0,9508560.0,15037722.0,12000028.0,10315346.0,723235450.0
0.0,NW393,2024,812124818.0,13216088.0,12807784.0,12413428.0,18428100.0,14943632.0,13365446.0,910131714.0
0.0,NW396,2020,1366800603.0,36902203.0,45906757.0,48108873.0,87412067.0,-152766.0,45237629.0,1883134862.0
0.0,NW396,2021,929925875.0,32496084.0,46603457.0,-214944.0,64960405.0,-324684.0,28411283.0,1257868262.0
0.0,NW396,2022,1132424822.0,26872623.0,53422346.0,-119913.0,76051641.0,-488418.0,27469727.0,1491166894.0
0.0,NW396,2024,1661220145.0,83179632.0,73221391.0,23729179.0,80797246.0,-229595.0,39944914.0,2176494016.0
0.0,NW397,2023,1006494.0,9186.0,11618.0,3708.0,0.0,76416.0,41228.0,5114294.0
0.0,NW397,2024,1006494.0,9186.0,11618.0,3708.0,0.0,76416.0,41228.0,5114294.0
0.0,NW403,2020,6406946928.0,207959900.0,207356212.0,177426512.0,346317584.0,289769262.0,211213350.0,8859953172.0
0.0,NW403,2021,8063304552.0,233285216.0,243615682.0,201969266.0,441833412.0,294626214.0,238443092.0,10980596622.0
0.0,NW403,2022,9912027368.0,254276038.0,250977934.0,259168976.0,569566018.0,291079756.0,279944336.0,13294897400.0
0.0,NW403,2023,11489439432.0,304861434.0,294549092.0,274333554.0,560595240.0,415660288.0,340831306.0,15732895628.0
0.0,NW403,2024,14058390834.0,288343580.0,340994272.0,304652972.0,619942578.0,379008246.0,335026318.0,18137727034.0
0.0,NW404,2020,2417025854.0,50713850.0,55408286.0,53094236.0,60555998.0,39238784.0,45083230.0,3020074238.0
0.0,NW404,2021,2777909880.0,68322948.0,65644678.0,65642712.0,67633754.0,61512430.0,70527806.0,3464786966.0
0.0,NW404,2022,3153946350.0,46705478.0,50442116.0,47504098.0,88433556.0,56167898.0,46786182.0,3823321436.0
0.0,NW404,2023,3653792256.0,53872064.0,77690510.0,55144402.0,67110642.0,58966534.0,57281248.0,4331351088.0
0.0,NW404,2024,3653792256.0,53872064.0,77690510.0,55144402.0,67110642.0,58966534.0,57281248.0,4331351088.0
0.0,NW405,2021,600158983.0,35624428.0,83536994.0,28509686.0,120686504.0,60558913.0,42985008.0,1122473950.0
20281062.0,TSH,2020,17319996704.0,1077812464.0,725722614.0,790248588.0,8328804226.0,1241171870.0,1314629170.0,34283808906.0
647402886.0,TSH,2024,29838035468.0,1053566788.0,1178674344.0,895711948.0,5416314860.0,187024848.0,990401728.0,45401169136.0
0.0,WC011,2021,97444382.0,5609963.0,4693870.0,4511202.0,26953007.0,11954749.0,7405798.0,185471723.0
0.0,WC011,2022,111217604.0,6864111.0,5980793.0,5476205.0,29578506.0,14556209.0,9278867.0,212177483.0
0.0,WC011,2024,184361827.0,14200786.0,12631236.0,12395770.0,44940739.0,24015934.0,15677101.0,372047159.0
0.0,WC012,2020,114034321.0,9326503.0,8965286.0,9003413.0,26685455.0,14085072.0,10791209.0,254541899.0
0.0,WC012,2021,114034321.0,9326503.0,8965286.0,9003413.0,26685455.0,14085072.0,10791209.0,254541899.0
0.0,WC012,2022,121037367.0,7083788.0,6744570.0,6210072.0,28199906.0,13957875.0,10338829.0,229101153.0
0.0,WC012,2023,131656736.0,9344644.0,8864208.0,7981622.0,31819928.0,16335580.0,13387824.0,266111722.0
0.0,WC012,2024,139570564.0,9721612.0,8458030.0,8032150.0,36482304.0,15742542.0,11515890.0,278349856.0
0.0,WC013,2021,101926140.0,5331938.0,4741902.0,4534756.0,22563731.0,10770049.0,6907260.0,194574579.0
0.0,WC013,2023,137965736.0,7997300.0,7020565.0,6886479.0,34968914.0,15796017.0,8754313.0,258609412.0
0.0,WC013,2024,145252082.0,9134324.0,8574603.0,8477751.0,42229155.0,19625257.0,11224104.0,294881905.0
-546686.0,WC014,2020,258711478.0,18277048.0,12601522.0,10631566.0,123159280.0,30806140.0,18987326.0,523502548.0
-430.0,WC014,2021,292789084.0,14385904.0,13007390.0,11331282.0,124861920.0,21363156.0,14396852.0,539316866.0
-24780.0,WC014,2022,298871574.0,11502264.0,9751076.0,9158284.0,134041630.0,17306652.0,12180980.0,534410036.0
-272842.0,WC014,2023,354859646.0,13224776.0,11879372.0,10900958.0,141306342.0,18916306.0,15016902.0,579431340.0
-241522.0,WC014,2024,407930882.0,14796538.0,12799662.0,11656336.0,168334552.0,23783010.0,15224316.0,665697120.0
5531324.0,WC015,2020,134641602.0,8070246.0,8392176.0,5565832.0,166025362.0,15691686.0,13667918.0,366148226.0
0.0,WC015,2021,28394790.0,2770758.0,2245142.0,10978270.0,80907272.0,18327242.0,3395812.0,151931668.0
0.0,WC015,2022,38031114.0,2746116.0,2418172.0,9945548.0,88438876.0,21819474.0,3565516.0,171914058.0
0.0,WC015,2023,48626442.0,2912654.0,3227824.0,4839648.0,94791726.0,16764334.0,3589628.0,187658694.0
0.0,WC015,2024,57311516.0,3401252.0,4564108.0,4968294.0,117031878.0,22313722.0,4710480.0,224353794.0
0.0,WC022,2020,286868965.0,8359605.0,7641362.0,6697217.0,81514592.0,14172055.0,11293738.0,459093204.0
0.0,WC022,2021,354660261.0,9640697.0,8065717.0,7787706.0,99384432.0,10634932.0,9814958.0,547242919.0
0.0,WC022,2022,437876425.0,10218901.0,9416108.0,8640038.0,100791839.0,11063657.0,11248511.0,645817901.0
0.0,WC022,2023,546169288.0,10916412.0,10853131.0,10056132.0,93440939.0,15597037.0,11234478.0,762984760.0
0.0,WC022,2024,385708529.0,10371578.0,9861787.0,9049430.0,89510615.0,13161511.0,10306331.0,588856502.0
0.0,WC023,2020,305702021.0,36522304.0,27107117.0,22025444.0,238096605.0,52475310.0,39600220.0,739845081.0
0.0,WC023,2021,313229674.0,21532145.0,20983265.0,16361708.0,267764834.0,39011267.0,25790466.0,717756358.0
0.0,WC023,2022,320337664.0,38639333.0,18169029.0,13100480.0,287588250.0,49845710.0,30057612.0,770465663.0
0.0,WC023,2023,428045260.0,26571022.0,21582311.0,18510493.0,284958415.0,49565511.0,30680183.0,875408048.0
0.0,WC023,2024,492813475.0,27028762.0,24635509.0,23492685.0,298475496.0,51592595.0,33511292.0,972443764.0
0.0,WC024,2020,0.0,374917375.0,0.0,0.0,145733190.0,14869534.0,10065246.0,545585345.0
0.0,WC024,2023,0.0,727747123.0,0.0,0.0,363954840.0,20518489.0,21932521.0,1134152973.0
0.0,WC025,2020,153437484.0,9560414.0,8650480.0,8422971.0,140160746.0,15781658.0,14443085.0,391487382.0
0.0,WC025,2021,186212497.0,260811.0,20496386.0,10682237.0,113725445.0,13028927.0,12417258.0,413537500.0
0.0,WC025,2022,226175142.0,11451805.0,10589431.0,9128760.0,120412637.0,18661343.0,12958136.0,477414866.0
0.0,WC025,2023,266177175.0,173304.0,21857906.0,11412065.0,140012781.0,13158595.0,13141590.0,533719248.0
0.0,WC025,2024,302565561.0,13974294.0,9783228.0,10896139.0,112159136.0,14892721.0,14656448.0,540731930.0
0.0,WC026,2020,90348327.0,5888962.0,4108705.0,3155187.0,63507711.0,12705955.0,9259990.0,203744102.0
0.0,WC026,2021,73253189.0,7213640.0,6071413.0,13200207.0,159093016.0,11053814.0,10523891.0,294277757.0
0.0,WC026,2022,73812196.0,8270267.0,6992139.0,5620891.0,78958216.0,15601294.0,10610876.0,231609509.0
0.0,WC026,2023,115661782.0,6360193.0,5736052.0,5405029.0,69599135.0,10334698.0,7622203.0,245715460.0
0.0,WC026,2024,118959146.0,10153968.0,8267569.0,6903758.0,93062990.0,16404611.0,12879462.0,316613263.0
0.0,WC031,2020,143388243.0,6118067.0,6412994.0,5799418.0,21928275.0,10032728.0,7827104.0,238176154.0
216121990.0,WC031,2021,161669176.0,6390103.0,6779978.0,5598751.0,22485025.0,10989958.0,7681424.0,257278397.0
0.0,WC031,2022,379400986.0,15028111.0,17733156.0,15151189.0,48163554.0,23886543.0,16604487.0,600112718.0
0.0,WC031,2023,332092014.0,14322377.0,13502359.0,13164207.0,41538311.0,28749454.0,16360136.0,540413020.0
0.0,WC031,2024,363608594.0,26240241.0,38250309.0,18407633.0,56484702.0,26633647.0,18511604.0,635342811.0
0.0,WC032,2024,115376796.0,10053152.0,8776975.0,7631244.0,203218800.0,15859878.0,11146644.0,409418529.0
0.0,WC033,2021,36640861.0,3835154.0,3214914.0,2765346.0,37307729.0,15465134.0,5326880.0,121573829.0
0.0,WC033,2022,16461934.0,3858582.0,2247051.0,1740847.0,44997843.0,10710032.0,13737764.0,116535655.0
0.0,WC033,2024,46904574.0,6645032.0,5441248.0,5449235.0,45550413.0,17336258.0,8407266.0,169534355.0
0.0,WC034,2020,19685040.0,1990972.0,1292430.0,864088.0,28740605.0,6633303.0,3044278.0,66974150.0
0.0,WC034,2021,22316716.0,1954824.0,1548635.0,1144086.0,39038597.0,4302861.0,1833520.0,83540429.0
0.0,WC034,2022,30879876.0,6683255.0,1888661.0,1048357.0,33358312.0,5562551.0,4635911.0,89563808.0
0.0,WC034,2023,25364315.0,1801845.0,1227090.0,1023290.0,32020179.0,1682361.0,1905293.0,71481067.0
0.0,WC034,2024,33022522.0,1965182.0,1777736.0,1326724.0,40301542.0,2086993.0,2038306.0,90187590.0
0.0,WC041,2021,80812660.0,2906121.0,2936728.0,2831890.0,7609291.0,5388761.0,3479041.0,123435147.0
0.0,WC041,2022,152704571.0,3775670.0,3816573.0,4076010.0,3384920.0,4608106.0,4220920.0,197272901.0
0.0,WC041,2024,199233368.0,12345210.0,6356465.0,6644858.0,18174327.0,9659963.0,13806837.0,294163558.0
40021515.0,WC042,2020,75231981.0,28827986.0,0.0,0.0,33617599.0,5197302.0,3162594.0,146037462.0
51896169.0,WC042,2021,75691556.0,31237441.0,0.0,0.0,32433176.0,5852139.0,2996429.0,148210741.0
54599904.0,WC042,2022,73051261.0,33066339.0,0.0,0.0,39034954.0,6086180.0,3453875.0,154692609.0
48139651.0,WC042,2023,0.0,103055030.0,0.0,0.0,42993059.0,7808995.0,4822982.0,158680066.0
48408183.0,WC042,2024,0.0,110082173.0,0.0,0.0,50947967.0,4957349.0,3466730.0,169454219.0
0.0,WC043,2020,5487028.0,15053504.0,9605138.0,8835498.0,105392202.0,25386188.0,18841120.0,241812441.0
0.0,WC043,2021,43459650.0,12032984.0,11238453.0,11005379.0,117775919.0,21699525.0,14403646.0,304320834.0
0.0,WC043,2022,116932979.0,15722648.0,14053426.0,12364431.0,125767425.0,22127780.0,17360085.0,407721566.0
0.0,WC043,2023,78715119.0,11010866.0,9396915.0,8336743.0,158488258.0,22210283.0,12150694.0,343440214.0
0.0,WC043,2024,112217371.0,17386754.0,12289055.0,11799145.0,159046817.0,35558775.0,26873109.0,441576500.0
0.0,WC044,2020,233436145.0,17016615.0,13224010.0,10815492.0,183462541.0,30360306.0,23193084.0,560712740.0
15671912.0,WC044,2021,283991622.0,21984889.0,18518844.0,15076166.0,221622577.0,31147756.0,24778935.0,697531244.0
9939814.0,WC044,2022,326347914.0,19895204.0,16897592.0,16478557.0,235691054.0,28146177.0,21563092.0,745607416.0
5643312.0,WC044,2023,393656896.0,34144019.0,27784120.0,22210115.0,274878367.0,39631777.0,34885825.0,948240903.0
0.0,WC044,2024,399653540.0,30729668.0,27619534.0,26837825.0,301675131.0,38658774.0,35399792.0,996439650.0
0.0,WC045,2020,28507964.0,6682238.0,4277336.0,4356332.0,25503728.0,8480124.0,6791648.0,107534460.0
0.0,WC045,2021,81776129.0,10357918.0,9621693.0,6754433.0,57908213.0,16536766.0,12793088.0,223257805.0
0.0,WC045,2022,106813346.0,7958589.0,6342807.0,5110837.0,59383962.0,14566148.0,9484793.0,238860089.0
0.0,WC045,2023,97380518.0,9082302.0,7672179.0,7035047.0,57968437.0,15029152.0,10570852.0,237726798.0
0.0,WC045,2024,111839737.0,9438168.0,9082446.0,8659754.0,70875476.0,19139450.0,13280122.0,284843919.0
0.0,WC047,2024,0.0,15434400.0,547980464.0,0.0,70241034.0,21748494.0,15749088.0,671153480.0
2967578.0,WC048,2020,72725108.0,4256182.0,2941006.0,2547282.0,17337872.0,6942944.0,5126956.0,116463456.0
0.0,WC048,2021,299136092.0,14878508.0,13160208.0,13535010.0,88354406.0,26558308.0,22500790.0,601064414.0
0.0,WC048,2022,308674508.0,16722148.0,35342738.0,12375162.0,85021616.0,30264420.0,19222558.0,689224332.0
0.0,WC048,2023,342855316.0,21889220.0,20140248.0,16588960.0,91161136.0,35005120.0,23048828.0,745396918.0
0.0,WC048,2024,413637298.0,24320258.0,23821564.0,21207796.0,117364674.0,44514120.0,29999436.0,913840518.0
0.0,WC051,2022,10017344.0,713556.0,3041582.0,543206.0,3457982.0,1123600.0,858592.0,24985268.0
0.0,WC051,2023,10414876.0,2906944.0,756000.0,630622.0,7452992.0,1529122.0,919306.0,30172104.0
0.0,WC052,2021,24262884.0,1717413.0,2347243.0,1595566.0,1812771.0,2376739.0,2156621.0,45515187.0
0.0,WC052,2022,34986587.0,1591527.0,1479519.0,1337945.0,1377447.0,2670373.0,1951553.0,53668543.0
0.0,WC052,2023,20764092.0,1956618.0,1837210.0,1573996.0,3425992.0,2549178.0,2699992.0,45291922.0
0.0,WC052,2024,28080852.0,2131040.0,1895084.0,1615424.0,3456094.0,3181910.0,2961720.0,56111710.0
0.0,WC053,2021,218147303.0,7984003.0,6799098.0,6474546.0,37207117.0,8715094.0,9412478.0,301379876.0
0.0,WC053,2022,277688497.0,9108767.0,7637419.0,6146867.0,49157150.0,7894409.0,8145731.0,372383688.0
0.0,WC053,2023,302933583.0,7256504.0,5522697.0,6578052.0,36642457.0,9964528.0,8774005.0,384409340.0
0.0,WC053,2024,317741384.0,7886503.0,7662303.0,6831112.0,44874209.0,9060388.0,7475907.0,408037753.0
