amount.sum,demarcation.code,financial_year_end.year,item.code,item.label
12378750.0,BUF,2019,fruitless,Fruitless and Wasteful Expenditure
132542939.0,BUF,2019,irregular,Irregular Expenditure
42977417.0,BUF,2019,unauthorised,Unauthorised Expenditure
0.0,BUF,2020,fruitless,Fruitless and Wasteful Expenditure
302137787.0,BUF,2020,irregular,Irregular Expenditure
17649513.0,BUF,2020,unauthorised,Unauthorised Expenditure
0.0,BUF,2021,fruitless,Fruitless and Wasteful Expenditure
311222630.0,BUF,2021,irregular,Irregular Expenditure
0.0,BUF,2021,unauthorised,Unauthorised Expenditure
0.0,BUF,2022,fruitless,Fruitless and Wasteful Expenditure
6523478722.0,BUF,2022,irregular,Irregular Expenditure
163702130.0,BUF,2022,unauthorised,Unauthorised Expenditure
53713.0,BUF,2023,fruitless,Fruitless and Wasteful Expenditure
1713312375.0,BUF,2023,irregular,Irregular Expenditure
0.0,BUF,2023,unauthorised,Unauthorised Expenditure
692826.0,BUF,2024,fruitless,Fruitless and Wasteful Expenditure
1317740495.0,BUF,2024,irregular,Irregular Expenditure
403496432.0,BUF,2024,unauthorised,Unauthorised Expenditure
19802000.0,CPT,2019,fruitless,Fruitless and Wasteful Expenditure
950370000.0,CPT,2019,irregular,Irregular Expenditure
0.0,CPT,2019,unauthorised,Unauthorised Expenditure
28000.0,CPT,2020,fruitless,Fruitless and Wasteful Expenditure
669164000.0,CPT,2020,irregular,Irregular Expenditure
6567000.0,CPT,2020,unauthorised,Unauthorised Expenditure
12328000.0,CPT,2021,fruitless,Fruitless and Wasteful Expenditure
762186000.0,CPT,2021,irregular,Irregular Expenditure
0.0,CPT,2021,unauthorised,Unauthorised Expenditure
4340000.0,CPT,2022,fruitless,Fruitless and Wasteful Expenditure
33274000.0,CPT,2022,irregular,Irregular Expenditure
0.0,CPT,2022,unauthorised,Unauthorised Expenditure
593000.0,CPT,2023,fruitless,Fruitless and Wasteful Expenditure
11989000.0,CPT,2023,irregular,Irregular Expenditure
0.0,CPT,2023,unauthorised,Unauthorised Expenditure
0.0,CPT,2024,fruitless,Fruitless and Wasteful Expenditure
634262000.0,CPT,2024,irregular,Irregular Expenditure
0.0,CPT,2024,unauthorised,Unauthorised Expenditure
21513.0,DC1,2019,fruitless,Fruitless and Wasteful Expenditure
4548601.0,DC1,2019,irregular,Irregular Expenditure
0.0,DC1,2019,unauthorised,Unauthorised Expenditure
692724.0,DC1,2020,fruitless,Fruitless and Wasteful Expenditure
11273471.0,DC1,2020,irregular,Irregular Expenditure
0.0,DC1,2020,unauthorised,Unauthorised Expenditure
315879.0,DC1,2021,fruitless,Fruitless and Wasteful Expenditure
8652271.0,DC1,2021,irregular,Irregular Expenditure
0.0,DC1,2021,unauthorised,Unauthorised Expenditure
27781.0,DC1,2022,fruitless,Fruitless and Wasteful Expenditure
13088013.0,DC1,2022,irregular,Irregular Expenditure
0.0,DC1,2022,unauthorised,Unauthorised Expenditure
15622.0,DC1,2023,fruitless,Fruitless and Wasteful Expenditure
6076110.0,DC1,2023,irregular,Irregular Expenditure
0.0,DC1,2023,unauthorised,Unauthorised Expenditure
116292.0,DC1,2024,fruitless,Fruitless and Wasteful Expenditure
423085.0,DC1,2024,irregular,Irregular Expenditure
0.0,DC1,2024,unauthorised,Unauthorised Expenditure
4911.0,DC10,2019,fruitless,Fruitless and Wasteful Expenditure
1400079.0,DC10,2019,irregular,Irregular Expenditure
0.0,DC10,2019,unauthorised,Unauthorised Expenditure
9309.0,DC10,2020,fruitless,Fruitless and Wasteful Expenditure
5015664.0,DC10,2020,irregular,Irregular Expenditure
0.0,DC10,2020,unauthorised,Unauthorised Expenditure
0.0,DC10,2021,fruitless,Fruitless and Wasteful Expenditure
1718002.0,DC10,2021,irregular,Irregular Expenditure
0.0,DC10,2021,unauthorised,Unauthorised Expenditure
1564.0,DC10,2022,fruitless,Fruitless and Wasteful Expenditure
997659.0,DC10,2022,irregular,Irregular Expenditure
0.0,DC10,2022,unauthorised,Unauthorised Expenditure
86518.0,DC10,2023,fruitless,Fruitless and Wasteful Expenditure
1481081.0,DC10,2023,irregular,Irregular Expenditure
0.0,DC10,2023,unauthorised,Unauthorised Expenditure
11700.0,DC10,2024,fruitless,Fruitless and Wasteful Expenditure
12366465.0,DC10,2024,irregular,Irregular Expenditure
0.0,DC10,2024,unauthorised,Unauthorised Expenditure
727747.0,DC12,2019,fruitless,Fruitless and Wasteful Expenditure
125229588.0,DC12,2019,irregular,Irregular Expenditure
154845832.0,DC12,2019,unauthorised,Unauthorised Expenditure
1949987.0,DC12,2020,fruitless,Fruitless and Wasteful Expenditure
104418771.0,DC12,2020,irregular,Irregular Expenditure
202602442.0,DC12,2020,unauthorised,Unauthorised Expenditure
6960460.0,DC12,2021,fruitless,Fruitless and Wasteful Expenditure
39232551.0,DC12,2021,irregular,Irregular Expenditure
0.0,DC12,2021,unauthorised,Unauthorised Expenditure
61394142.0,DC12,2022,fruitless,Fruitless and Wasteful Expenditure
46748826.0,DC12,2022,irregular,Irregular Expenditure
0.0,DC12,2022,unauthorised,Unauthorised Expenditure
21699425.0,DC12,2023,fruitless,Fruitless and Wasteful Expenditure
223054227.0,DC12,2023,irregular,Irregular Expenditure
36796069.0,DC12,2023,unauthorised,Unauthorised Expenditure
28181947.0,DC12,2024,fruitless,Fruitless and Wasteful Expenditure
639289240.0,DC12,2024,irregular,Irregular Expenditure
188648710.0,DC12,2024,unauthorised,Unauthorised Expenditure
10203089.0,DC13,2019,fruitless,Fruitless and Wasteful Expenditure
94759714.0,DC13,2019,irregular,Irregular Expenditure
0.0,DC13,2019,unauthorised,Unauthorised Expenditure
683798.0,DC13,2020,fruitless,Fruitless and Wasteful Expenditure
25196606.0,DC13,2020,irregular,Irregular Expenditure
135640341.0,DC13,2020,unauthorised,Unauthorised Expenditure
456109.0,DC13,2021,fruitless,Fruitless and Wasteful Expenditure
56504779.0,DC13,2021,irregular,Irregular Expenditure
392410627.0,DC13,2021,unauthorised,Unauthorised Expenditure
2842204.0,DC13,2022,fruitless,Fruitless and Wasteful Expenditure
59379140.0,DC13,2022,irregular,Irregular Expenditure
284172946.0,DC13,2022,unauthorised,Unauthorised Expenditure
491909.0,DC13,2023,fruitless,Fruitless and Wasteful Expenditure
171243231.0,DC13,2023,irregular,Irregular Expenditure
344076508.0,DC13,2023,unauthorised,Unauthorised Expenditure
2241445.0,DC13,2024,fruitless,Fruitless and Wasteful Expenditure
152467266.0,DC13,2024,irregular,Irregular Expenditure
98733378.0,DC13,2024,unauthorised,Unauthorised Expenditure
0.0,DC14,2019,fruitless,Fruitless and Wasteful Expenditure
9914506.0,DC14,2019,irregular,Irregular Expenditure
0.0,DC14,2019,unauthorised,Unauthorised Expenditure
625130.0,DC14,2020,fruitless,Fruitless and Wasteful Expenditure
126216963.0,DC14,2020,irregular,Irregular Expenditure
109309505.0,DC14,2020,unauthorised,Unauthorised Expenditure
0.0,DC14,2021,fruitless,Fruitless and Wasteful Expenditure
53067316.0,DC14,2021,irregular,Irregular Expenditure
0.0,DC14,2021,unauthorised,Unauthorised Expenditure
0.0,DC14,2022,fruitless,Fruitless and Wasteful Expenditure
15910470.0,DC14,2022,irregular,Irregular Expenditure
0.0,DC14,2022,unauthorised,Unauthorised Expenditure
14358.0,DC14,2023,fruitless,Fruitless and Wasteful Expenditure
43148228.0,DC14,2023,irregular,Irregular Expenditure
24013603.0,DC14,2023,unauthorised,Unauthorised Expenditure
0.0,DC14,2024,fruitless,Fruitless and Wasteful Expenditure
0.0,DC14,2024,irregular,Irregular Expenditure
0.0,DC14,2024,unauthorised,Unauthorised Expenditure
965486.0,DC15,2019,fruitless,Fruitless and Wasteful Expenditure
981044090.0,DC15,2019,irregular,Irregular Expenditure
14637683.0,DC15,2019,unauthorised,Unauthorised Expenditure
8989149.0,DC15,2020,fruitless,Fruitless and Wasteful Expenditure
696189593.0,DC15,2020,irregular,Irregular Expenditure
5140277.0,DC15,2020,unauthorised,Unauthorised Expenditure
8250849.0,DC15,2021,fruitless,Fruitless and Wasteful Expenditure
249859996.0,DC15,2021,irregular,Irregular Expenditure
1197150.0,DC15,2021,unauthorised,Unauthorised Expenditure
20666517.0,DC15,2022,fruitless,Fruitless and Wasteful Expenditure
124018617.0,DC15,2022,irregular,Irregular Expenditure
31851662.0,DC15,2022,unauthorised,Unauthorised Expenditure
14962260.0,DC15,2023,fruitless,Fruitless and Wasteful Expenditure
172448923.0,DC15,2023,irregular,Irregular Expenditure
71351915.0,DC15,2023,unauthorised,Unauthorised Expenditure
3741092.0,DC15,2024,fruitless,Fruitless and Wasteful Expenditure
181737992.0,DC15,2024,irregular,Irregular Expenditure
264984965.0,DC15,2024,unauthorised,Unauthorised Expenditure
341809.0,DC16,2019,fruitless,Fruitless and Wasteful Expenditure
2466957.0,DC16,2019,irregular,Irregular Expenditure
6175909.0,DC16,2019,unauthorised,Unauthorised Expenditure
188793.0,DC16,2020,fruitless,Fruitless and Wasteful Expenditure
4381556.0,DC16,2020,irregular,Irregular Expenditure
455404.0,DC16,2020,unauthorised,Unauthorised Expenditure
74813.0,DC16,2021,fruitless,Fruitless and Wasteful Expenditure
3697063.0,DC16,2021,irregular,Irregular Expenditure
1861390.0,DC16,2021,unauthorised,Unauthorised Expenditure
183988.0,DC16,2022,fruitless,Fruitless and Wasteful Expenditure
3636967.0,DC16,2022,irregular,Irregular Expenditure
6110077.0,DC16,2022,unauthorised,Unauthorised Expenditure
398286.0,DC16,2023,fruitless,Fruitless and Wasteful Expenditure
1295694.0,DC16,2023,irregular,Irregular Expenditure
6724033.0,DC16,2023,unauthorised,Unauthorised Expenditure
255704.0,DC16,2024,fruitless,Fruitless and Wasteful Expenditure
4168088.0,DC16,2024,irregular,Irregular Expenditure
12670102.0,DC16,2024,unauthorised,Unauthorised Expenditure
0.0,DC18,2019,fruitless,Fruitless and Wasteful Expenditure
583280.0,DC18,2019,irregular,Irregular Expenditure
0.0,DC18,2019,unauthorised,Unauthorised Expenditure
0.0,DC18,2020,fruitless,Fruitless and Wasteful Expenditure
1172612.0,DC18,2020,irregular,Irregular Expenditure
0.0,DC18,2020,unauthorised,Unauthorised Expenditure
0.0,DC18,2021,fruitless,Fruitless and Wasteful Expenditure
10868942.0,DC18,2021,irregular,Irregular Expenditure
2912252.0,DC18,2021,unauthorised,Unauthorised Expenditure
0.0,DC18,2022,fruitless,Fruitless and Wasteful Expenditure
5966166.0,DC18,2022,irregular,Irregular Expenditure
0.0,DC18,2022,unauthorised,Unauthorised Expenditure
0.0,DC18,2023,fruitless,Fruitless and Wasteful Expenditure
18693897.0,DC18,2023,irregular,Irregular Expenditure
0.0,DC18,2023,unauthorised,Unauthorised Expenditure
207336.0,DC18,2024,fruitless,Fruitless and Wasteful Expenditure
23855845.0,DC18,2024,irregular,Irregular Expenditure
812483.0,DC18,2024,unauthorised,Unauthorised Expenditure
105692.0,DC19,2019,fruitless,Fruitless and Wasteful Expenditure
17022948.0,DC19,2019,irregular,Irregular Expenditure
0.0,DC19,2019,unauthorised,Unauthorised Expenditure
49739.0,DC19,2020,fruitless,Fruitless and Wasteful Expenditure
24507042.0,DC19,2020,irregular,Irregular Expenditure
4267519.0,DC19,2020,unauthorised,Unauthorised Expenditure
3626.0,DC19,2021,fruitless,Fruitless and Wasteful Expenditure
16920949.0,DC19,2021,irregular,Irregular Expenditure
0.0,DC19,2021,unauthorised,Unauthorised Expenditure
0.0,DC19,2022,fruitless,Fruitless and Wasteful Expenditure
9791475.0,DC19,2022,irregular,Irregular Expenditure
0.0,DC19,2022,unauthorised,Unauthorised Expenditure
44652.0,DC19,2023,fruitless,Fruitless and Wasteful Expenditure
16090700.0,DC19,2023,irregular,Irregular Expenditure
1497133.0,DC19,2023,unauthorised,Unauthorised Expenditure
6177.0,DC19,2024,fruitless,Fruitless and Wasteful Expenditure
10158359.0,DC19,2024,irregular,Irregular Expenditure
1085589.0,DC19,2024,unauthorised,Unauthorised Expenditure
101633.0,DC2,2019,fruitless,Fruitless and Wasteful Expenditure
135013.0,DC2,2019,irregular,Irregular Expenditure
0.0,DC2,2019,unauthorised,Unauthorised Expenditure
0.0,DC2,2020,fruitless,Fruitless and Wasteful Expenditure
0.0,DC2,2020,irregular,Irregular Expenditure
0.0,DC2,2020,unauthorised,Unauthorised Expenditure
0.0,DC2,2021,fruitless,Fruitless and Wasteful Expenditure
1486022.0,DC2,2021,irregular,Irregular Expenditure
0.0,DC2,2021,unauthorised,Unauthorised Expenditure
0.0,DC2,2022,fruitless,Fruitless and Wasteful Expenditure
0.0,DC2,2022,irregular,Irregular Expenditure
0.0,DC2,2022,unauthorised,Unauthorised Expenditure
400.0,DC2,2023,fruitless,Fruitless and Wasteful Expenditure
0.0,DC2,2023,irregular,Irregular Expenditure
0.0,DC2,2023,unauthorised,Unauthorised Expenditure
0.0,DC2,2024,fruitless,Fruitless and Wasteful Expenditure
0.0,DC2,2024,irregular,Irregular Expenditure
0.0,DC2,2024,unauthorised,Unauthorised Expenditure
133607.0,DC20,2019,fruitless,Fruitless and Wasteful Expenditure
29118472.0,DC20,2019,irregular,Irregular Expenditure
10841179.0,DC20,2019,unauthorised,Unauthorised Expenditure
27590.0,DC20,2020,fruitless,Fruitless and Wasteful Expenditure
47155670.0,DC20,2020,irregular,Irregular Expenditure
5225398.0,DC20,2020,unauthorised,Unauthorised Expenditure
0.0,DC20,2021,fruitless,Fruitless and Wasteful Expenditure
27734003.0,DC20,2021,irregular,Irregular Expenditure
46579839.0,DC20,2021,unauthorised,Unauthorised Expenditure
4090798.0,DC20,2022,fruitless,Fruitless and Wasteful Expenditure
14298487.0,DC20,2022,irregular,Irregular Expenditure
9899855.0,DC20,2022,unauthorised,Unauthorised Expenditure
14712.0,DC20,2023,fruitless,Fruitless and Wasteful Expenditure
39795788.0,DC20,2023,irregular,Irregular Expenditure
5487646.0,DC20,2023,unauthorised,Unauthorised Expenditure
1699021.0,DC20,2024,fruitless,Fruitless and Wasteful Expenditure
30921595.0,DC20,2024,irregular,Irregular Expenditure
6569167.0,DC20,2024,unauthorised,Unauthorised Expenditure
11717649.0,DC21,2019,fruitless,Fruitless and Wasteful Expenditure
322158510.0,DC21,2019,irregular,Irregular Expenditure
228149864.0,DC21,2019,unauthorised,Unauthorised Expenditure
10915080.0,DC21,2020,fruitless,Fruitless and Wasteful Expenditure
294828507.0,DC21,2020,irregular,Irregular Expenditure
295340848.0,DC21,2020,unauthorised,Unauthorised Expenditure
14197445.0,DC21,2021,fruitless,Fruitless and Wasteful Expenditure
177751802.0,DC21,2021,irregular,Irregular Expenditure
252414680.0,DC21,2021,unauthorised,Unauthorised Expenditure
19435694.0,DC21,2022,fruitless,Fruitless and Wasteful Expenditure
324546344.0,DC21,2022,irregular,Irregular Expenditure
223787517.0,DC21,2022,unauthorised,Unauthorised Expenditure
4518704.0,DC21,2023,fruitless,Fruitless and Wasteful Expenditure
242350998.0,DC21,2023,irregular,Irregular Expenditure
431556883.0,DC21,2023,unauthorised,Unauthorised Expenditure
23489793.0,DC21,2024,fruitless,Fruitless and Wasteful Expenditure
107142814.0,DC21,2024,irregular,Irregular Expenditure
1099401477.0,DC21,2024,unauthorised,Unauthorised Expenditure
488248.0,DC22,2019,fruitless,Fruitless and Wasteful Expenditure
7803093.0,DC22,2019,irregular,Irregular Expenditure
45447394.0,DC22,2019,unauthorised,Unauthorised Expenditure
7281877.0,DC22,2020,fruitless,Fruitless and Wasteful Expenditure
41375493.0,DC22,2020,irregular,Irregular Expenditure
182429395.0,DC22,2020,unauthorised,Unauthorised Expenditure
283278.0,DC22,2021,fruitless,Fruitless and Wasteful Expenditure
13332251.0,DC22,2021,irregular,Irregular Expenditure
86575122.0,DC22,2021,unauthorised,Unauthorised Expenditure
34197.0,DC22,2022,fruitless,Fruitless and Wasteful Expenditure
680904.0,DC22,2022,irregular,Irregular Expenditure
65629790.0,DC22,2022,unauthorised,Unauthorised Expenditure
20095188.0,DC22,2023,fruitless,Fruitless and Wasteful Expenditure
345927100.0,DC22,2023,irregular,Irregular Expenditure
256836921.0,DC22,2023,unauthorised,Unauthorised Expenditure
13945.0,DC22,2024,fruitless,Fruitless and Wasteful Expenditure
176423114.0,DC22,2024,irregular,Irregular Expenditure
186531936.0,DC22,2024,unauthorised,Unauthorised Expenditure
1988240.0,DC23,2019,fruitless,Fruitless and Wasteful Expenditure
245563325.0,DC23,2019,irregular,Irregular Expenditure
66665124.0,DC23,2019,unauthorised,Unauthorised Expenditure
11612520.0,DC23,2020,fruitless,Fruitless and Wasteful Expenditure
134285885.0,DC23,2020,irregular,Irregular Expenditure
55812881.0,DC23,2020,unauthorised,Unauthorised Expenditure
3846296.0,DC23,2021,fruitless,Fruitless and Wasteful Expenditure
82826211.0,DC23,2021,irregular,Irregular Expenditure
62343845.0,DC23,2021,unauthorised,Unauthorised Expenditure
3854551.0,DC23,2022,fruitless,Fruitless and Wasteful Expenditure
307370937.0,DC23,2022,irregular,Irregular Expenditure
16733953.0,DC23,2022,unauthorised,Unauthorised Expenditure
48522790.0,DC23,2023,fruitless,Fruitless and Wasteful Expenditure
383091253.0,DC23,2023,irregular,Irregular Expenditure
155450071.0,DC23,2023,unauthorised,Unauthorised Expenditure
11797950.0,DC23,2024,fruitless,Fruitless and Wasteful Expenditure
385199722.0,DC23,2024,irregular,Irregular Expenditure
256334920.0,DC23,2024,unauthorised,Unauthorised Expenditure
73424.0,DC24,2019,fruitless,Fruitless and Wasteful Expenditure
355665449.0,DC24,2019,irregular,Irregular Expenditure
67696128.0,DC24,2019,unauthorised,Unauthorised Expenditure
4292500.0,DC24,2020,fruitless,Fruitless and Wasteful Expenditure
298373582.0,DC24,2020,irregular,Irregular Expenditure
0.0,DC24,2020,unauthorised,Unauthorised Expenditure
276625.0,DC24,2021,fruitless,Fruitless and Wasteful Expenditure
299928152.0,DC24,2021,irregular,Irregular Expenditure
221697206.0,DC24,2021,unauthorised,Unauthorised Expenditure
26616661.0,DC24,2022,fruitless,Fruitless and Wasteful Expenditure
136708770.0,DC24,2022,irregular,Irregular Expenditure
405735080.0,DC24,2022,unauthorised,Unauthorised Expenditure
3508582.0,DC24,2023,fruitless,Fruitless and Wasteful Expenditure
227723356.0,DC24,2023,irregular,Irregular Expenditure
316859410.0,DC24,2023,unauthorised,Unauthorised Expenditure
11935193.0,DC24,2024,fruitless,Fruitless and Wasteful Expenditure
242382304.0,DC24,2024,irregular,Irregular Expenditure
107974749.0,DC24,2024,unauthorised,Unauthorised Expenditure
142277.0,DC25,2019,fruitless,Fruitless and Wasteful Expenditure
26076058.0,DC25,2019,irregular,Irregular Expenditure
14597558.0,DC25,2019,unauthorised,Unauthorised Expenditure
50672.0,DC25,2020,fruitless,Fruitless and Wasteful Expenditure
101036862.0,DC25,2020,irregular,Irregular Expenditure
1100393.0,DC25,2020,unauthorised,Unauthorised Expenditure
3151383.0,DC25,2021,fruitless,Fruitless and Wasteful Expenditure
199647348.0,DC25,2021,irregular,Irregular Expenditure
64898298.0,DC25,2021,unauthorised,Unauthorised Expenditure
212286.0,DC25,2022,fruitless,Fruitless and Wasteful Expenditure
62441177.0,DC25,2022,irregular,Irregular Expenditure
104938483.0,DC25,2022,unauthorised,Unauthorised Expenditure
3392529.0,DC25,2023,fruitless,Fruitless and Wasteful Expenditure
59027280.0,DC25,2023,irregular,Irregular Expenditure
84170083.0,DC25,2023,unauthorised,Unauthorised Expenditure
3329362.0,DC25,2024,fruitless,Fruitless and Wasteful Expenditure
26391991.0,DC25,2024,irregular,Irregular Expenditure
53933511.0,DC25,2024,unauthorised,Unauthorised Expenditure
1333903.0,DC26,2019,fruitless,Fruitless and Wasteful Expenditure
123776198.0,DC26,2019,irregular,Irregular Expenditure
0.0,DC26,2019,unauthorised,Unauthorised Expenditure
74013.0,DC26,2020,fruitless,Fruitless and Wasteful Expenditure
187177197.0,DC26,2020,irregular,Irregular Expenditure
0.0,DC26,2020,unauthorised,Unauthorised Expenditure
363040.0,DC26,2021,fruitless,Fruitless and Wasteful Expenditure
17918070.0,DC26,2021,irregular,Irregular Expenditure
127661348.0,DC26,2021,unauthorised,Unauthorised Expenditure
303721.0,DC26,2022,fruitless,Fruitless and Wasteful Expenditure
58990103.0,DC26,2022,irregular,Irregular Expenditure
127448321.0,DC26,2022,unauthorised,Unauthorised Expenditure
1046939.0,DC26,2023,fruitless,Fruitless and Wasteful Expenditure
94843990.0,DC26,2023,irregular,Irregular Expenditure
233980163.0,DC26,2023,unauthorised,Unauthorised Expenditure
3248400.0,DC26,2024,fruitless,Fruitless and Wasteful Expenditure
159294202.0,DC26,2024,irregular,Irregular Expenditure
233746094.0,DC26,2024,unauthorised,Unauthorised Expenditure
32517210.0,DC27,2019,fruitless,Fruitless and Wasteful Expenditure
494337612.0,DC27,2019,irregular,Irregular Expenditure
108190008.0,DC27,2019,unauthorised,Unauthorised Expenditure
1497617.0,DC27,2020,fruitless,Fruitless and Wasteful Expenditure
476417980.0,DC27,2020,irregular,Irregular Expenditure
45549902.0,DC27,2020,unauthorised,Unauthorised Expenditure
9784620.0,DC27,2021,fruitless,Fruitless and Wasteful Expenditure
193344394.0,DC27,2021,irregular,Irregular Expenditure
31857680.0,DC27,2021,unauthorised,Unauthorised Expenditure
1546327.0,DC27,2022,fruitless,Fruitless and Wasteful Expenditure
1523973457.0,DC27,2022,irregular,Irregular Expenditure
48676681.0,DC27,2022,unauthorised,Unauthorised Expenditure
865960.0,DC27,2023,fruitless,Fruitless and Wasteful Expenditure
336284168.0,DC27,2023,irregular,Irregular Expenditure
143490132.0,DC27,2023,unauthorised,Unauthorised Expenditure
3201308.0,DC27,2024,fruitless,Fruitless and Wasteful Expenditure
1183039160.0,DC27,2024,irregular,Irregular Expenditure
171829616.0,DC27,2024,unauthorised,Unauthorised Expenditure
0.0,DC28,2019,fruitless,Fruitless and Wasteful Expenditure
6917532.0,DC28,2019,irregular,Irregular Expenditure
21501205.0,DC28,2019,unauthorised,Unauthorised Expenditure
14685.0,DC28,2020,fruitless,Fruitless and Wasteful Expenditure
124686471.0,DC28,2020,irregular,Irregular Expenditure
10475709.0,DC28,2020,unauthorised,Unauthorised Expenditure
887464.0,DC28,2021,fruitless,Fruitless and Wasteful Expenditure
30929093.0,DC28,2021,irregular,Irregular Expenditure
20033993.0,DC28,2021,unauthorised,Unauthorised Expenditure
0.0,DC28,2022,fruitless,Fruitless and Wasteful Expenditure
22652636.0,DC28,2022,irregular,Irregular Expenditure
0.0,DC28,2022,unauthorised,Unauthorised Expenditure
0.0,DC28,2023,fruitless,Fruitless and Wasteful Expenditure
0.0,DC28,2023,irregular,Irregular Expenditure
0.0,DC28,2023,unauthorised,Unauthorised Expenditure
0.0,DC28,2024,fruitless,Fruitless and Wasteful Expenditure
0.0,DC28,2024,irregular,Irregular Expenditure
0.0,DC28,2024,unauthorised,Unauthorised Expenditure
0.0,DC29,2019,fruitless,Fruitless and Wasteful Expenditure
421895607.0,DC29,2019,irregular,Irregular Expenditure
0.0,DC29,2019,unauthorised,Unauthorised Expenditure
0.0,DC29,2020,fruitless,Fruitless and Wasteful Expenditure
150454923.0,DC29,2020,irregular,Irregular Expenditure
0.0,DC29,2020,unauthorised,Unauthorised Expenditure
4375888.0,DC29,2021,fruitless,Fruitless and Wasteful Expenditure
38465190.0,DC29,2021,irregular,Irregular Expenditure
0.0,DC29,2021,unauthorised,Unauthorised Expenditure
7377483.0,DC29,2022,fruitless,Fruitless and Wasteful Expenditure
48119806.0,DC29,2022,irregular,Irregular Expenditure
0.0,DC29,2022,unauthorised,Unauthorised Expenditure
0.0,DC29,2023,fruitless,Fruitless and Wasteful Expenditure
6347547.0,DC29,2023,irregular,Irregular Expenditure
0.0,DC29,2023,unauthorised,Unauthorised Expenditure
0.0,DC29,2024,fruitless,Fruitless and Wasteful Expenditure
496000.0,DC29,2024,irregular,Irregular Expenditure
0.0,DC29,2024,unauthorised,Unauthorised Expenditure
0.0,DC3,2019,fruitless,Fruitless and Wasteful Expenditure
16996911.0,DC3,2019,irregular,Irregular Expenditure
16424967.0,DC3,2019,unauthorised,Unauthorised Expenditure
20866.0,DC3,2020,fruitless,Fruitless and Wasteful Expenditure
5506014.0,DC3,2020,irregular,Irregular Expenditure
0.0,DC3,2020,unauthorised,Unauthorised Expenditure
0.0,DC3,2021,fruitless,Fruitless and Wasteful Expenditure
6858060.0,DC3,2021,irregular,Irregular Expenditure
3632595.0,DC3,2021,unauthorised,Unauthorised Expenditure
0.0,DC3,2022,fruitless,Fruitless and Wasteful Expenditure
2531180.0,DC3,2022,irregular,Irregular Expenditure
1416437.0,DC3,2022,unauthorised,Unauthorised Expenditure
0.0,DC3,2023,fruitless,Fruitless and Wasteful Expenditure
3746457.0,DC3,2023,irregular,Irregular Expenditure
0.0,DC3,2023,unauthorised,Unauthorised Expenditure
0.0,DC3,2024,fruitless,Fruitless and Wasteful Expenditure
14048830.0,DC3,2024,irregular,Irregular Expenditure
0.0,DC3,2024,unauthorised,Unauthorised Expenditure
0.0,DC30,2019,fruitless,Fruitless and Wasteful Expenditure
0.0,DC30,2019,irregular,Irregular Expenditure
0.0,DC30,2019,unauthorised,Unauthorised Expenditure
0.0,DC30,2020,fruitless,Fruitless and Wasteful Expenditure
0.0,DC30,2020,irregular,Irregular Expenditure
0.0,DC30,2020,unauthorised,Unauthorised Expenditure
0.0,DC30,2021,fruitless,Fruitless and Wasteful Expenditure
0.0,DC30,2021,irregular,Irregular Expenditure
0.0,DC30,2021,unauthorised,Unauthorised Expenditure
0.0,DC30,2022,fruitless,Fruitless and Wasteful Expenditure
0.0,DC30,2022,irregular,Irregular Expenditure
0.0,DC30,2022,unauthorised,Unauthorised Expenditure
25623747.0,DC30,2023,fruitless,Fruitless and Wasteful Expenditure
62862689.0,DC30,2023,irregular,Irregular Expenditure
0.0,DC30,2023,unauthorised,Unauthorised Expenditure
0.0,DC30,2024,fruitless,Fruitless and Wasteful Expenditure
67939757.0,DC30,2024,irregular,Irregular Expenditure
0.0,DC30,2024,unauthorised,Unauthorised Expenditure
0.0,DC31,2019,fruitless,Fruitless and Wasteful Expenditure
330825.0,DC31,2019,irregular,Irregular Expenditure
0.0,DC31,2019,unauthorised,Unauthorised Expenditure
34500.0,DC31,2020,fruitless,Fruitless and Wasteful Expenditure
2613097.0,DC31,2020,irregular,Irregular Expenditure
0.0,DC31,2020,unauthorised,Unauthorised Expenditure
0.0,DC31,2021,fruitless,Fruitless and Wasteful Expenditure
1052188.0,DC31,2021,irregular,Irregular Expenditure
0.0,DC31,2021,unauthorised,Unauthorised Expenditure
8344.0,DC31,2022,fruitless,Fruitless and Wasteful Expenditure
0.0,DC31,2022,irregular,Irregular Expenditure
0.0,DC31,2022,unauthorised,Unauthorised Expenditure
261669.0,DC31,2023,fruitless,Fruitless and Wasteful Expenditure
0.0,DC31,2023,irregular,Irregular Expenditure
0.0,DC31,2023,unauthorised,Unauthorised Expenditure
277658.0,DC31,2024,fruitless,Fruitless and Wasteful Expenditure
0.0,DC31,2024,irregular,Irregular Expenditure
0.0,DC31,2024,unauthorised,Unauthorised Expenditure
125147.0,DC32,2019,fruitless,Fruitless and Wasteful Expenditure
2155390.0,DC32,2019,irregular,Irregular Expenditure
186345.0,DC32,2019,unauthorised,Unauthorised Expenditure
51625.0,DC32,2020,fruitless,Fruitless and Wasteful Expenditure
1336512.0,DC32,2020,irregular,Irregular Expenditure
0.0,DC32,2020,unauthorised,Unauthorised Expenditure
50177.0,DC32,2021,fruitless,Fruitless and Wasteful Expenditure
666528.0,DC32,2021,irregular,Irregular Expenditure
0.0,DC32,2021,unauthorised,Unauthorised Expenditure
13474.0,DC32,2022,fruitless,Fruitless and Wasteful Expenditure
690694.0,DC32,2022,irregular,Irregular Expenditure
0.0,DC32,2022,unauthorised,Unauthorised Expenditure
181483.0,DC32,2023,fruitless,Fruitless and Wasteful Expenditure
0.0,DC32,2023,irregular,Irregular Expenditure
0.0,DC32,2023,unauthorised,Unauthorised Expenditure
72809.0,DC32,2024,fruitless,Fruitless and Wasteful Expenditure
0.0,DC32,2024,irregular,Irregular Expenditure
0.0,DC32,2024,unauthorised,Unauthorised Expenditure
104017441.0,DC33,2019,fruitless,Fruitless and Wasteful Expenditure
513732108.0,DC33,2019,irregular,Irregular Expenditure
135986237.0,DC33,2019,unauthorised,Unauthorised Expenditure
71325016.0,DC33,2020,fruitless,Fruitless and Wasteful Expenditure
450546518.0,DC33,2020,irregular,Irregular Expenditure
116915161.0,DC33,2020,unauthorised,Unauthorised Expenditure
43709506.0,DC33,2021,fruitless,Fruitless and Wasteful Expenditure
300278005.0,DC33,2021,irregular,Irregular Expenditure
80584359.0,DC33,2021,unauthorised,Unauthorised Expenditure
52884575.0,DC33,2022,fruitless,Fruitless and Wasteful Expenditure
301692002.0,DC33,2022,irregular,Irregular Expenditure
509844777.0,DC33,2022,unauthorised,Unauthorised Expenditure
78882086.0,DC33,2023,fruitless,Fruitless and Wasteful Expenditure
164948831.0,DC33,2023,irregular,Irregular Expenditure
588657734.0,DC33,2023,unauthorised,Unauthorised Expenditure
63731230.0,DC33,2024,fruitless,Fruitless and Wasteful Expenditure
7662179.0,DC33,2024,irregular,Irregular Expenditure
422689099.0,DC33,2024,unauthorised,Unauthorised Expenditure
1045006.0,DC34,2019,fruitless,Fruitless and Wasteful Expenditure
82857667.0,DC34,2019,irregular,Irregular Expenditure
571150588.0,DC34,2019,unauthorised,Unauthorised Expenditure
16354438.0,DC34,2020,fruitless,Fruitless and Wasteful Expenditure
71793807.0,DC34,2020,irregular,Irregular Expenditure
725149957.0,DC34,2020,unauthorised,Unauthorised Expenditure
150397.0,DC34,2021,fruitless,Fruitless and Wasteful Expenditure
223587468.0,DC34,2021,irregular,Irregular Expenditure
1430908837.0,DC34,2021,unauthorised,Unauthorised Expenditure
93425.0,DC34,2022,fruitless,Fruitless and Wasteful Expenditure
105183314.0,DC34,2022,irregular,Irregular Expenditure
539220738.0,DC34,2022,unauthorised,Unauthorised Expenditure
2565578.0,DC34,2023,fruitless,Fruitless and Wasteful Expenditure
92748697.0,DC34,2023,irregular,Irregular Expenditure
190013245.0,DC34,2023,unauthorised,Unauthorised Expenditure
305780.0,DC34,2024,fruitless,Fruitless and Wasteful Expenditure
117749823.0,DC34,2024,irregular,Irregular Expenditure
0.0,DC34,2024,unauthorised,Unauthorised Expenditure
19762.0,DC35,2019,fruitless,Fruitless and Wasteful Expenditure
4116292.0,DC35,2019,irregular,Irregular Expenditure
0.0,DC35,2019,unauthorised,Unauthorised Expenditure
108285.0,DC35,2020,fruitless,Fruitless and Wasteful Expenditure
3354702.0,DC35,2020,irregular,Irregular Expenditure
0.0,DC35,2020,unauthorised,Unauthorised Expenditure
700552.0,DC35,2021,fruitless,Fruitless and Wasteful Expenditure
2476130.0,DC35,2021,irregular,Irregular Expenditure
0.0,DC35,2021,unauthorised,Unauthorised Expenditure
738824.0,DC35,2022,fruitless,Fruitless and Wasteful Expenditure
71888.0,DC35,2022,irregular,Irregular Expenditure
0.0,DC35,2022,unauthorised,Unauthorised Expenditure
4074817.0,DC35,2023,fruitless,Fruitless and Wasteful Expenditure
192957239.0,DC35,2023,irregular,Irregular Expenditure
0.0,DC35,2023,unauthorised,Unauthorised Expenditure
63654.0,DC35,2024,fruitless,Fruitless and Wasteful Expenditure
214514246.0,DC35,2024,irregular,Irregular Expenditure
0.0,DC35,2024,unauthorised,Unauthorised Expenditure
0.0,DC36,2019,fruitless,Fruitless and Wasteful Expenditure
31243923.0,DC36,2019,irregular,Irregular Expenditure
0.0,DC36,2019,unauthorised,Unauthorised Expenditure
9743.0,DC36,2020,fruitless,Fruitless and Wasteful Expenditure
5746156.0,DC36,2020,irregular,Irregular Expenditure
0.0,DC36,2020,unauthorised,Unauthorised Expenditure
0.0,DC36,2021,fruitless,Fruitless and Wasteful Expenditure
1465921.0,DC36,2021,irregular,Irregular Expenditure
0.0,DC36,2021,unauthorised,Unauthorised Expenditure
0.0,DC36,2022,fruitless,Fruitless and Wasteful Expenditure
0.0,DC36,2022,irregular,Irregular Expenditure
0.0,DC36,2022,unauthorised,Unauthorised Expenditure
0.0,DC36,2023,fruitless,Fruitless and Wasteful Expenditure
0.0,DC36,2023,irregular,Irregular Expenditure
0.0,DC36,2023,unauthorised,Unauthorised Expenditure
0.0,DC36,2024,fruitless,Fruitless and Wasteful Expenditure
0.0,DC36,2024,irregular,Irregular Expenditure
0.0,DC36,2024,unauthorised,Unauthorised Expenditure
277912.0,DC37,2019,fruitless,Fruitless and Wasteful Expenditure
173703648.0,DC37,2019,irregular,Irregular Expenditure
85431266.0,DC37,2019,unauthorised,Unauthorised Expenditure
1103737.0,DC37,2020,fruitless,Fruitless and Wasteful Expenditure
53135994.0,DC37,2020,irregular,Irregular Expenditure
27532196.0,DC37,2020,unauthorised,Unauthorised Expenditure
82404.0,DC37,2021,fruitless,Fruitless and Wasteful Expenditure
38780866.0,DC37,2021,irregular,Irregular Expenditure
7959757.0,DC37,2021,unauthorised,Unauthorised Expenditure
90625.0,DC37,2022,fruitless,Fruitless and Wasteful Expenditure
24401777.0,DC37,2022,irregular,Irregular Expenditure
577341.0,DC37,2022,unauthorised,Unauthorised Expenditure
147713.0,DC37,2023,fruitless,Fruitless and Wasteful Expenditure
70936451.0,DC37,2023,irregular,Irregular Expenditure
88943497.0,DC37,2023,unauthorised,Unauthorised Expenditure
310711.0,DC37,2024,fruitless,Fruitless and Wasteful Expenditure
73906529.0,DC37,2024,irregular,Irregular Expenditure
0.0,DC37,2024,unauthorised,Unauthorised Expenditure
7892479.0,DC38,2019,fruitless,Fruitless and Wasteful Expenditure
1559460993.0,DC38,2019,irregular,Irregular Expenditure
11425099.0,DC38,2019,unauthorised,Unauthorised Expenditure
1852352.0,DC38,2020,fruitless,Fruitless and Wasteful Expenditure
868891990.0,DC38,2020,irregular,Irregular Expenditure
202619337.0,DC38,2020,unauthorised,Unauthorised Expenditure
27219.0,DC38,2021,fruitless,Fruitless and Wasteful Expenditure
334315604.0,DC38,2021,irregular,Irregular Expenditure
157857532.0,DC38,2021,unauthorised,Unauthorised Expenditure
7802930.0,DC38,2022,fruitless,Fruitless and Wasteful Expenditure
411877422.0,DC38,2022,irregular,Irregular Expenditure
176598977.0,DC38,2022,unauthorised,Unauthorised Expenditure
749131.0,DC38,2023,fruitless,Fruitless and Wasteful Expenditure
485898277.0,DC38,2023,irregular,Irregular Expenditure
417214349.0,DC38,2023,unauthorised,Unauthorised Expenditure
477724.0,DC38,2024,fruitless,Fruitless and Wasteful Expenditure
581670618.0,DC38,2024,irregular,Irregular Expenditure
509856965.0,DC38,2024,unauthorised,Unauthorised Expenditure
1063359.0,DC39,2019,fruitless,Fruitless and Wasteful Expenditure
326963910.0,DC39,2019,irregular,Irregular Expenditure
66593930.0,DC39,2019,unauthorised,Unauthorised Expenditure
836733.0,DC39,2020,fruitless,Fruitless and Wasteful Expenditure
366319823.0,DC39,2020,irregular,Irregular Expenditure
248720418.0,DC39,2020,unauthorised,Unauthorised Expenditure
709876.0,DC39,2021,fruitless,Fruitless and Wasteful Expenditure
88772063.0,DC39,2021,irregular,Irregular Expenditure
121803841.0,DC39,2021,unauthorised,Unauthorised Expenditure
13091180.0,DC39,2022,fruitless,Fruitless and Wasteful Expenditure
136495015.0,DC39,2022,irregular,Irregular Expenditure
17977488.0,DC39,2022,unauthorised,Unauthorised Expenditure
1763471.0,DC39,2023,fruitless,Fruitless and Wasteful Expenditure
274521977.0,DC39,2023,irregular,Irregular Expenditure
143542371.0,DC39,2023,unauthorised,Unauthorised Expenditure
550404.0,DC39,2024,fruitless,Fruitless and Wasteful Expenditure
308759936.0,DC39,2024,irregular,Irregular Expenditure
340189455.0,DC39,2024,unauthorised,Unauthorised Expenditure
48468.0,DC4,2019,fruitless,Fruitless and Wasteful Expenditure
160189803.0,DC4,2019,irregular,Irregular Expenditure
18609403.0,DC4,2019,unauthorised,Unauthorised Expenditure
887.0,DC4,2020,fruitless,Fruitless and Wasteful Expenditure
53617575.0,DC4,2020,irregular,Irregular Expenditure
34235373.0,DC4,2020,unauthorised,Unauthorised Expenditure
0.0,DC4,2021,fruitless,Fruitless and Wasteful Expenditure
25154016.0,DC4,2021,irregular,Irregular Expenditure
1367435.0,DC4,2021,unauthorised,Unauthorised Expenditure
399800.0,DC4,2022,fruitless,Fruitless and Wasteful Expenditure
19751778.0,DC4,2022,irregular,Irregular Expenditure
0.0,DC4,2022,unauthorised,Unauthorised Expenditure
57406.0,DC4,2023,fruitless,Fruitless and Wasteful Expenditure
16566596.0,DC4,2023,irregular,Irregular Expenditure
6943402.0,DC4,2023,unauthorised,Unauthorised Expenditure
91735.0,DC4,2024,fruitless,Fruitless and Wasteful Expenditure
35064793.0,DC4,2024,irregular,Irregular Expenditure
11965380.0,DC4,2024,unauthorised,Unauthorised Expenditure
30905.0,DC40,2019,fruitless,Fruitless and Wasteful Expenditure
21607852.0,DC40,2019,irregular,Irregular Expenditure
0.0,DC40,2019,unauthorised,Unauthorised Expenditure
404195.0,DC40,2020,fruitless,Fruitless and Wasteful Expenditure
57310700.0,DC40,2020,irregular,Irregular Expenditure
2782151.0,DC40,2020,unauthorised,Unauthorised Expenditure
7374.0,DC40,2021,fruitless,Fruitless and Wasteful Expenditure
26583024.0,DC40,2021,irregular,Irregular Expenditure
0.0,DC40,2021,unauthorised,Unauthorised Expenditure
79012.0,DC40,2022,fruitless,Fruitless and Wasteful Expenditure
33845698.0,DC40,2022,irregular,Irregular Expenditure
0.0,DC40,2022,unauthorised,Unauthorised Expenditure
1026354.0,DC40,2023,fruitless,Fruitless and Wasteful Expenditure
42440107.0,DC40,2023,irregular,Irregular Expenditure
1440576.0,DC40,2023,unauthorised,Unauthorised Expenditure
238461.0,DC40,2024,fruitless,Fruitless and Wasteful Expenditure
47293515.0,DC40,2024,irregular,Irregular Expenditure
3508563.0,DC40,2024,unauthorised,Unauthorised Expenditure
0.0,DC42,2019,fruitless,Fruitless and Wasteful Expenditure
9040332.0,DC42,2019,irregular,Irregular Expenditure
6585486.0,DC42,2019,unauthorised,Unauthorised Expenditure
0.0,DC42,2020,fruitless,Fruitless and Wasteful Expenditure
15257905.0,DC42,2020,irregular,Irregular Expenditure
1246785.0,DC42,2020,unauthorised,Unauthorised Expenditure
0.0,DC42,2021,fruitless,Fruitless and Wasteful Expenditure
38006980.0,DC42,2021,irregular,Irregular Expenditure
22238633.0,DC42,2021,unauthorised,Unauthorised Expenditure
527910.0,DC42,2022,fruitless,Fruitless and Wasteful Expenditure
42308948.0,DC42,2022,irregular,Irregular Expenditure
2666659.0,DC42,2022,unauthorised,Unauthorised Expenditure
0.0,DC42,2023,fruitless,Fruitless and Wasteful Expenditure
20772269.0,DC42,2023,irregular,Irregular Expenditure
4552365.0,DC42,2023,unauthorised,Unauthorised Expenditure
0.0,DC42,2024,fruitless,Fruitless and Wasteful Expenditure
19144119.0,DC42,2024,irregular,Irregular Expenditure
18297636.0,DC42,2024,unauthorised,Unauthorised Expenditure
70084.0,DC43,2019,fruitless,Fruitless and Wasteful Expenditure
138486434.0,DC43,2019,irregular,Irregular Expenditure
62565321.0,DC43,2019,unauthorised,Unauthorised Expenditure
2206040.0,DC43,2020,fruitless,Fruitless and Wasteful Expenditure
62093966.0,DC43,2020,irregular,Irregular Expenditure
0.0,DC43,2020,unauthorised,Unauthorised Expenditure
8198792.0,DC43,2021,fruitless,Fruitless and Wasteful Expenditure
68556550.0,DC43,2021,irregular,Irregular Expenditure
0.0,DC43,2021,unauthorised,Unauthorised Expenditure
18934.0,DC43,2022,fruitless,Fruitless and Wasteful Expenditure
550480033.0,DC43,2022,irregular,Irregular Expenditure
0.0,DC43,2022,unauthorised,Unauthorised Expenditure
62877.0,DC43,2023,fruitless,Fruitless and Wasteful Expenditure
288281523.0,DC43,2023,irregular,Irregular Expenditure
9691677.0,DC43,2023,unauthorised,Unauthorised Expenditure
2153.0,DC43,2024,fruitless,Fruitless and Wasteful Expenditure
147693369.0,DC43,2024,irregular,Irregular Expenditure
127976270.0,DC43,2024,unauthorised,Unauthorised Expenditure
13400.0,DC44,2019,fruitless,Fruitless and Wasteful Expenditure
223500557.0,DC44,2019,irregular,Irregular Expenditure
0.0,DC44,2019,unauthorised,Unauthorised Expenditure
364.0,DC44,2020,fruitless,Fruitless and Wasteful Expenditure
88597973.0,DC44,2020,irregular,Irregular Expenditure
0.0,DC44,2020,unauthorised,Unauthorised Expenditure
3575.0,DC44,2021,fruitless,Fruitless and Wasteful Expenditure
84389697.0,DC44,2021,irregular,Irregular Expenditure
0.0,DC44,2021,unauthorised,Unauthorised Expenditure
406049.0,DC44,2022,fruitless,Fruitless and Wasteful Expenditure
103561516.0,DC44,2022,irregular,Irregular Expenditure
0.0,DC44,2022,unauthorised,Unauthorised Expenditure
0.0,DC44,2023,fruitless,Fruitless and Wasteful Expenditure
33425663.0,DC44,2023,irregular,Irregular Expenditure
0.0,DC44,2023,unauthorised,Unauthorised Expenditure
0.0,DC44,2024,fruitless,Fruitless and Wasteful Expenditure
6915445.0,DC44,2024,irregular,Irregular Expenditure
0.0,DC44,2024,unauthorised,Unauthorised Expenditure
196017.0,DC45,2019,fruitless,Fruitless and Wasteful Expenditure
0.0,DC45,2019,irregular,Irregular Expenditure
0.0,DC45,2019,unauthorised,Unauthorised Expenditure
3144.0,DC45,2020,fruitless,Fruitless and Wasteful Expenditure
276451.0,DC45,2020,irregular,Irregular Expenditure
3247882.0,DC45,2020,unauthorised,Unauthorised Expenditure
4634.0,DC45,2021,fruitless,Fruitless and Wasteful Expenditure
230254.0,DC45,2021,irregular,Irregular Expenditure
12243216.0,DC45,2021,unauthorised,Unauthorised Expenditure
5612.0,DC45,2022,fruitless,Fruitless and Wasteful Expenditure
462387.0,DC45,2022,irregular,Irregular Expenditure
12523188.0,DC45,2022,unauthorised,Unauthorised Expenditure
373668.0,DC45,2023,fruitless,Fruitless and Wasteful Expenditure
1466705.0,DC45,2023,irregular,Irregular Expenditure
1651263.0,DC45,2023,unauthorised,Unauthorised Expenditure
225508.0,DC45,2024,fruitless,Fruitless and Wasteful Expenditure
349485.0,DC45,2024,irregular,Irregular Expenditure
11228515.0,DC45,2024,unauthorised,Unauthorised Expenditure
704596.0,DC47,2019,fruitless,Fruitless and Wasteful Expenditure
75235191.0,DC47,2019,irregular,Irregular Expenditure
194744628.0,DC47,2019,unauthorised,Unauthorised Expenditure
40343817.0,DC47,2020,fruitless,Fruitless and Wasteful Expenditure
167636259.0,DC47,2020,irregular,Irregular Expenditure
149398980.0,DC47,2020,unauthorised,Unauthorised Expenditure
344154.0,DC47,2021,fruitless,Fruitless and Wasteful Expenditure
214237255.0,DC47,2021,irregular,Irregular Expenditure
11782032.0,DC47,2021,unauthorised,Unauthorised Expenditure
10166818.0,DC47,2022,fruitless,Fruitless and Wasteful Expenditure
76787198.0,DC47,2022,irregular,Irregular Expenditure
505611.0,DC47,2022,unauthorised,Unauthorised Expenditure
15691754.0,DC47,2023,fruitless,Fruitless and Wasteful Expenditure
100432787.0,DC47,2023,irregular,Irregular Expenditure
0.0,DC47,2023,unauthorised,Unauthorised Expenditure
797517.0,DC47,2024,fruitless,Fruitless and Wasteful Expenditure
93942827.0,DC47,2024,irregular,Irregular Expenditure
21732435.0,DC47,2024,unauthorised,Unauthorised Expenditure
1590198.0,DC48,2019,fruitless,Fruitless and Wasteful Expenditure
32351368.0,DC48,2019,irregular,Irregular Expenditure
28871695.0,DC48,2019,unauthorised,Unauthorised Expenditure
4214948.0,DC48,2020,fruitless,Fruitless and Wasteful Expenditure
20803347.0,DC48,2020,irregular,Irregular Expenditure
30951146.0,DC48,2020,unauthorised,Unauthorised Expenditure
11670.0,DC48,2021,fruitless,Fruitless and Wasteful Expenditure
49069708.0,DC48,2021,irregular,Irregular Expenditure
14985588.0,DC48,2021,unauthorised,Unauthorised Expenditure
366117.0,DC48,2022,fruitless,Fruitless and Wasteful Expenditure
16963736.0,DC48,2022,irregular,Irregular Expenditure
14123641.0,DC48,2022,unauthorised,Unauthorised Expenditure
583019.0,DC48,2023,fruitless,Fruitless and Wasteful Expenditure
0.0,DC48,2023,irregular,Irregular Expenditure
5114614.0,DC48,2023,unauthorised,Unauthorised Expenditure
715957.0,DC48,2024,fruitless,Fruitless and Wasteful Expenditure
0.0,DC48,2024,irregular,Irregular Expenditure
0.0,DC48,2024,unauthorised,Unauthorised Expenditure
0.0,DC5,2019,fruitless,Fruitless and Wasteful Expenditure
15225207.0,DC5,2019,irregular,Irregular Expenditure
495377.0,DC5,2019,unauthorised,Unauthorised Expenditure
0.0,DC5,2020,fruitless,Fruitless and Wasteful Expenditure
0.0,DC5,2020,irregular,Irregular Expenditure
1435349.0,DC5,2020,unauthorised,Unauthorised Expenditure
696.0,DC5,2021,fruitless,Fruitless and Wasteful Expenditure
0.0,DC5,2021,irregular,Irregular Expenditure
69693.0,DC5,2021,unauthorised,Unauthorised Expenditure
12089.0,DC5,2022,fruitless,Fruitless and Wasteful Expenditure
6669799.0,DC5,2022,irregular,Irregular Expenditure
3865301.0,DC5,2022,unauthorised,Unauthorised Expenditure
10366.0,DC5,2023,fruitless,Fruitless and Wasteful Expenditure
18373115.0,DC5,2023,irregular,Irregular Expenditure
6127523.0,DC5,2023,unauthorised,Unauthorised Expenditure
17438.0,DC5,2024,fruitless,Fruitless and Wasteful Expenditure
3516520.0,DC5,2024,irregular,Irregular Expenditure
6758719.0,DC5,2024,unauthorised,Unauthorised Expenditure
7020.0,DC6,2019,fruitless,Fruitless and Wasteful Expenditure
3562812.0,DC6,2019,irregular,Irregular Expenditure
1929655.0,DC6,2019,unauthorised,Unauthorised Expenditure
15626.0,DC6,2020,fruitless,Fruitless and Wasteful Expenditure
337122.0,DC6,2020,irregular,Irregular Expenditure
0.0,DC6,2020,unauthorised,Unauthorised Expenditure
8305.0,DC6,2021,fruitless,Fruitless and Wasteful Expenditure
132431.0,DC6,2021,irregular,Irregular Expenditure
6294398.0,DC6,2021,unauthorised,Unauthorised Expenditure
0.0,DC6,2022,fruitless,Fruitless and Wasteful Expenditure
650.0,DC6,2022,irregular,Irregular Expenditure
2043249.0,DC6,2022,unauthorised,Unauthorised Expenditure
300.0,DC6,2023,fruitless,Fruitless and Wasteful Expenditure
2364262.0,DC6,2023,irregular,Irregular Expenditure
371074.0,DC6,2023,unauthorised,Unauthorised Expenditure
6789.0,DC6,2024,fruitless,Fruitless and Wasteful Expenditure
1936963.0,DC6,2024,irregular,Irregular Expenditure
528096.0,DC6,2024,unauthorised,Unauthorised Expenditure
71149.0,DC7,2019,fruitless,Fruitless and Wasteful Expenditure
3137960.0,DC7,2019,irregular,Irregular Expenditure
251246.0,DC7,2019,unauthorised,Unauthorised Expenditure
15126.0,DC7,2020,fruitless,Fruitless and Wasteful Expenditure
5002041.0,DC7,2020,irregular,Irregular Expenditure
0.0,DC7,2020,unauthorised,Unauthorised Expenditure
0.0,DC7,2021,fruitless,Fruitless and Wasteful Expenditure
3648697.0,DC7,2021,irregular,Irregular Expenditure
0.0,DC7,2021,unauthorised,Unauthorised Expenditure
71202.0,DC7,2022,fruitless,Fruitless and Wasteful Expenditure
3948099.0,DC7,2022,irregular,Irregular Expenditure
0.0,DC7,2022,unauthorised,Unauthorised Expenditure
230098.0,DC7,2023,fruitless,Fruitless and Wasteful Expenditure
4393263.0,DC7,2023,irregular,Irregular Expenditure
5033111.0,DC7,2023,unauthorised,Unauthorised Expenditure
472607.0,DC7,2024,fruitless,Fruitless and Wasteful Expenditure
5667306.0,DC7,2024,irregular,Irregular Expenditure
9083126.0,DC7,2024,unauthorised,Unauthorised Expenditure
81713.0,DC8,2019,fruitless,Fruitless and Wasteful Expenditure
2657532.0,DC8,2019,irregular,Irregular Expenditure
0.0,DC8,2019,unauthorised,Unauthorised Expenditure
611335.0,DC8,2020,fruitless,Fruitless and Wasteful Expenditure
4424389.0,DC8,2020,irregular,Irregular Expenditure
1160795.0,DC8,2020,unauthorised,Unauthorised Expenditure
522722.0,DC8,2021,fruitless,Fruitless and Wasteful Expenditure
3040507.0,DC8,2021,irregular,Irregular Expenditure
0.0,DC8,2021,unauthorised,Unauthorised Expenditure
9439.0,DC8,2022,fruitless,Fruitless and Wasteful Expenditure
2203641.0,DC8,2022,irregular,Irregular Expenditure
1643237.0,DC8,2022,unauthorised,Unauthorised Expenditure
23608.0,DC8,2023,fruitless,Fruitless and Wasteful Expenditure
25422.0,DC8,2023,irregular,Irregular Expenditure
0.0,DC8,2023,unauthorised,Unauthorised Expenditure
119324.0,DC8,2024,fruitless,Fruitless and Wasteful Expenditure
98874.0,DC8,2024,irregular,Irregular Expenditure
0.0,DC8,2024,unauthorised,Unauthorised Expenditure
5323.0,DC9,2019,fruitless,Fruitless and Wasteful Expenditure
5901376.0,DC9,2019,irregular,Irregular Expenditure
0.0,DC9,2019,unauthorised,Unauthorised Expenditure
0.0,DC9,2020,fruitless,Fruitless and Wasteful Expenditure
91286.0,DC9,2020,irregular,Irregular Expenditure
0.0,DC9,2020,unauthorised,Unauthorised Expenditure
0.0,DC9,2021,fruitless,Fruitless and Wasteful Expenditure
178797.0,DC9,2021,irregular,Irregular Expenditure
0.0,DC9,2021,unauthorised,Unauthorised Expenditure
0.0,DC9,2022,fruitless,Fruitless and Wasteful Expenditure
0.0,DC9,2022,irregular,Irregular Expenditure
0.0,DC9,2022,unauthorised,Unauthorised Expenditure
137592.0,DC9,2023,fruitless,Fruitless and Wasteful Expenditure
0.0,DC9,2023,irregular,Irregular Expenditure
387874.0,DC9,2023,unauthorised,Unauthorised Expenditure
0.0,DC9,2024,fruitless,Fruitless and Wasteful Expenditure
0.0,DC9,2024,irregular,Irregular Expenditure
0.0,DC9,2024,unauthorised,Unauthorised Expenditure
7813364.0,EC101,2019,fruitless,Fruitless and Wasteful Expenditure
44394130.0,EC101,2019,irregular,Irregular Expenditure
102035535.0,EC101,2019,unauthorised,Unauthorised Expenditure
8491241.0,EC101,2020,fruitless,Fruitless and Wasteful Expenditure
103453775.0,EC101,2020,irregular,Irregular Expenditure
83238437.0,EC101,2020,unauthorised,Unauthorised Expenditure
17710990.0,EC101,2021,fruitless,Fruitless and Wasteful Expenditure
28812860.0,EC101,2021,irregular,Irregular Expenditure
44076203.0,EC101,2021,unauthorised,Unauthorised Expenditure
21165224.0,EC101,2022,fruitless,Fruitless and Wasteful Expenditure
189973642.0,EC101,2022,irregular,Irregular Expenditure
60984868.0,EC101,2022,unauthorised,Unauthorised Expenditure
48315293.0,EC101,2023,fruitless,Fruitless and Wasteful Expenditure
203993717.0,EC101,2023,irregular,Irregular Expenditure
105776596.0,EC101,2023,unauthorised,Unauthorised Expenditure
55582709.0,EC101,2024,fruitless,Fruitless and Wasteful Expenditure
61772835.0,EC101,2024,irregular,Irregular Expenditure
98023159.0,EC101,2024,unauthorised,Unauthorised Expenditure
10684.0,EC102,2019,fruitless,Fruitless and Wasteful Expenditure
18904481.0,EC102,2019,irregular,Irregular Expenditure
7173518.0,EC102,2019,unauthorised,Unauthorised Expenditure
0.0,EC102,2020,fruitless,Fruitless and Wasteful Expenditure
6669405.0,EC102,2020,irregular,Irregular Expenditure
24250046.0,EC102,2020,unauthorised,Unauthorised Expenditure
6279.0,EC102,2021,fruitless,Fruitless and Wasteful Expenditure
8220177.0,EC102,2021,irregular,Irregular Expenditure
0.0,EC102,2021,unauthorised,Unauthorised Expenditure
50866.0,EC102,2022,fruitless,Fruitless and Wasteful Expenditure
10034161.0,EC102,2022,irregular,Irregular Expenditure
0.0,EC102,2022,unauthorised,Unauthorised Expenditure
303500.0,EC102,2023,fruitless,Fruitless and Wasteful Expenditure
12636784.0,EC102,2023,irregular,Irregular Expenditure
0.0,EC102,2023,unauthorised,Unauthorised Expenditure
16288656.0,EC102,2024,fruitless,Fruitless and Wasteful Expenditure
7204614.0,EC102,2024,irregular,Irregular Expenditure
12255420.0,EC102,2024,unauthorised,Unauthorised Expenditure
12788532.0,EC104,2019,fruitless,Fruitless and Wasteful Expenditure
57481023.0,EC104,2019,irregular,Irregular Expenditure
84304323.0,EC104,2019,unauthorised,Unauthorised Expenditure
3721867.0,EC104,2020,fruitless,Fruitless and Wasteful Expenditure
54457212.0,EC104,2020,irregular,Irregular Expenditure
20527539.0,EC104,2020,unauthorised,Unauthorised Expenditure
3902979.0,EC104,2021,fruitless,Fruitless and Wasteful Expenditure
25181348.0,EC104,2021,irregular,Irregular Expenditure
100121099.0,EC104,2021,unauthorised,Unauthorised Expenditure
2316269.0,EC104,2022,fruitless,Fruitless and Wasteful Expenditure
46228940.0,EC104,2022,irregular,Irregular Expenditure
101669000.0,EC104,2022,unauthorised,Unauthorised Expenditure
1.0,EC104,2023,fruitless,Fruitless and Wasteful Expenditure
36972207.0,EC104,2023,irregular,Irregular Expenditure
0.0,EC104,2023,unauthorised,Unauthorised Expenditure
31494470.0,EC104,2024,fruitless,Fruitless and Wasteful Expenditure
41510504.0,EC104,2024,irregular,Irregular Expenditure
0.0,EC104,2024,unauthorised,Unauthorised Expenditure
10662134.0,EC105,2019,fruitless,Fruitless and Wasteful Expenditure
122705267.0,EC105,2019,irregular,Irregular Expenditure
58833132.0,EC105,2019,unauthorised,Unauthorised Expenditure
11808.0,EC105,2020,fruitless,Fruitless and Wasteful Expenditure
55338298.0,EC105,2020,irregular,Irregular Expenditure
70955368.0,EC105,2020,unauthorised,Unauthorised Expenditure
60601.0,EC105,2021,fruitless,Fruitless and Wasteful Expenditure
243801231.0,EC105,2021,irregular,Irregular Expenditure
33203257.0,EC105,2021,unauthorised,Unauthorised Expenditure
4800.0,EC105,2022,fruitless,Fruitless and Wasteful Expenditure
78990362.0,EC105,2022,irregular,Irregular Expenditure
75498188.0,EC105,2022,unauthorised,Unauthorised Expenditure
654679.0,EC105,2023,fruitless,Fruitless and Wasteful Expenditure
81810509.0,EC105,2023,irregular,Irregular Expenditure
84000359.0,EC105,2023,unauthorised,Unauthorised Expenditure
53887.0,EC105,2024,fruitless,Fruitless and Wasteful Expenditure
110910511.0,EC105,2024,irregular,Irregular Expenditure
42150388.0,EC105,2024,unauthorised,Unauthorised Expenditure
798889.0,EC106,2019,fruitless,Fruitless and Wasteful Expenditure
65432659.0,EC106,2019,irregular,Irregular Expenditure
1847347.0,EC106,2019,unauthorised,Unauthorised Expenditure
4603117.0,EC106,2020,fruitless,Fruitless and Wasteful Expenditure
34804898.0,EC106,2020,irregular,Irregular Expenditure
47250816.0,EC106,2020,unauthorised,Unauthorised Expenditure
3281854.0,EC106,2021,fruitless,Fruitless and Wasteful Expenditure
29563458.0,EC106,2021,irregular,Irregular Expenditure
43714971.0,EC106,2021,unauthorised,Unauthorised Expenditure
3302622.0,EC106,2022,fruitless,Fruitless and Wasteful Expenditure
43426422.0,EC106,2022,irregular,Irregular Expenditure
24009668.0,EC106,2022,unauthorised,Unauthorised Expenditure
1646718.0,EC106,2023,fruitless,Fruitless and Wasteful Expenditure
187228310.0,EC106,2023,irregular,Irregular Expenditure
116221007.0,EC106,2023,unauthorised,Unauthorised Expenditure
5853918.0,EC106,2024,fruitless,Fruitless and Wasteful Expenditure
169621436.0,EC106,2024,irregular,Irregular Expenditure
91253082.0,EC106,2024,unauthorised,Unauthorised Expenditure
53650.0,EC108,2019,fruitless,Fruitless and Wasteful Expenditure
7660307.0,EC108,2019,irregular,Irregular Expenditure
0.0,EC108,2019,unauthorised,Unauthorised Expenditure
27485.0,EC108,2020,fruitless,Fruitless and Wasteful Expenditure
1529888.0,EC108,2020,irregular,Irregular Expenditure
0.0,EC108,2020,unauthorised,Unauthorised Expenditure
37528.0,EC108,2021,fruitless,Fruitless and Wasteful Expenditure
3540531.0,EC108,2021,irregular,Irregular Expenditure
0.0,EC108,2021,unauthorised,Unauthorised Expenditure
41005.0,EC108,2022,fruitless,Fruitless and Wasteful Expenditure
382748.0,EC108,2022,irregular,Irregular Expenditure
0.0,EC108,2022,unauthorised,Unauthorised Expenditure
111999.0,EC108,2023,fruitless,Fruitless and Wasteful Expenditure
0.0,EC108,2023,irregular,Irregular Expenditure
92827502.0,EC108,2023,unauthorised,Unauthorised Expenditure
0.0,EC108,2024,fruitless,Fruitless and Wasteful Expenditure
0.0,EC108,2024,irregular,Irregular Expenditure
0.0,EC108,2024,unauthorised,Unauthorised Expenditure
289537.0,EC109,2019,fruitless,Fruitless and Wasteful Expenditure
7652661.0,EC109,2019,irregular,Irregular Expenditure
0.0,EC109,2019,unauthorised,Unauthorised Expenditure
289020.0,EC109,2020,fruitless,Fruitless and Wasteful Expenditure
15813780.0,EC109,2020,irregular,Irregular Expenditure
0.0,EC109,2020,unauthorised,Unauthorised Expenditure
0.0,EC109,2021,fruitless,Fruitless and Wasteful Expenditure
1174448.0,EC109,2021,irregular,Irregular Expenditure
10703019.0,EC109,2021,unauthorised,Unauthorised Expenditure
393396.0,EC109,2022,fruitless,Fruitless and Wasteful Expenditure
57400090.0,EC109,2022,irregular,Irregular Expenditure
27536187.0,EC109,2022,unauthorised,Unauthorised Expenditure
375300.0,EC109,2023,fruitless,Fruitless and Wasteful Expenditure
39678204.0,EC109,2023,irregular,Irregular Expenditure
45659422.0,EC109,2023,unauthorised,Unauthorised Expenditure
943858.0,EC109,2024,fruitless,Fruitless and Wasteful Expenditure
11190068.0,EC109,2024,irregular,Irregular Expenditure
6104709.0,EC109,2024,unauthorised,Unauthorised Expenditure
184028.0,EC121,2019,fruitless,Fruitless and Wasteful Expenditure
90622833.0,EC121,2019,irregular,Irregular Expenditure
0.0,EC121,2019,unauthorised,Unauthorised Expenditure
31016.0,EC121,2020,fruitless,Fruitless and Wasteful Expenditure
41454598.0,EC121,2020,irregular,Irregular Expenditure
0.0,EC121,2020,unauthorised,Unauthorised Expenditure
204783.0,EC121,2021,fruitless,Fruitless and Wasteful Expenditure
21120100.0,EC121,2021,irregular,Irregular Expenditure
0.0,EC121,2021,unauthorised,Unauthorised Expenditure
10575214.0,EC121,2022,fruitless,Fruitless and Wasteful Expenditure
6042688.0,EC121,2022,irregular,Irregular Expenditure
0.0,EC121,2022,unauthorised,Unauthorised Expenditure
9057.0,EC121,2023,fruitless,Fruitless and Wasteful Expenditure
12796455.0,EC121,2023,irregular,Irregular Expenditure
0.0,EC121,2023,unauthorised,Unauthorised Expenditure
239859.0,EC121,2024,fruitless,Fruitless and Wasteful Expenditure
2332360.0,EC121,2024,irregular,Irregular Expenditure
0.0,EC121,2024,unauthorised,Unauthorised Expenditure
1547948.0,EC122,2019,fruitless,Fruitless and Wasteful Expenditure
32112806.0,EC122,2019,irregular,Irregular Expenditure
415282017.0,EC122,2019,unauthorised,Unauthorised Expenditure
104561.0,EC122,2020,fruitless,Fruitless and Wasteful Expenditure
27302806.0,EC122,2020,irregular,Irregular Expenditure
0.0,EC122,2020,unauthorised,Unauthorised Expenditure
3452.0,EC122,2021,fruitless,Fruitless and Wasteful Expenditure
1450978.0,EC122,2021,irregular,Irregular Expenditure
0.0,EC122,2021,unauthorised,Unauthorised Expenditure
0.0,EC122,2022,fruitless,Fruitless and Wasteful Expenditure
0.0,EC122,2022,irregular,Irregular Expenditure
0.0,EC122,2022,unauthorised,Unauthorised Expenditure
0.0,EC122,2023,fruitless,Fruitless and Wasteful Expenditure
0.0,EC122,2023,irregular,Irregular Expenditure
0.0,EC122,2023,unauthorised,Unauthorised Expenditure
0.0,EC122,2024,fruitless,Fruitless and Wasteful Expenditure
648877.0,EC122,2024,irregular,Irregular Expenditure
0.0,EC122,2024,unauthorised,Unauthorised Expenditure
1762537.0,EC123,2019,fruitless,Fruitless and Wasteful Expenditure
77000.0,EC123,2019,irregular,Irregular Expenditure
0.0,EC123,2019,unauthorised,Unauthorised Expenditure
1118314.0,EC123,2020,fruitless,Fruitless and Wasteful Expenditure
670767.0,EC123,2020,irregular,Irregular Expenditure
9398468.0,EC123,2020,unauthorised,Unauthorised Expenditure
1078955.0,EC123,2021,fruitless,Fruitless and Wasteful Expenditure
4191260.0,EC123,2021,irregular,Irregular Expenditure
31718596.0,EC123,2021,unauthorised,Unauthorised Expenditure
529545.0,EC123,2022,fruitless,Fruitless and Wasteful Expenditure
687998.0,EC123,2022,irregular,Irregular Expenditure
0.0,EC123,2022,unauthorised,Unauthorised Expenditure
238661.0,EC123,2023,fruitless,Fruitless and Wasteful Expenditure
0.0,EC123,2023,irregular,Irregular Expenditure
0.0,EC123,2023,unauthorised,Unauthorised Expenditure
6017938.0,EC123,2024,fruitless,Fruitless and Wasteful Expenditure
0.0,EC123,2024,irregular,Irregular Expenditure
0.0,EC123,2024,unauthorised,Unauthorised Expenditure
793025.0,EC124,2019,fruitless,Fruitless and Wasteful Expenditure
13134855.0,EC124,2019,irregular,Irregular Expenditure
81283113.0,EC124,2019,unauthorised,Unauthorised Expenditure
4255903.0,EC124,2020,fruitless,Fruitless and Wasteful Expenditure
29869968.0,EC124,2020,irregular,Irregular Expenditure
42340664.0,EC124,2020,unauthorised,Unauthorised Expenditure
3723612.0,EC124,2021,fruitless,Fruitless and Wasteful Expenditure
17733598.0,EC124,2021,irregular,Irregular Expenditure
49136737.0,EC124,2021,unauthorised,Unauthorised Expenditure
2105886.0,EC124,2022,fruitless,Fruitless and Wasteful Expenditure
17044012.0,EC124,2022,irregular,Irregular Expenditure
15300782.0,EC124,2022,unauthorised,Unauthorised Expenditure
10346986.0,EC124,2023,fruitless,Fruitless and Wasteful Expenditure
16673396.0,EC124,2023,irregular,Irregular Expenditure
36221353.0,EC124,2023,unauthorised,Unauthorised Expenditure
10680148.0,EC124,2024,fruitless,Fruitless and Wasteful Expenditure
23947770.0,EC124,2024,irregular,Irregular Expenditure
0.0,EC124,2024,unauthorised,Unauthorised Expenditure
102429.0,EC126,2019,fruitless,Fruitless and Wasteful Expenditure
23369342.0,EC126,2019,irregular,Irregular Expenditure
6954810.0,EC126,2019,unauthorised,Unauthorised Expenditure
13155.0,EC126,2020,fruitless,Fruitless and Wasteful Expenditure
7780084.0,EC126,2020,irregular,Irregular Expenditure
3481763.0,EC126,2020,unauthorised,Unauthorised Expenditure
16633.0,EC126,2021,fruitless,Fruitless and Wasteful Expenditure
2501349.0,EC126,2021,irregular,Irregular Expenditure
18394190.0,EC126,2021,unauthorised,Unauthorised Expenditure
12110616.0,EC126,2022,fruitless,Fruitless and Wasteful Expenditure
327212.0,EC126,2022,irregular,Irregular Expenditure
0.0,EC126,2022,unauthorised,Unauthorised Expenditure
404131.0,EC126,2023,fruitless,Fruitless and Wasteful Expenditure
3491952.0,EC126,2023,irregular,Irregular Expenditure
0.0,EC126,2023,unauthorised,Unauthorised Expenditure
598651.0,EC126,2024,fruitless,Fruitless and Wasteful Expenditure
3384307.0,EC126,2024,irregular,Irregular Expenditure
0.0,EC126,2024,unauthorised,Unauthorised Expenditure
16020834.0,EC129,2019,fruitless,Fruitless and Wasteful Expenditure
714737.0,EC129,2019,irregular,Irregular Expenditure
0.0,EC129,2019,unauthorised,Unauthorised Expenditure
19375793.0,EC129,2020,fruitless,Fruitless and Wasteful Expenditure
22248992.0,EC129,2020,irregular,Irregular Expenditure
0.0,EC129,2020,unauthorised,Unauthorised Expenditure
24948887.0,EC129,2021,fruitless,Fruitless and Wasteful Expenditure
16563951.0,EC129,2021,irregular,Irregular Expenditure
0.0,EC129,2021,unauthorised,Unauthorised Expenditure
16862114.0,EC129,2022,fruitless,Fruitless and Wasteful Expenditure
133571883.0,EC129,2022,irregular,Irregular Expenditure
3194991.0,EC129,2022,unauthorised,Unauthorised Expenditure
23345870.0,EC129,2023,fruitless,Fruitless and Wasteful Expenditure
80969058.0,EC129,2023,irregular,Irregular Expenditure
0.0,EC129,2023,unauthorised,Unauthorised Expenditure
10609426.0,EC129,2024,fruitless,Fruitless and Wasteful Expenditure
24728808.0,EC129,2024,irregular,Irregular Expenditure
0.0,EC129,2024,unauthorised,Unauthorised Expenditure
13552079.0,EC131,2019,fruitless,Fruitless and Wasteful Expenditure
70101912.0,EC131,2019,irregular,Irregular Expenditure
76789145.0,EC131,2019,unauthorised,Unauthorised Expenditure
13743810.0,EC131,2020,fruitless,Fruitless and Wasteful Expenditure
59791985.0,EC131,2020,irregular,Irregular Expenditure
68671154.0,EC131,2020,unauthorised,Unauthorised Expenditure
10195102.0,EC131,2021,fruitless,Fruitless and Wasteful Expenditure
80153314.0,EC131,2021,irregular,Irregular Expenditure
133180825.0,EC131,2021,unauthorised,Unauthorised Expenditure
18953929.0,EC131,2022,fruitless,Fruitless and Wasteful Expenditure
65832460.0,EC131,2022,irregular,Irregular Expenditure
141766871.0,EC131,2022,unauthorised,Unauthorised Expenditure
40544975.0,EC131,2023,fruitless,Fruitless and Wasteful Expenditure
36031067.0,EC131,2023,irregular,Irregular Expenditure
104488555.0,EC131,2023,unauthorised,Unauthorised Expenditure
1322580.0,EC131,2024,fruitless,Fruitless and Wasteful Expenditure
58219678.0,EC131,2024,irregular,Irregular Expenditure
22987861.0,EC131,2024,unauthorised,Unauthorised Expenditure
320813.0,EC135,2019,fruitless,Fruitless and Wasteful Expenditure
25609811.0,EC135,2019,irregular,Irregular Expenditure
0.0,EC135,2019,unauthorised,Unauthorised Expenditure
7398889.0,EC135,2020,fruitless,Fruitless and Wasteful Expenditure
37785772.0,EC135,2020,irregular,Irregular Expenditure
0.0,EC135,2020,unauthorised,Unauthorised Expenditure
9294439.0,EC135,2021,fruitless,Fruitless and Wasteful Expenditure
7423045.0,EC135,2021,irregular,Irregular Expenditure
21088632.0,EC135,2021,unauthorised,Unauthorised Expenditure
2547526.0,EC135,2022,fruitless,Fruitless and Wasteful Expenditure
1395933.0,EC135,2022,irregular,Irregular Expenditure
29393255.0,EC135,2022,unauthorised,Unauthorised Expenditure
20098712.0,EC135,2023,fruitless,Fruitless and Wasteful Expenditure
23237818.0,EC135,2023,irregular,Irregular Expenditure
10004643.0,EC135,2023,unauthorised,Unauthorised Expenditure
8458.0,EC135,2024,fruitless,Fruitless and Wasteful Expenditure
21422492.0,EC135,2024,irregular,Irregular Expenditure
18850923.0,EC135,2024,unauthorised,Unauthorised Expenditure
9464822.0,EC136,2019,fruitless,Fruitless and Wasteful Expenditure
5496970.0,EC136,2019,irregular,Irregular Expenditure
20728093.0,EC136,2019,unauthorised,Unauthorised Expenditure
17028962.0,EC136,2020,fruitless,Fruitless and Wasteful Expenditure
2023900.0,EC136,2020,irregular,Irregular Expenditure
21017175.0,EC136,2020,unauthorised,Unauthorised Expenditure
6190852.0,EC136,2021,fruitless,Fruitless and Wasteful Expenditure
5292688.0,EC136,2021,irregular,Irregular Expenditure
10373137.0,EC136,2021,unauthorised,Unauthorised Expenditure
1061646.0,EC136,2022,fruitless,Fruitless and Wasteful Expenditure
27891580.0,EC136,2022,irregular,Irregular Expenditure
37346196.0,EC136,2022,unauthorised,Unauthorised Expenditure
866353.0,EC136,2023,fruitless,Fruitless and Wasteful Expenditure
10041735.0,EC136,2023,irregular,Irregular Expenditure
10476376.0,EC136,2023,unauthorised,Unauthorised Expenditure
34743.0,EC136,2024,fruitless,Fruitless and Wasteful Expenditure
16250960.0,EC136,2024,irregular,Irregular Expenditure
27622724.0,EC136,2024,unauthorised,Unauthorised Expenditure
119600.0,EC137,2019,fruitless,Fruitless and Wasteful Expenditure
24631368.0,EC137,2019,irregular,Irregular Expenditure
0.0,EC137,2019,unauthorised,Unauthorised Expenditure
338835.0,EC137,2020,fruitless,Fruitless and Wasteful Expenditure
3690545.0,EC137,2020,irregular,Irregular Expenditure
0.0,EC137,2020,unauthorised,Unauthorised Expenditure
0.0,EC137,2021,fruitless,Fruitless and Wasteful Expenditure
7527050.0,EC137,2021,irregular,Irregular Expenditure
0.0,EC137,2021,unauthorised,Unauthorised Expenditure
0.0,EC137,2022,fruitless,Fruitless and Wasteful Expenditure
105058078.0,EC137,2022,irregular,Irregular Expenditure
0.0,EC137,2022,unauthorised,Unauthorised Expenditure
8540643.0,EC137,2023,fruitless,Fruitless and Wasteful Expenditure
61033602.0,EC137,2023,irregular,Irregular Expenditure
0.0,EC137,2023,unauthorised,Unauthorised Expenditure
1357342.0,EC137,2024,fruitless,Fruitless and Wasteful Expenditure
69656394.0,EC137,2024,irregular,Irregular Expenditure
0.0,EC137,2024,unauthorised,Unauthorised Expenditure
1535956.0,EC138,2019,fruitless,Fruitless and Wasteful Expenditure
2269677.0,EC138,2019,irregular,Irregular Expenditure
10250907.0,EC138,2019,unauthorised,Unauthorised Expenditure
359299.0,EC138,2020,fruitless,Fruitless and Wasteful Expenditure
4586460.0,EC138,2020,irregular,Irregular Expenditure
6809027.0,EC138,2020,unauthorised,Unauthorised Expenditure
301433.0,EC138,2021,fruitless,Fruitless and Wasteful Expenditure
13756975.0,EC138,2021,irregular,Irregular Expenditure
0.0,EC138,2021,unauthorised,Unauthorised Expenditure
253269.0,EC138,2022,fruitless,Fruitless and Wasteful Expenditure
10141878.0,EC138,2022,irregular,Irregular Expenditure
9127217.0,EC138,2022,unauthorised,Unauthorised Expenditure
988939.0,EC138,2023,fruitless,Fruitless and Wasteful Expenditure
17525372.0,EC138,2023,irregular,Irregular Expenditure
24556413.0,EC138,2023,unauthorised,Unauthorised Expenditure
1056957.0,EC138,2024,fruitless,Fruitless and Wasteful Expenditure
13133178.0,EC138,2024,irregular,Irregular Expenditure
21137571.0,EC138,2024,unauthorised,Unauthorised Expenditure
6288407.0,EC139,2019,fruitless,Fruitless and Wasteful Expenditure
39882355.0,EC139,2019,irregular,Irregular Expenditure
141878474.0,EC139,2019,unauthorised,Unauthorised Expenditure
4956885.0,EC139,2020,fruitless,Fruitless and Wasteful Expenditure
79610959.0,EC139,2020,irregular,Irregular Expenditure
480521371.0,EC139,2020,unauthorised,Unauthorised Expenditure
122467434.0,EC139,2021,fruitless,Fruitless and Wasteful Expenditure
52650401.0,EC139,2021,irregular,Irregular Expenditure
189203120.0,EC139,2021,unauthorised,Unauthorised Expenditure
47275269.0,EC139,2022,fruitless,Fruitless and Wasteful Expenditure
117639599.0,EC139,2022,irregular,Irregular Expenditure
406638307.0,EC139,2022,unauthorised,Unauthorised Expenditure
135703188.0,EC139,2023,fruitless,Fruitless and Wasteful Expenditure
416199114.0,EC139,2023,irregular,Irregular Expenditure
487930609.0,EC139,2023,unauthorised,Unauthorised Expenditure
50997449.0,EC139,2024,fruitless,Fruitless and Wasteful Expenditure
221734177.0,EC139,2024,irregular,Irregular Expenditure
381588328.0,EC139,2024,unauthorised,Unauthorised Expenditure
0.0,EC141,2019,fruitless,Fruitless and Wasteful Expenditure
50575910.0,EC141,2019,irregular,Irregular Expenditure
0.0,EC141,2019,unauthorised,Unauthorised Expenditure
627861.0,EC141,2020,fruitless,Fruitless and Wasteful Expenditure
31022164.0,EC141,2020,irregular,Irregular Expenditure
20370364.0,EC141,2020,unauthorised,Unauthorised Expenditure
7000.0,EC141,2021,fruitless,Fruitless and Wasteful Expenditure
12939705.0,EC141,2021,irregular,Irregular Expenditure
0.0,EC141,2021,unauthorised,Unauthorised Expenditure
0.0,EC141,2022,fruitless,Fruitless and Wasteful Expenditure
1126075.0,EC141,2022,irregular,Irregular Expenditure
86325.0,EC141,2022,unauthorised,Unauthorised Expenditure
1162.0,EC141,2023,fruitless,Fruitless and Wasteful Expenditure
0.0,EC141,2023,irregular,Irregular Expenditure
0.0,EC141,2023,unauthorised,Unauthorised Expenditure
0.0,EC141,2024,fruitless,Fruitless and Wasteful Expenditure
0.0,EC141,2024,irregular,Irregular Expenditure
0.0,EC141,2024,unauthorised,Unauthorised Expenditure
74326.0,EC142,2019,fruitless,Fruitless and Wasteful Expenditure
14235461.0,EC142,2019,irregular,Irregular Expenditure
0.0,EC142,2019,unauthorised,Unauthorised Expenditure
5700.0,EC142,2020,fruitless,Fruitless and Wasteful Expenditure
9537115.0,EC142,2020,irregular,Irregular Expenditure
0.0,EC142,2020,unauthorised,Unauthorised Expenditure
54880.0,EC142,2021,fruitless,Fruitless and Wasteful Expenditure
498236.0,EC142,2021,irregular,Irregular Expenditure
0.0,EC142,2021,unauthorised,Unauthorised Expenditure
0.0,EC142,2022,fruitless,Fruitless and Wasteful Expenditure
119989.0,EC142,2022,irregular,Irregular Expenditure
0.0,EC142,2022,unauthorised,Unauthorised Expenditure
1888774.0,EC142,2023,fruitless,Fruitless and Wasteful Expenditure
37016855.0,EC142,2023,irregular,Irregular Expenditure
0.0,EC142,2023,unauthorised,Unauthorised Expenditure
60808.0,EC142,2024,fruitless,Fruitless and Wasteful Expenditure
5778289.0,EC142,2024,irregular,Irregular Expenditure
2049931.0,EC142,2024,unauthorised,Unauthorised Expenditure
23252488.0,EC145,2019,fruitless,Fruitless and Wasteful Expenditure
19384435.0,EC145,2019,irregular,Irregular Expenditure
78391289.0,EC145,2019,unauthorised,Unauthorised Expenditure
23235902.0,EC145,2020,fruitless,Fruitless and Wasteful Expenditure
52978912.0,EC145,2020,irregular,Irregular Expenditure
76757724.0,EC145,2020,unauthorised,Unauthorised Expenditure
240932.0,EC145,2021,fruitless,Fruitless and Wasteful Expenditure
25250690.0,EC145,2021,irregular,Irregular Expenditure
116305926.0,EC145,2021,unauthorised,Unauthorised Expenditure
33904601.0,EC145,2022,fruitless,Fruitless and Wasteful Expenditure
18268310.0,EC145,2022,irregular,Irregular Expenditure
25838281.0,EC145,2022,unauthorised,Unauthorised Expenditure
40266063.0,EC145,2023,fruitless,Fruitless and Wasteful Expenditure
10689096.0,EC145,2023,irregular,Irregular Expenditure
50703187.0,EC145,2023,unauthorised,Unauthorised Expenditure
8451426.0,EC145,2024,fruitless,Fruitless and Wasteful Expenditure
21753166.0,EC145,2024,irregular,Irregular Expenditure
99446701.0,EC145,2024,unauthorised,Unauthorised Expenditure
0.0,EC153,2019,fruitless,Fruitless and Wasteful Expenditure
7287436.0,EC153,2019,irregular,Irregular Expenditure
0.0,EC153,2019,unauthorised,Unauthorised Expenditure
0.0,EC153,2020,fruitless,Fruitless and Wasteful Expenditure
1594017.0,EC153,2020,irregular,Irregular Expenditure
0.0,EC153,2020,unauthorised,Unauthorised Expenditure
0.0,EC153,2021,fruitless,Fruitless and Wasteful Expenditure
1906549.0,EC153,2021,irregular,Irregular Expenditure
0.0,EC153,2021,unauthorised,Unauthorised Expenditure
17290.0,EC153,2022,fruitless,Fruitless and Wasteful Expenditure
8347656.0,EC153,2022,irregular,Irregular Expenditure
0.0,EC153,2022,unauthorised,Unauthorised Expenditure
1072138.0,EC153,2023,fruitless,Fruitless and Wasteful Expenditure
3413719.0,EC153,2023,irregular,Irregular Expenditure
0.0,EC153,2023,unauthorised,Unauthorised Expenditure
46777.0,EC153,2024,fruitless,Fruitless and Wasteful Expenditure
8854977.0,EC153,2024,irregular,Irregular Expenditure
0.0,EC153,2024,unauthorised,Unauthorised Expenditure
880946.0,EC154,2019,fruitless,Fruitless and Wasteful Expenditure
6100688.0,EC154,2019,irregular,Irregular Expenditure
3987958.0,EC154,2019,unauthorised,Unauthorised Expenditure
11001.0,EC154,2020,fruitless,Fruitless and Wasteful Expenditure
65233391.0,EC154,2020,irregular,Irregular Expenditure
0.0,EC154,2020,unauthorised,Unauthorised Expenditure
762396.0,EC154,2021,fruitless,Fruitless and Wasteful Expenditure
41634944.0,EC154,2021,irregular,Irregular Expenditure
65520518.0,EC154,2021,unauthorised,Unauthorised Expenditure
794685.0,EC154,2022,fruitless,Fruitless and Wasteful Expenditure
15732636.0,EC154,2022,irregular,Irregular Expenditure
49529466.0,EC154,2022,unauthorised,Unauthorised Expenditure
780962.0,EC154,2023,fruitless,Fruitless and Wasteful Expenditure
7586403.0,EC154,2023,irregular,Irregular Expenditure
20215146.0,EC154,2023,unauthorised,Unauthorised Expenditure
2081746.0,EC154,2024,fruitless,Fruitless and Wasteful Expenditure
1544655.0,EC154,2024,irregular,Irregular Expenditure
43667656.0,EC154,2024,unauthorised,Unauthorised Expenditure
2926.0,EC155,2019,fruitless,Fruitless and Wasteful Expenditure
62121460.0,EC155,2019,irregular,Irregular Expenditure
0.0,EC155,2019,unauthorised,Unauthorised Expenditure
4389.0,EC155,2020,fruitless,Fruitless and Wasteful Expenditure
29278525.0,EC155,2020,irregular,Irregular Expenditure
0.0,EC155,2020,unauthorised,Unauthorised Expenditure
2069789.0,EC155,2021,fruitless,Fruitless and Wasteful Expenditure
251301509.0,EC155,2021,irregular,Irregular Expenditure
0.0,EC155,2021,unauthorised,Unauthorised Expenditure
3797.0,EC155,2022,fruitless,Fruitless and Wasteful Expenditure
111789064.0,EC155,2022,irregular,Irregular Expenditure
0.0,EC155,2022,unauthorised,Unauthorised Expenditure
278088.0,EC155,2023,fruitless,Fruitless and Wasteful Expenditure
56540636.0,EC155,2023,irregular,Irregular Expenditure
0.0,EC155,2023,unauthorised,Unauthorised Expenditure
4979034.0,EC155,2024,fruitless,Fruitless and Wasteful Expenditure
168514540.0,EC155,2024,irregular,Irregular Expenditure
0.0,EC155,2024,unauthorised,Unauthorised Expenditure
10809.0,EC156,2019,fruitless,Fruitless and Wasteful Expenditure
14533044.0,EC156,2019,irregular,Irregular Expenditure
12822451.0,EC156,2019,unauthorised,Unauthorised Expenditure
631574.0,EC156,2020,fruitless,Fruitless and Wasteful Expenditure
18112709.0,EC156,2020,irregular,Irregular Expenditure
23985353.0,EC156,2020,unauthorised,Unauthorised Expenditure
119052.0,EC156,2021,fruitless,Fruitless and Wasteful Expenditure
5914423.0,EC156,2021,irregular,Irregular Expenditure
0.0,EC156,2021,unauthorised,Unauthorised Expenditure
6760.0,EC156,2022,fruitless,Fruitless and Wasteful Expenditure
4815297.0,EC156,2022,irregular,Irregular Expenditure
11405482.0,EC156,2022,unauthorised,Unauthorised Expenditure
17842.0,EC156,2023,fruitless,Fruitless and Wasteful Expenditure
145946.0,EC156,2023,irregular,Irregular Expenditure
10554476.0,EC156,2023,unauthorised,Unauthorised Expenditure
18875850.0,EC156,2024,fruitless,Fruitless and Wasteful Expenditure
13329101.0,EC156,2024,irregular,Irregular Expenditure
1925000.0,EC156,2024,unauthorised,Unauthorised Expenditure
12790059.0,EC157,2019,fruitless,Fruitless and Wasteful Expenditure
58280722.0,EC157,2019,irregular,Irregular Expenditure
59003430.0,EC157,2019,unauthorised,Unauthorised Expenditure
23638291.0,EC157,2020,fruitless,Fruitless and Wasteful Expenditure
23504876.0,EC157,2020,irregular,Irregular Expenditure
144822972.0,EC157,2020,unauthorised,Unauthorised Expenditure
19562870.0,EC157,2021,fruitless,Fruitless and Wasteful Expenditure
9284672.0,EC157,2021,irregular,Irregular Expenditure
3646060.0,EC157,2021,unauthorised,Unauthorised Expenditure
11924271.0,EC157,2022,fruitless,Fruitless and Wasteful Expenditure
1309871311.0,EC157,2022,irregular,Irregular Expenditure
129569158.0,EC157,2022,unauthorised,Unauthorised Expenditure
8236033.0,EC157,2023,fruitless,Fruitless and Wasteful Expenditure
8867830.0,EC157,2023,irregular,Irregular Expenditure
197723397.0,EC157,2023,unauthorised,Unauthorised Expenditure
17216329.0,EC157,2024,fruitless,Fruitless and Wasteful Expenditure
25404036.0,EC157,2024,irregular,Irregular Expenditure
39307623.0,EC157,2024,unauthorised,Unauthorised Expenditure
5345.0,EC441,2019,fruitless,Fruitless and Wasteful Expenditure
7135420.0,EC441,2019,irregular,Irregular Expenditure
0.0,EC441,2019,unauthorised,Unauthorised Expenditure
3082.0,EC441,2020,fruitless,Fruitless and Wasteful Expenditure
1522660.0,EC441,2020,irregular,Irregular Expenditure
38451759.0,EC441,2020,unauthorised,Unauthorised Expenditure
901631.0,EC441,2021,fruitless,Fruitless and Wasteful Expenditure
15127717.0,EC441,2021,irregular,Irregular Expenditure
69601485.0,EC441,2021,unauthorised,Unauthorised Expenditure
47689.0,EC441,2022,fruitless,Fruitless and Wasteful Expenditure
10278551.0,EC441,2022,irregular,Irregular Expenditure
93380933.0,EC441,2022,unauthorised,Unauthorised Expenditure
134122.0,EC441,2023,fruitless,Fruitless and Wasteful Expenditure
200000.0,EC441,2023,irregular,Irregular Expenditure
0.0,EC441,2023,unauthorised,Unauthorised Expenditure
218664.0,EC441,2024,fruitless,Fruitless and Wasteful Expenditure
217800.0,EC441,2024,irregular,Irregular Expenditure
85274.0,EC441,2024,unauthorised,Unauthorised Expenditure
2160825.0,EC442,2019,fruitless,Fruitless and Wasteful Expenditure
25922507.0,EC442,2019,irregular,Irregular Expenditure
16901217.0,EC442,2019,unauthorised,Unauthorised Expenditure
0.0,EC442,2020,fruitless,Fruitless and Wasteful Expenditure
183657.0,EC442,2020,irregular,Irregular Expenditure
0.0,EC442,2020,unauthorised,Unauthorised Expenditure
61343.0,EC442,2021,fruitless,Fruitless and Wasteful Expenditure
0.0,EC442,2021,irregular,Irregular Expenditure
0.0,EC442,2021,unauthorised,Unauthorised Expenditure
0.0,EC442,2022,fruitless,Fruitless and Wasteful Expenditure
0.0,EC442,2022,irregular,Irregular Expenditure
77440532.0,EC442,2022,unauthorised,Unauthorised Expenditure
0.0,EC442,2023,fruitless,Fruitless and Wasteful Expenditure
26840657.0,EC442,2023,irregular,Irregular Expenditure
11030132.0,EC442,2023,unauthorised,Unauthorised Expenditure
450665.0,EC442,2024,fruitless,Fruitless and Wasteful Expenditure
24323341.0,EC442,2024,irregular,Irregular Expenditure
623511.0,EC442,2024,unauthorised,Unauthorised Expenditure
65519.0,EC443,2019,fruitless,Fruitless and Wasteful Expenditure
22177720.0,EC443,2019,irregular,Irregular Expenditure
0.0,EC443,2019,unauthorised,Unauthorised Expenditure
96737.0,EC443,2020,fruitless,Fruitless and Wasteful Expenditure
5722982.0,EC443,2020,irregular,Irregular Expenditure
0.0,EC443,2020,unauthorised,Unauthorised Expenditure
1473.0,EC443,2021,fruitless,Fruitless and Wasteful Expenditure
1590000.0,EC443,2021,irregular,Irregular Expenditure
0.0,EC443,2021,unauthorised,Unauthorised Expenditure
355000.0,EC443,2022,fruitless,Fruitless and Wasteful Expenditure
15795.0,EC443,2022,irregular,Irregular Expenditure
0.0,EC443,2022,unauthorised,Unauthorised Expenditure
5053048.0,EC443,2023,fruitless,Fruitless and Wasteful Expenditure
1842061.0,EC443,2023,irregular,Irregular Expenditure
0.0,EC443,2023,unauthorised,Unauthorised Expenditure
50783.0,EC443,2024,fruitless,Fruitless and Wasteful Expenditure
167516493.0,EC443,2024,irregular,Irregular Expenditure
0.0,EC443,2024,unauthorised,Unauthorised Expenditure
677586.0,EC444,2019,fruitless,Fruitless and Wasteful Expenditure
10475717.0,EC444,2019,irregular,Irregular Expenditure
1034790.0,EC444,2019,unauthorised,Unauthorised Expenditure
4203628.0,EC444,2020,fruitless,Fruitless and Wasteful Expenditure
2438210.0,EC444,2020,irregular,Irregular Expenditure
69009944.0,EC444,2020,unauthorised,Unauthorised Expenditure
23828974.0,EC444,2021,fruitless,Fruitless and Wasteful Expenditure
15362118.0,EC444,2021,irregular,Irregular Expenditure
0.0,EC444,2021,unauthorised,Unauthorised Expenditure
2359952.0,EC444,2022,fruitless,Fruitless and Wasteful Expenditure
19133687.0,EC444,2022,irregular,Irregular Expenditure
0.0,EC444,2022,unauthorised,Unauthorised Expenditure
415379.0,EC444,2023,fruitless,Fruitless and Wasteful Expenditure
24279501.0,EC444,2023,irregular,Irregular Expenditure
0.0,EC444,2023,unauthorised,Unauthorised Expenditure
720859.0,EC444,2024,fruitless,Fruitless and Wasteful Expenditure
6361145.0,EC444,2024,irregular,Irregular Expenditure
0.0,EC444,2024,unauthorised,Unauthorised Expenditure
0.0,EKU,2019,fruitless,Fruitless and Wasteful Expenditure
413006296.0,EKU,2019,irregular,Irregular Expenditure
0.0,EKU,2019,unauthorised,Unauthorised Expenditure
1958267.0,EKU,2020,fruitless,Fruitless and Wasteful Expenditure
146976287.0,EKU,2020,irregular,Irregular Expenditure
0.0,EKU,2020,unauthorised,Unauthorised Expenditure
641430.0,EKU,2021,fruitless,Fruitless and Wasteful Expenditure
226029141.0,EKU,2021,irregular,Irregular Expenditure
0.0,EKU,2021,unauthorised,Unauthorised Expenditure
5711178.0,EKU,2022,fruitless,Fruitless and Wasteful Expenditure
288461210.0,EKU,2022,irregular,Irregular Expenditure
0.0,EKU,2022,unauthorised,Unauthorised Expenditure
75328087.0,EKU,2023,fruitless,Fruitless and Wasteful Expenditure
69504146.0,EKU,2023,irregular,Irregular Expenditure
0.0,EKU,2023,unauthorised,Unauthorised Expenditure
407324.0,EKU,2024,fruitless,Fruitless and Wasteful Expenditure
124195872.0,EKU,2024,irregular,Irregular Expenditure
397107942.0,EKU,2024,unauthorised,Unauthorised Expenditure
4064000.0,ETH,2019,fruitless,Fruitless and Wasteful Expenditure
2341357000.0,ETH,2019,irregular,Irregular Expenditure
0.0,ETH,2019,unauthorised,Unauthorised Expenditure
5107000.0,ETH,2020,fruitless,Fruitless and Wasteful Expenditure
1072027000.0,ETH,2020,irregular,Irregular Expenditure
1778772000.0,ETH,2020,unauthorised,Unauthorised Expenditure
9573000.0,ETH,2021,fruitless,Fruitless and Wasteful Expenditure
770324000.0,ETH,2021,irregular,Irregular Expenditure
0.0,ETH,2021,unauthorised,Unauthorised Expenditure
2058000.0,ETH,2022,fruitless,Fruitless and Wasteful Expenditure
1497679000.0,ETH,2022,irregular,Irregular Expenditure
0.0,ETH,2022,unauthorised,Unauthorised Expenditure
579000.0,ETH,2023,fruitless,Fruitless and Wasteful Expenditure
2408877000.0,ETH,2023,irregular,Irregular Expenditure
0.0,ETH,2023,unauthorised,Unauthorised Expenditure
6723000.0,ETH,2024,fruitless,Fruitless and Wasteful Expenditure
1612015000.0,ETH,2024,irregular,Irregular Expenditure
0.0,ETH,2024,unauthorised,Unauthorised Expenditure
2046204.0,FS161,2019,fruitless,Fruitless and Wasteful Expenditure
27592472.0,FS161,2019,irregular,Irregular Expenditure
119091292.0,FS161,2019,unauthorised,Unauthorised Expenditure
5727502.0,FS161,2020,fruitless,Fruitless and Wasteful Expenditure
30298804.0,FS161,2020,irregular,Irregular Expenditure
91986310.0,FS161,2020,unauthorised,Unauthorised Expenditure
8785108.0,FS161,2021,fruitless,Fruitless and Wasteful Expenditure
164094118.0,FS161,2021,irregular,Irregular Expenditure
177058547.0,FS161,2021,unauthorised,Unauthorised Expenditure
9837817.0,FS161,2022,fruitless,Fruitless and Wasteful Expenditure
0.0,FS161,2022,irregular,Irregular Expenditure
206285385.0,FS161,2022,unauthorised,Unauthorised Expenditure
14132345.0,FS161,2023,fruitless,Fruitless and Wasteful Expenditure
82212532.0,FS161,2023,irregular,Irregular Expenditure
224025210.0,FS161,2023,unauthorised,Unauthorised Expenditure
24346762.0,FS161,2024,fruitless,Fruitless and Wasteful Expenditure
41029233.0,FS161,2024,irregular,Irregular Expenditure
127262723.0,FS161,2024,unauthorised,Unauthorised Expenditure
60497109.0,FS162,2019,fruitless,Fruitless and Wasteful Expenditure
29488979.0,FS162,2019,irregular,Irregular Expenditure
73179676.0,FS162,2019,unauthorised,Unauthorised Expenditure
57544681.0,FS162,2020,fruitless,Fruitless and Wasteful Expenditure
2032019.0,FS162,2020,irregular,Irregular Expenditure
130777952.0,FS162,2020,unauthorised,Unauthorised Expenditure
0.0,FS162,2021,fruitless,Fruitless and Wasteful Expenditure
0.0,FS162,2021,irregular,Irregular Expenditure
0.0,FS162,2021,unauthorised,Unauthorised Expenditure
70717172.0,FS162,2022,fruitless,Fruitless and Wasteful Expenditure
397334.0,FS162,2022,irregular,Irregular Expenditure
283577204.0,FS162,2022,unauthorised,Unauthorised Expenditure
75695862.0,FS162,2023,fruitless,Fruitless and Wasteful Expenditure
10836622.0,FS162,2023,irregular,Irregular Expenditure
126307999.0,FS162,2023,unauthorised,Unauthorised Expenditure
95292012.0,FS162,2024,fruitless,Fruitless and Wasteful Expenditure
6037880.0,FS162,2024,irregular,Irregular Expenditure
0.0,FS162,2024,unauthorised,Unauthorised Expenditure
9321508.0,FS163,2019,fruitless,Fruitless and Wasteful Expenditure
6053543.0,FS163,2019,irregular,Irregular Expenditure
56579310.0,FS163,2019,unauthorised,Unauthorised Expenditure
18969559.0,FS163,2020,fruitless,Fruitless and Wasteful Expenditure
182706288.0,FS163,2020,irregular,Irregular Expenditure
80356139.0,FS163,2020,unauthorised,Unauthorised Expenditure
11203586.0,FS163,2021,fruitless,Fruitless and Wasteful Expenditure
24803506.0,FS163,2021,irregular,Irregular Expenditure
53672874.0,FS163,2021,unauthorised,Unauthorised Expenditure
15567475.0,FS163,2022,fruitless,Fruitless and Wasteful Expenditure
19357823.0,FS163,2022,irregular,Irregular Expenditure
150887899.0,FS163,2022,unauthorised,Unauthorised Expenditure
12731016.0,FS163,2023,fruitless,Fruitless and Wasteful Expenditure
4693795.0,FS163,2023,irregular,Irregular Expenditure
47176408.0,FS163,2023,unauthorised,Unauthorised Expenditure
5560843.0,FS163,2024,fruitless,Fruitless and Wasteful Expenditure
6756460.0,FS163,2024,irregular,Irregular Expenditure
0.0,FS163,2024,unauthorised,Unauthorised Expenditure
566934.0,FS181,2019,fruitless,Fruitless and Wasteful Expenditure
1646923.0,FS181,2019,irregular,Irregular Expenditure
13645259.0,FS181,2019,unauthorised,Unauthorised Expenditure
3996942.0,FS181,2020,fruitless,Fruitless and Wasteful Expenditure
7835399.0,FS181,2020,irregular,Irregular Expenditure
156187275.0,FS181,2020,unauthorised,Unauthorised Expenditure
0.0,FS181,2021,fruitless,Fruitless and Wasteful Expenditure
0.0,FS181,2021,irregular,Irregular Expenditure
0.0,FS181,2021,unauthorised,Unauthorised Expenditure
60000.0,FS181,2022,fruitless,Fruitless and Wasteful Expenditure
0.0,FS181,2022,irregular,Irregular Expenditure
0.0,FS181,2022,unauthorised,Unauthorised Expenditure
60000.0,FS181,2023,fruitless,Fruitless and Wasteful Expenditure
867856859.0,FS181,2023,irregular,Irregular Expenditure
0.0,FS181,2023,unauthorised,Unauthorised Expenditure
22301182.0,FS181,2024,fruitless,Fruitless and Wasteful Expenditure
11929680.0,FS181,2024,irregular,Irregular Expenditure
0.0,FS181,2024,unauthorised,Unauthorised Expenditure
6817538.0,FS182,2019,fruitless,Fruitless and Wasteful Expenditure
26117188.0,FS182,2019,irregular,Irregular Expenditure
166163385.0,FS182,2019,unauthorised,Unauthorised Expenditure
9151534.0,FS182,2020,fruitless,Fruitless and Wasteful Expenditure
19140858.0,FS182,2020,irregular,Irregular Expenditure
97912700.0,FS182,2020,unauthorised,Unauthorised Expenditure
0.0,FS182,2021,fruitless,Fruitless and Wasteful Expenditure
0.0,FS182,2021,irregular,Irregular Expenditure
0.0,FS182,2021,unauthorised,Unauthorised Expenditure
13318075.0,FS182,2022,fruitless,Fruitless and Wasteful Expenditure
103270220.0,FS182,2022,irregular,Irregular Expenditure
15966875.0,FS182,2022,unauthorised,Unauthorised Expenditure
17450404.0,FS182,2023,fruitless,Fruitless and Wasteful Expenditure
11844548.0,FS182,2023,irregular,Irregular Expenditure
0.0,FS182,2023,unauthorised,Unauthorised Expenditure
39647935.0,FS182,2024,fruitless,Fruitless and Wasteful Expenditure
10988167.0,FS182,2024,irregular,Irregular Expenditure
6178974.0,FS182,2024,unauthorised,Unauthorised Expenditure
2290006.0,FS183,2019,fruitless,Fruitless and Wasteful Expenditure
55673449.0,FS183,2019,irregular,Irregular Expenditure
4049823.0,FS183,2019,unauthorised,Unauthorised Expenditure
611276.0,FS183,2020,fruitless,Fruitless and Wasteful Expenditure
38931797.0,FS183,2020,irregular,Irregular Expenditure
248450.0,FS183,2020,unauthorised,Unauthorised Expenditure
24039.0,FS183,2021,fruitless,Fruitless and Wasteful Expenditure
25279466.0,FS183,2021,irregular,Irregular Expenditure
1387000.0,FS183,2021,unauthorised,Unauthorised Expenditure
3734381.0,FS183,2022,fruitless,Fruitless and Wasteful Expenditure
35882570.0,FS183,2022,irregular,Irregular Expenditure
18763709.0,FS183,2022,unauthorised,Unauthorised Expenditure
9366529.0,FS183,2023,fruitless,Fruitless and Wasteful Expenditure
52370821.0,FS183,2023,irregular,Irregular Expenditure
6085826.0,FS183,2023,unauthorised,Unauthorised Expenditure
13641644.0,FS183,2024,fruitless,Fruitless and Wasteful Expenditure
57579340.0,FS183,2024,irregular,Irregular Expenditure
63608660.0,FS183,2024,unauthorised,Unauthorised Expenditure
281881146.0,FS184,2019,fruitless,Fruitless and Wasteful Expenditure
307018306.0,FS184,2019,irregular,Irregular Expenditure
1538965912.0,FS184,2019,unauthorised,Unauthorised Expenditure
281932415.0,FS184,2020,fruitless,Fruitless and Wasteful Expenditure
339793590.0,FS184,2020,irregular,Irregular Expenditure
1499069612.0,FS184,2020,unauthorised,Unauthorised Expenditure
105472288.0,FS184,2021,fruitless,Fruitless and Wasteful Expenditure
453550791.0,FS184,2021,irregular,Irregular Expenditure
1274087422.0,FS184,2021,unauthorised,Unauthorised Expenditure
180736297.0,FS184,2022,fruitless,Fruitless and Wasteful Expenditure
307922701.0,FS184,2022,irregular,Irregular Expenditure
1474880000.0,FS184,2022,unauthorised,Unauthorised Expenditure
341571055.0,FS184,2023,fruitless,Fruitless and Wasteful Expenditure
175128873.0,FS184,2023,irregular,Irregular Expenditure
1067576616.0,FS184,2023,unauthorised,Unauthorised Expenditure
239024031.0,FS184,2024,fruitless,Fruitless and Wasteful Expenditure
123755995.0,FS184,2024,irregular,Irregular Expenditure
1048403955.0,FS184,2024,unauthorised,Unauthorised Expenditure
17491337.0,FS185,2019,fruitless,Fruitless and Wasteful Expenditure
28738022.0,FS185,2019,irregular,Irregular Expenditure
0.0,FS185,2019,unauthorised,Unauthorised Expenditure
33699447.0,FS185,2020,fruitless,Fruitless and Wasteful Expenditure
46069247.0,FS185,2020,irregular,Irregular Expenditure
117493778.0,FS185,2020,unauthorised,Unauthorised Expenditure
650675.0,FS185,2021,fruitless,Fruitless and Wasteful Expenditure
93894314.0,FS185,2021,irregular,Irregular Expenditure
168667767.0,FS185,2021,unauthorised,Unauthorised Expenditure
24566436.0,FS185,2022,fruitless,Fruitless and Wasteful Expenditure
6566038.0,FS185,2022,irregular,Irregular Expenditure
116688168.0,FS185,2022,unauthorised,Unauthorised Expenditure
47870909.0,FS185,2023,fruitless,Fruitless and Wasteful Expenditure
11839769.0,FS185,2023,irregular,Irregular Expenditure
101805926.0,FS185,2023,unauthorised,Unauthorised Expenditure
32247055.0,FS185,2024,fruitless,Fruitless and Wasteful Expenditure
70373214.0,FS185,2024,irregular,Irregular Expenditure
0.0,FS185,2024,unauthorised,Unauthorised Expenditure
2979591.0,FS191,2019,fruitless,Fruitless and Wasteful Expenditure
76934133.0,FS191,2019,irregular,Irregular Expenditure
616848443.0,FS191,2019,unauthorised,Unauthorised Expenditure
4333747.0,FS191,2020,fruitless,Fruitless and Wasteful Expenditure
184032832.0,FS191,2020,irregular,Irregular Expenditure
127354819.0,FS191,2020,unauthorised,Unauthorised Expenditure
2504899.0,FS191,2021,fruitless,Fruitless and Wasteful Expenditure
93216995.0,FS191,2021,irregular,Irregular Expenditure
319561516.0,FS191,2021,unauthorised,Unauthorised Expenditure
2287299.0,FS191,2022,fruitless,Fruitless and Wasteful Expenditure
53609988.0,FS191,2022,irregular,Irregular Expenditure
176617291.0,FS191,2022,unauthorised,Unauthorised Expenditure
844245.0,FS191,2023,fruitless,Fruitless and Wasteful Expenditure
19868984.0,FS191,2023,irregular,Irregular Expenditure
150478952.0,FS191,2023,unauthorised,Unauthorised Expenditure
12571.0,FS191,2024,fruitless,Fruitless and Wasteful Expenditure
10032039.0,FS191,2024,irregular,Irregular Expenditure
78231386.0,FS191,2024,unauthorised,Unauthorised Expenditure
12611666.0,FS192,2019,fruitless,Fruitless and Wasteful Expenditure
53694085.0,FS192,2019,irregular,Irregular Expenditure
241087377.0,FS192,2019,unauthorised,Unauthorised Expenditure
36582204.0,FS192,2020,fruitless,Fruitless and Wasteful Expenditure
129954049.0,FS192,2020,irregular,Irregular Expenditure
154809376.0,FS192,2020,unauthorised,Unauthorised Expenditure
21174242.0,FS192,2021,fruitless,Fruitless and Wasteful Expenditure
151323677.0,FS192,2021,irregular,Irregular Expenditure
255555816.0,FS192,2021,unauthorised,Unauthorised Expenditure
41114932.0,FS192,2022,fruitless,Fruitless and Wasteful Expenditure
256829556.0,FS192,2022,irregular,Irregular Expenditure
276107670.0,FS192,2022,unauthorised,Unauthorised Expenditure
75811385.0,FS192,2023,fruitless,Fruitless and Wasteful Expenditure
172038361.0,FS192,2023,irregular,Irregular Expenditure
337784190.0,FS192,2023,unauthorised,Unauthorised Expenditure
93394513.0,FS192,2024,fruitless,Fruitless and Wasteful Expenditure
207619256.0,FS192,2024,irregular,Irregular Expenditure
287201431.0,FS192,2024,unauthorised,Unauthorised Expenditure
26501996.0,FS193,2019,fruitless,Fruitless and Wasteful Expenditure
3026557.0,FS193,2019,irregular,Irregular Expenditure
189327359.0,FS193,2019,unauthorised,Unauthorised Expenditure
30329544.0,FS193,2020,fruitless,Fruitless and Wasteful Expenditure
119261603.0,FS193,2020,irregular,Irregular Expenditure
134697055.0,FS193,2020,unauthorised,Unauthorised Expenditure
0.0,FS193,2021,fruitless,Fruitless and Wasteful Expenditure
0.0,FS193,2021,irregular,Irregular Expenditure
0.0,FS193,2021,unauthorised,Unauthorised Expenditure
22310301.0,FS193,2022,fruitless,Fruitless and Wasteful Expenditure
100758602.0,FS193,2022,irregular,Irregular Expenditure
229491145.0,FS193,2022,unauthorised,Unauthorised Expenditure
47655198.0,FS193,2023,fruitless,Fruitless and Wasteful Expenditure
53046824.0,FS193,2023,irregular,Irregular Expenditure
170126896.0,FS193,2023,unauthorised,Unauthorised Expenditure
37592703.0,FS193,2024,fruitless,Fruitless and Wasteful Expenditure
69057004.0,FS193,2024,irregular,Irregular Expenditure
471630963.0,FS193,2024,unauthorised,Unauthorised Expenditure
476590031.0,FS194,2019,fruitless,Fruitless and Wasteful Expenditure
316008746.0,FS194,2019,irregular,Irregular Expenditure
134349606.0,FS194,2019,unauthorised,Unauthorised Expenditure
555651324.0,FS194,2020,fruitless,Fruitless and Wasteful Expenditure
27928650.0,FS194,2020,irregular,Irregular Expenditure
0.0,FS194,2020,unauthorised,Unauthorised Expenditure
128540091.0,FS194,2021,fruitless,Fruitless and Wasteful Expenditure
29908838.0,FS194,2021,irregular,Irregular Expenditure
168798650.0,FS194,2021,unauthorised,Unauthorised Expenditure
77504806.0,FS194,2022,fruitless,Fruitless and Wasteful Expenditure
111519372.0,FS194,2022,irregular,Irregular Expenditure
369678602.0,FS194,2022,unauthorised,Unauthorised Expenditure
384625452.0,FS194,2023,fruitless,Fruitless and Wasteful Expenditure
131297398.0,FS194,2023,irregular,Irregular Expenditure
5327210.0,FS194,2023,unauthorised,Unauthorised Expenditure
263955855.0,FS194,2024,fruitless,Fruitless and Wasteful Expenditure
73580896.0,FS194,2024,irregular,Irregular Expenditure
99199551.0,FS194,2024,unauthorised,Unauthorised Expenditure
2762402.0,FS195,2019,fruitless,Fruitless and Wasteful Expenditure
13578196.0,FS195,2019,irregular,Irregular Expenditure
86641066.0,FS195,2019,unauthorised,Unauthorised Expenditure
10242757.0,FS195,2020,fruitless,Fruitless and Wasteful Expenditure
14953643.0,FS195,2020,irregular,Irregular Expenditure
108371149.0,FS195,2020,unauthorised,Unauthorised Expenditure
11168708.0,FS195,2021,fruitless,Fruitless and Wasteful Expenditure
8471110.0,FS195,2021,irregular,Irregular Expenditure
95611689.0,FS195,2021,unauthorised,Unauthorised Expenditure
11299168.0,FS195,2022,fruitless,Fruitless and Wasteful Expenditure
14284537.0,FS195,2022,irregular,Irregular Expenditure
92504657.0,FS195,2022,unauthorised,Unauthorised Expenditure
15582902.0,FS195,2023,fruitless,Fruitless and Wasteful Expenditure
10646508.0,FS195,2023,irregular,Irregular Expenditure
72133854.0,FS195,2023,unauthorised,Unauthorised Expenditure
21556473.0,FS195,2024,fruitless,Fruitless and Wasteful Expenditure
2635054.0,FS195,2024,irregular,Irregular Expenditure
122639216.0,FS195,2024,unauthorised,Unauthorised Expenditure
20198733.0,FS196,2019,fruitless,Fruitless and Wasteful Expenditure
1206100.0,FS196,2019,irregular,Irregular Expenditure
114729650.0,FS196,2019,unauthorised,Unauthorised Expenditure
21805830.0,FS196,2020,fruitless,Fruitless and Wasteful Expenditure
44380511.0,FS196,2020,irregular,Irregular Expenditure
220782474.0,FS196,2020,unauthorised,Unauthorised Expenditure
5499916.0,FS196,2021,fruitless,Fruitless and Wasteful Expenditure
0.0,FS196,2021,irregular,Irregular Expenditure
182819770.0,FS196,2021,unauthorised,Unauthorised Expenditure
9490035.0,FS196,2022,fruitless,Fruitless and Wasteful Expenditure
5330002.0,FS196,2022,irregular,Irregular Expenditure
125285065.0,FS196,2022,unauthorised,Unauthorised Expenditure
17082738.0,FS196,2023,fruitless,Fruitless and Wasteful Expenditure
5023725.0,FS196,2023,irregular,Irregular Expenditure
35206962.0,FS196,2023,unauthorised,Unauthorised Expenditure
28193397.0,FS196,2024,fruitless,Fruitless and Wasteful Expenditure
6453648.0,FS196,2024,irregular,Irregular Expenditure
8187061.0,FS196,2024,unauthorised,Unauthorised Expenditure
11914659.0,FS201,2019,fruitless,Fruitless and Wasteful Expenditure
53911314.0,FS201,2019,irregular,Irregular Expenditure
112487751.0,FS201,2019,unauthorised,Unauthorised Expenditure
16375744.0,FS201,2020,fruitless,Fruitless and Wasteful Expenditure
128593455.0,FS201,2020,irregular,Irregular Expenditure
158434685.0,FS201,2020,unauthorised,Unauthorised Expenditure
5386711.0,FS201,2021,fruitless,Fruitless and Wasteful Expenditure
140623380.0,FS201,2021,irregular,Irregular Expenditure
76693867.0,FS201,2021,unauthorised,Unauthorised Expenditure
29794512.0,FS201,2022,fruitless,Fruitless and Wasteful Expenditure
120483256.0,FS201,2022,irregular,Irregular Expenditure
104156372.0,FS201,2022,unauthorised,Unauthorised Expenditure
61001447.0,FS201,2023,fruitless,Fruitless and Wasteful Expenditure
97477869.0,FS201,2023,irregular,Irregular Expenditure
338494818.0,FS201,2023,unauthorised,Unauthorised Expenditure
5510951.0,FS201,2024,fruitless,Fruitless and Wasteful Expenditure
83899225.0,FS201,2024,irregular,Irregular Expenditure
122592687.0,FS201,2024,unauthorised,Unauthorised Expenditure
113530428.0,FS203,2019,fruitless,Fruitless and Wasteful Expenditure
138263346.0,FS203,2019,irregular,Irregular Expenditure
169315082.0,FS203,2019,unauthorised,Unauthorised Expenditure
42910405.0,FS203,2020,fruitless,Fruitless and Wasteful Expenditure
5035786.0,FS203,2020,irregular,Irregular Expenditure
197716696.0,FS203,2020,unauthorised,Unauthorised Expenditure
30573142.0,FS203,2021,fruitless,Fruitless and Wasteful Expenditure
0.0,FS203,2021,irregular,Irregular Expenditure
99115148.0,FS203,2021,unauthorised,Unauthorised Expenditure
64033607.0,FS203,2022,fruitless,Fruitless and Wasteful Expenditure
34441815.0,FS203,2022,irregular,Irregular Expenditure
251442252.0,FS203,2022,unauthorised,Unauthorised Expenditure
78450016.0,FS203,2023,fruitless,Fruitless and Wasteful Expenditure
31005893.0,FS203,2023,irregular,Irregular Expenditure
294009536.0,FS203,2023,unauthorised,Unauthorised Expenditure
94430259.0,FS203,2024,fruitless,Fruitless and Wasteful Expenditure
59682623.0,FS203,2024,irregular,Irregular Expenditure
335274146.0,FS203,2024,unauthorised,Unauthorised Expenditure
22372735.0,FS204,2019,fruitless,Fruitless and Wasteful Expenditure
97488738.0,FS204,2019,irregular,Irregular Expenditure
77564428.0,FS204,2019,unauthorised,Unauthorised Expenditure
7197491.0,FS204,2020,fruitless,Fruitless and Wasteful Expenditure
57451984.0,FS204,2020,irregular,Irregular Expenditure
0.0,FS204,2020,unauthorised,Unauthorised Expenditure
3594516.0,FS204,2021,fruitless,Fruitless and Wasteful Expenditure
70724402.0,FS204,2021,irregular,Irregular Expenditure
16372664.0,FS204,2021,unauthorised,Unauthorised Expenditure
1050514.0,FS204,2022,fruitless,Fruitless and Wasteful Expenditure
168511439.0,FS204,2022,irregular,Irregular Expenditure
25418564.0,FS204,2022,unauthorised,Unauthorised Expenditure
5189357.0,FS204,2023,fruitless,Fruitless and Wasteful Expenditure
107316921.0,FS204,2023,irregular,Irregular Expenditure
0.0,FS204,2023,unauthorised,Unauthorised Expenditure
4548428.0,FS204,2024,fruitless,Fruitless and Wasteful Expenditure
147716612.0,FS204,2024,irregular,Irregular Expenditure
83950621.0,FS204,2024,unauthorised,Unauthorised Expenditure
52536295.0,FS205,2019,fruitless,Fruitless and Wasteful Expenditure
77622621.0,FS205,2019,irregular,Irregular Expenditure
177879554.0,FS205,2019,unauthorised,Unauthorised Expenditure
54055669.0,FS205,2020,fruitless,Fruitless and Wasteful Expenditure
199744884.0,FS205,2020,irregular,Irregular Expenditure
164523565.0,FS205,2020,unauthorised,Unauthorised Expenditure
0.0,FS205,2021,fruitless,Fruitless and Wasteful Expenditure
0.0,FS205,2021,irregular,Irregular Expenditure
0.0,FS205,2021,unauthorised,Unauthorised Expenditure
53960410.0,FS205,2022,fruitless,Fruitless and Wasteful Expenditure
73163769.0,FS205,2022,irregular,Irregular Expenditure
248853145.0,FS205,2022,unauthorised,Unauthorised Expenditure
62311889.0,FS205,2023,fruitless,Fruitless and Wasteful Expenditure
25997405.0,FS205,2023,irregular,Irregular Expenditure
364548948.0,FS205,2023,unauthorised,Unauthorised Expenditure
0.0,FS205,2024,fruitless,Fruitless and Wasteful Expenditure
0.0,FS205,2024,irregular,Irregular Expenditure
0.0,FS205,2024,unauthorised,Unauthorised Expenditure
357567696.0,GT421,2019,fruitless,Fruitless and Wasteful Expenditure
365726097.0,GT421,2019,irregular,Irregular Expenditure
1001894687.0,GT421,2019,unauthorised,Unauthorised Expenditure
225183362.0,GT421,2020,fruitless,Fruitless and Wasteful Expenditure
309609943.0,GT421,2020,irregular,Irregular Expenditure
1653150951.0,GT421,2020,unauthorised,Unauthorised Expenditure
399626377.0,GT421,2021,fruitless,Fruitless and Wasteful Expenditure
80089622.0,GT421,2021,irregular,Irregular Expenditure
1152484854.0,GT421,2021,unauthorised,Unauthorised Expenditure
827881210.0,GT421,2022,fruitless,Fruitless and Wasteful Expenditure
232305800.0,GT421,2022,irregular,Irregular Expenditure
2708864475.0,GT421,2022,unauthorised,Unauthorised Expenditure
598102035.0,GT421,2023,fruitless,Fruitless and Wasteful Expenditure
92323720.0,GT421,2023,irregular,Irregular Expenditure
2214091190.0,GT421,2023,unauthorised,Unauthorised Expenditure
208472407.0,GT421,2024,fruitless,Fruitless and Wasteful Expenditure
49341902.0,GT421,2024,irregular,Irregular Expenditure
1650398309.0,GT421,2024,unauthorised,Unauthorised Expenditure
26000.0,GT422,2019,fruitless,Fruitless and Wasteful Expenditure
1833099.0,GT422,2019,irregular,Irregular Expenditure
0.0,GT422,2019,unauthorised,Unauthorised Expenditure
54376.0,GT422,2020,fruitless,Fruitless and Wasteful Expenditure
4965959.0,GT422,2020,irregular,Irregular Expenditure
0.0,GT422,2020,unauthorised,Unauthorised Expenditure
4298751.0,GT422,2021,fruitless,Fruitless and Wasteful Expenditure
5461600.0,GT422,2021,irregular,Irregular Expenditure
0.0,GT422,2021,unauthorised,Unauthorised Expenditure
0.0,GT422,2022,fruitless,Fruitless and Wasteful Expenditure
652600.0,GT422,2022,irregular,Irregular Expenditure
0.0,GT422,2022,unauthorised,Unauthorised Expenditure
723262.0,GT422,2023,fruitless,Fruitless and Wasteful Expenditure
2584646.0,GT422,2023,irregular,Irregular Expenditure
0.0,GT422,2023,unauthorised,Unauthorised Expenditure
92799.0,GT422,2024,fruitless,Fruitless and Wasteful Expenditure
941337.0,GT422,2024,irregular,Irregular Expenditure
0.0,GT422,2024,unauthorised,Unauthorised Expenditure
73597.0,GT423,2019,fruitless,Fruitless and Wasteful Expenditure
60811173.0,GT423,2019,irregular,Irregular Expenditure
3047563.0,GT423,2019,unauthorised,Unauthorised Expenditure
1871926.0,GT423,2020,fruitless,Fruitless and Wasteful Expenditure
9909524.0,GT423,2020,irregular,Irregular Expenditure
46161249.0,GT423,2020,unauthorised,Unauthorised Expenditure
39564.0,GT423,2021,fruitless,Fruitless and Wasteful Expenditure
14481206.0,GT423,2021,irregular,Irregular Expenditure
22369422.0,GT423,2021,unauthorised,Unauthorised Expenditure
1024614.0,GT423,2022,fruitless,Fruitless and Wasteful Expenditure
7487413.0,GT423,2022,irregular,Irregular Expenditure
39491001.0,GT423,2022,unauthorised,Unauthorised Expenditure
14161447.0,GT423,2023,fruitless,Fruitless and Wasteful Expenditure
6496305.0,GT423,2023,irregular,Irregular Expenditure
187976602.0,GT423,2023,unauthorised,Unauthorised Expenditure
20341095.0,GT423,2024,fruitless,Fruitless and Wasteful Expenditure
6396994.0,GT423,2024,irregular,Irregular Expenditure
9023830.0,GT423,2024,unauthorised,Unauthorised Expenditure
13585302.0,GT481,2019,fruitless,Fruitless and Wasteful Expenditure
221268325.0,GT481,2019,irregular,Irregular Expenditure
166303172.0,GT481,2019,unauthorised,Unauthorised Expenditure
14280958.0,GT481,2020,fruitless,Fruitless and Wasteful Expenditure
116432196.0,GT481,2020,irregular,Irregular Expenditure
0.0,GT481,2020,unauthorised,Unauthorised Expenditure
22940652.0,GT481,2021,fruitless,Fruitless and Wasteful Expenditure
84644079.0,GT481,2021,irregular,Irregular Expenditure
0.0,GT481,2021,unauthorised,Unauthorised Expenditure
28845611.0,GT481,2022,fruitless,Fruitless and Wasteful Expenditure
181081974.0,GT481,2022,irregular,Irregular Expenditure
66216896.0,GT481,2022,unauthorised,Unauthorised Expenditure
41516917.0,GT481,2023,fruitless,Fruitless and Wasteful Expenditure
467783900.0,GT481,2023,irregular,Irregular Expenditure
0.0,GT481,2023,unauthorised,Unauthorised Expenditure
0.0,GT481,2024,fruitless,Fruitless and Wasteful Expenditure
615538973.0,GT481,2024,irregular,Irregular Expenditure
0.0,GT481,2024,unauthorised,Unauthorised Expenditure
29156284.0,GT484,2019,fruitless,Fruitless and Wasteful Expenditure
12940386.0,GT484,2019,irregular,Irregular Expenditure
0.0,GT484,2019,unauthorised,Unauthorised Expenditure
48254267.0,GT484,2020,fruitless,Fruitless and Wasteful Expenditure
35614937.0,GT484,2020,irregular,Irregular Expenditure
0.0,GT484,2020,unauthorised,Unauthorised Expenditure
46119165.0,GT484,2021,fruitless,Fruitless and Wasteful Expenditure
33893638.0,GT484,2021,irregular,Irregular Expenditure
0.0,GT484,2021,unauthorised,Unauthorised Expenditure
74166664.0,GT484,2022,fruitless,Fruitless and Wasteful Expenditure
49127148.0,GT484,2022,irregular,Irregular Expenditure
0.0,GT484,2022,unauthorised,Unauthorised Expenditure
138444087.0,GT484,2023,fruitless,Fruitless and Wasteful Expenditure
280375324.0,GT484,2023,irregular,Irregular Expenditure
0.0,GT484,2023,unauthorised,Unauthorised Expenditure
157778935.0,GT484,2024,fruitless,Fruitless and Wasteful Expenditure
209249496.0,GT484,2024,irregular,Irregular Expenditure
1030054567.0,GT484,2024,unauthorised,Unauthorised Expenditure
47821446.0,GT485,2019,fruitless,Fruitless and Wasteful Expenditure
176789449.0,GT485,2019,irregular,Irregular Expenditure
113029071.0,GT485,2019,unauthorised,Unauthorised Expenditure
54885314.0,GT485,2020,fruitless,Fruitless and Wasteful Expenditure
69713487.0,GT485,2020,irregular,Irregular Expenditure
197849325.0,GT485,2020,unauthorised,Unauthorised Expenditure
59726643.0,GT485,2021,fruitless,Fruitless and Wasteful Expenditure
164128326.0,GT485,2021,irregular,Irregular Expenditure
202072243.0,GT485,2021,unauthorised,Unauthorised Expenditure
84901168.0,GT485,2022,fruitless,Fruitless and Wasteful Expenditure
106916761.0,GT485,2022,irregular,Irregular Expenditure
602628397.0,GT485,2022,unauthorised,Unauthorised Expenditure
117492803.0,GT485,2023,fruitless,Fruitless and Wasteful Expenditure
89123780.0,GT485,2023,irregular,Irregular Expenditure
229713786.0,GT485,2023,unauthorised,Unauthorised Expenditure
71055488.0,GT485,2024,fruitless,Fruitless and Wasteful Expenditure
210816643.0,GT485,2024,irregular,Irregular Expenditure
465174015.0,GT485,2024,unauthorised,Unauthorised Expenditure
116977000.0,JHB,2019,fruitless,Fruitless and Wasteful Expenditure
816239000.0,JHB,2019,irregular,Irregular Expenditure
480628000.0,JHB,2019,unauthorised,Unauthorised Expenditure
25172000.0,JHB,2020,fruitless,Fruitless and Wasteful Expenditure
1045558000.0,JHB,2020,irregular,Irregular Expenditure
59468000.0,JHB,2020,unauthorised,Unauthorised Expenditure
11380000.0,JHB,2021,fruitless,Fruitless and Wasteful Expenditure
1118009000.0,JHB,2021,irregular,Irregular Expenditure
1003250000.0,JHB,2021,unauthorised,Unauthorised Expenditure
344467000.0,JHB,2022,fruitless,Fruitless and Wasteful Expenditure
1384993000.0,JHB,2022,irregular,Irregular Expenditure
391203000.0,JHB,2022,unauthorised,Unauthorised Expenditure
8489000.0,JHB,2023,fruitless,Fruitless and Wasteful Expenditure
811433000.0,JHB,2023,irregular,Irregular Expenditure
1289984000.0,JHB,2023,unauthorised,Unauthorised Expenditure
1479000.0,JHB,2024,fruitless,Fruitless and Wasteful Expenditure
1982206000.0,JHB,2024,irregular,Irregular Expenditure
2755031000.0,JHB,2024,unauthorised,Unauthorised Expenditure
527982.0,KZN212,2019,fruitless,Fruitless and Wasteful Expenditure
42697573.0,KZN212,2019,irregular,Irregular Expenditure
42302463.0,KZN212,2019,unauthorised,Unauthorised Expenditure
9889.0,KZN212,2020,fruitless,Fruitless and Wasteful Expenditure
103995942.0,KZN212,2020,irregular,Irregular Expenditure
61388520.0,KZN212,2020,unauthorised,Unauthorised Expenditure
15396807.0,KZN212,2021,fruitless,Fruitless and Wasteful Expenditure
91640629.0,KZN212,2021,irregular,Irregular Expenditure
16930064.0,KZN212,2021,unauthorised,Unauthorised Expenditure
103262.0,KZN212,2022,fruitless,Fruitless and Wasteful Expenditure
69288968.0,KZN212,2022,irregular,Irregular Expenditure
58559419.0,KZN212,2022,unauthorised,Unauthorised Expenditure
2268879.0,KZN212,2023,fruitless,Fruitless and Wasteful Expenditure
16918612.0,KZN212,2023,irregular,Irregular Expenditure
27866838.0,KZN212,2023,unauthorised,Unauthorised Expenditure
111325.0,KZN212,2024,fruitless,Fruitless and Wasteful Expenditure
16355650.0,KZN212,2024,irregular,Irregular Expenditure
6582405.0,KZN212,2024,unauthorised,Unauthorised Expenditure
0.0,KZN213,2019,fruitless,Fruitless and Wasteful Expenditure
52724625.0,KZN213,2019,irregular,Irregular Expenditure
0.0,KZN213,2019,unauthorised,Unauthorised Expenditure
103028.0,KZN213,2020,fruitless,Fruitless and Wasteful Expenditure
71891472.0,KZN213,2020,irregular,Irregular Expenditure
0.0,KZN213,2020,unauthorised,Unauthorised Expenditure
11729.0,KZN213,2021,fruitless,Fruitless and Wasteful Expenditure
60778479.0,KZN213,2021,irregular,Irregular Expenditure
0.0,KZN213,2021,unauthorised,Unauthorised Expenditure
758.0,KZN213,2022,fruitless,Fruitless and Wasteful Expenditure
41660236.0,KZN213,2022,irregular,Irregular Expenditure
0.0,KZN213,2022,unauthorised,Unauthorised Expenditure
16070.0,KZN213,2023,fruitless,Fruitless and Wasteful Expenditure
16457097.0,KZN213,2023,irregular,Irregular Expenditure
2379003.0,KZN213,2023,unauthorised,Unauthorised Expenditure
19260.0,KZN213,2024,fruitless,Fruitless and Wasteful Expenditure
603249.0,KZN213,2024,irregular,Irregular Expenditure
0.0,KZN213,2024,unauthorised,Unauthorised Expenditure
491423.0,KZN214,2019,fruitless,Fruitless and Wasteful Expenditure
67332922.0,KZN214,2019,irregular,Irregular Expenditure
0.0,KZN214,2019,unauthorised,Unauthorised Expenditure
6839.0,KZN214,2020,fruitless,Fruitless and Wasteful Expenditure
59998224.0,KZN214,2020,irregular,Irregular Expenditure
0.0,KZN214,2020,unauthorised,Unauthorised Expenditure
87847.0,KZN214,2021,fruitless,Fruitless and Wasteful Expenditure
26391122.0,KZN214,2021,irregular,Irregular Expenditure
9000.0,KZN214,2021,unauthorised,Unauthorised Expenditure
104425.0,KZN214,2022,fruitless,Fruitless and Wasteful Expenditure
13250831.0,KZN214,2022,irregular,Irregular Expenditure
0.0,KZN214,2022,unauthorised,Unauthorised Expenditure
97511.0,KZN214,2023,fruitless,Fruitless and Wasteful Expenditure
5808364.0,KZN214,2023,irregular,Irregular Expenditure
0.0,KZN214,2023,unauthorised,Unauthorised Expenditure
348794.0,KZN214,2024,fruitless,Fruitless and Wasteful Expenditure
5538404.0,KZN214,2024,irregular,Irregular Expenditure
0.0,KZN214,2024,unauthorised,Unauthorised Expenditure
147693.0,KZN216,2019,fruitless,Fruitless and Wasteful Expenditure
153378657.0,KZN216,2019,irregular,Irregular Expenditure
0.0,KZN216,2019,unauthorised,Unauthorised Expenditure
169001.0,KZN216,2020,fruitless,Fruitless and Wasteful Expenditure
17551723.0,KZN216,2020,irregular,Irregular Expenditure
0.0,KZN216,2020,unauthorised,Unauthorised Expenditure
171467.0,KZN216,2021,fruitless,Fruitless and Wasteful Expenditure
31850292.0,KZN216,2021,irregular,Irregular Expenditure
0.0,KZN216,2021,unauthorised,Unauthorised Expenditure
19784.0,KZN216,2022,fruitless,Fruitless and Wasteful Expenditure
4392985.0,KZN216,2022,irregular,Irregular Expenditure
0.0,KZN216,2022,unauthorised,Unauthorised Expenditure
33872.0,KZN216,2023,fruitless,Fruitless and Wasteful Expenditure
387294546.0,KZN216,2023,irregular,Irregular Expenditure
0.0,KZN216,2023,unauthorised,Unauthorised Expenditure
7281.0,KZN216,2024,fruitless,Fruitless and Wasteful Expenditure
185793157.0,KZN216,2024,irregular,Irregular Expenditure
0.0,KZN216,2024,unauthorised,Unauthorised Expenditure
24431.0,KZN221,2019,fruitless,Fruitless and Wasteful Expenditure
13951955.0,KZN221,2019,irregular,Irregular Expenditure
1784913.0,KZN221,2019,unauthorised,Unauthorised Expenditure
0.0,KZN221,2020,fruitless,Fruitless and Wasteful Expenditure
1323591.0,KZN221,2020,irregular,Irregular Expenditure
0.0,KZN221,2020,unauthorised,Unauthorised Expenditure
0.0,KZN221,2021,fruitless,Fruitless and Wasteful Expenditure
124900.0,KZN221,2021,irregular,Irregular Expenditure
77090800.0,KZN221,2021,unauthorised,Unauthorised Expenditure
0.0,KZN221,2022,fruitless,Fruitless and Wasteful Expenditure
0.0,KZN221,2022,irregular,Irregular Expenditure
9161477.0,KZN221,2022,unauthorised,Unauthorised Expenditure
0.0,KZN221,2023,fruitless,Fruitless and Wasteful Expenditure
0.0,KZN221,2023,irregular,Irregular Expenditure
0.0,KZN221,2023,unauthorised,Unauthorised Expenditure
0.0,KZN221,2024,fruitless,Fruitless and Wasteful Expenditure
2546715.0,KZN221,2024,irregular,Irregular Expenditure
0.0,KZN221,2024,unauthorised,Unauthorised Expenditure
7685.0,KZN222,2019,fruitless,Fruitless and Wasteful Expenditure
198638.0,KZN222,2019,irregular,Irregular Expenditure
28372058.0,KZN222,2019,unauthorised,Unauthorised Expenditure
269589.0,KZN222,2020,fruitless,Fruitless and Wasteful Expenditure
567.0,KZN222,2020,irregular,Irregular Expenditure
124529311.0,KZN222,2020,unauthorised,Unauthorised Expenditure
646535.0,KZN222,2021,fruitless,Fruitless and Wasteful Expenditure
21965833.0,KZN222,2021,irregular,Irregular Expenditure
86057073.0,KZN222,2021,unauthorised,Unauthorised Expenditure
36173.0,KZN222,2022,fruitless,Fruitless and Wasteful Expenditure
16455928.0,KZN222,2022,irregular,Irregular Expenditure
28445987.0,KZN222,2022,unauthorised,Unauthorised Expenditure
5836.0,KZN222,2023,fruitless,Fruitless and Wasteful Expenditure
3319858.0,KZN222,2023,irregular,Irregular Expenditure
100709547.0,KZN222,2023,unauthorised,Unauthorised Expenditure
1780251.0,KZN222,2024,fruitless,Fruitless and Wasteful Expenditure
1402122.0,KZN222,2024,irregular,Irregular Expenditure
0.0,KZN222,2024,unauthorised,Unauthorised Expenditure
10280318.0,KZN223,2019,fruitless,Fruitless and Wasteful Expenditure
30148250.0,KZN223,2019,irregular,Irregular Expenditure
11035077.0,KZN223,2019,unauthorised,Unauthorised Expenditure
18608280.0,KZN223,2020,fruitless,Fruitless and Wasteful Expenditure
36001919.0,KZN223,2020,irregular,Irregular Expenditure
33794095.0,KZN223,2020,unauthorised,Unauthorised Expenditure
635760.0,KZN223,2021,fruitless,Fruitless and Wasteful Expenditure
50781958.0,KZN223,2021,irregular,Irregular Expenditure
51943526.0,KZN223,2021,unauthorised,Unauthorised Expenditure
14511953.0,KZN223,2022,fruitless,Fruitless and Wasteful Expenditure
38156994.0,KZN223,2022,irregular,Irregular Expenditure
62374663.0,KZN223,2022,unauthorised,Unauthorised Expenditure
32648537.0,KZN223,2023,fruitless,Fruitless and Wasteful Expenditure
32792329.0,KZN223,2023,irregular,Irregular Expenditure
76038564.0,KZN223,2023,unauthorised,Unauthorised Expenditure
29841533.0,KZN223,2024,fruitless,Fruitless and Wasteful Expenditure
38935933.0,KZN223,2024,irregular,Irregular Expenditure
85724750.0,KZN223,2024,unauthorised,Unauthorised Expenditure
14062948.0,KZN224,2019,fruitless,Fruitless and Wasteful Expenditure
4228182.0,KZN224,2019,irregular,Irregular Expenditure
0.0,KZN224,2019,unauthorised,Unauthorised Expenditure
1150.0,KZN224,2020,fruitless,Fruitless and Wasteful Expenditure
3013865.0,KZN224,2020,irregular,Irregular Expenditure
0.0,KZN224,2020,unauthorised,Unauthorised Expenditure
0.0,KZN224,2021,fruitless,Fruitless and Wasteful Expenditure
3985261.0,KZN224,2021,irregular,Irregular Expenditure
15962209.0,KZN224,2021,unauthorised,Unauthorised Expenditure
2054.0,KZN224,2022,fruitless,Fruitless and Wasteful Expenditure
11952525.0,KZN224,2022,irregular,Irregular Expenditure
13604330.0,KZN224,2022,unauthorised,Unauthorised Expenditure
20165.0,KZN224,2023,fruitless,Fruitless and Wasteful Expenditure
6269638.0,KZN224,2023,irregular,Irregular Expenditure
10304509.0,KZN224,2023,unauthorised,Unauthorised Expenditure
132453.0,KZN224,2024,fruitless,Fruitless and Wasteful Expenditure
17933929.0,KZN224,2024,irregular,Irregular Expenditure
40987761.0,KZN224,2024,unauthorised,Unauthorised Expenditure
4501377.0,KZN225,2019,fruitless,Fruitless and Wasteful Expenditure
214663367.0,KZN225,2019,irregular,Irregular Expenditure
170002042.0,KZN225,2019,unauthorised,Unauthorised Expenditure
5381020.0,KZN225,2020,fruitless,Fruitless and Wasteful Expenditure
52362328.0,KZN225,2020,irregular,Irregular Expenditure
564658354.0,KZN225,2020,unauthorised,Unauthorised Expenditure
9219285.0,KZN225,2021,fruitless,Fruitless and Wasteful Expenditure
50096103.0,KZN225,2021,irregular,Irregular Expenditure
920571748.0,KZN225,2021,unauthorised,Unauthorised Expenditure
681580.0,KZN225,2022,fruitless,Fruitless and Wasteful Expenditure
180140503.0,KZN225,2022,irregular,Irregular Expenditure
510129135.0,KZN225,2022,unauthorised,Unauthorised Expenditure
153182256.0,KZN225,2023,fruitless,Fruitless and Wasteful Expenditure
59889157.0,KZN225,2023,irregular,Irregular Expenditure
0.0,KZN225,2023,unauthorised,Unauthorised Expenditure
44891884.0,KZN225,2024,fruitless,Fruitless and Wasteful Expenditure
14065419.0,KZN225,2024,irregular,Irregular Expenditure
0.0,KZN225,2024,unauthorised,Unauthorised Expenditure
1024951.0,KZN226,2019,fruitless,Fruitless and Wasteful Expenditure
2863815.0,KZN226,2019,irregular,Irregular Expenditure
3232308.0,KZN226,2019,unauthorised,Unauthorised Expenditure
22961.0,KZN226,2020,fruitless,Fruitless and Wasteful Expenditure
2865973.0,KZN226,2020,irregular,Irregular Expenditure
52048.0,KZN226,2020,unauthorised,Unauthorised Expenditure
0.0,KZN226,2021,fruitless,Fruitless and Wasteful Expenditure
441012.0,KZN226,2021,irregular,Irregular Expenditure
4701195.0,KZN226,2021,unauthorised,Unauthorised Expenditure
27564.0,KZN226,2022,fruitless,Fruitless and Wasteful Expenditure
6157343.0,KZN226,2022,irregular,Irregular Expenditure
9692327.0,KZN226,2022,unauthorised,Unauthorised Expenditure
4274.0,KZN226,2023,fruitless,Fruitless and Wasteful Expenditure
8735387.0,KZN226,2023,irregular,Irregular Expenditure
0.0,KZN226,2023,unauthorised,Unauthorised Expenditure
4368.0,KZN226,2024,fruitless,Fruitless and Wasteful Expenditure
1077375.0,KZN226,2024,irregular,Irregular Expenditure
0.0,KZN226,2024,unauthorised,Unauthorised Expenditure
8984223.0,KZN227,2019,fruitless,Fruitless and Wasteful Expenditure
36774844.0,KZN227,2019,irregular,Irregular Expenditure
7384295.0,KZN227,2019,unauthorised,Unauthorised Expenditure
589807.0,KZN227,2020,fruitless,Fruitless and Wasteful Expenditure
14697517.0,KZN227,2020,irregular,Irregular Expenditure
11576293.0,KZN227,2020,unauthorised,Unauthorised Expenditure
464868.0,KZN227,2021,fruitless,Fruitless and Wasteful Expenditure
22583824.0,KZN227,2021,irregular,Irregular Expenditure
6731230.0,KZN227,2021,unauthorised,Unauthorised Expenditure
15221.0,KZN227,2022,fruitless,Fruitless and Wasteful Expenditure
1283501.0,KZN227,2022,irregular,Irregular Expenditure
2397647.0,KZN227,2022,unauthorised,Unauthorised Expenditure
6137.0,KZN227,2023,fruitless,Fruitless and Wasteful Expenditure
0.0,KZN227,2023,irregular,Irregular Expenditure
0.0,KZN227,2023,unauthorised,Unauthorised Expenditure
498295.0,KZN227,2024,fruitless,Fruitless and Wasteful Expenditure
0.0,KZN227,2024,irregular,Irregular Expenditure
0.0,KZN227,2024,unauthorised,Unauthorised Expenditure
51260.0,KZN235,2019,fruitless,Fruitless and Wasteful Expenditure
31407081.0,KZN235,2019,irregular,Irregular Expenditure
2442196.0,KZN235,2019,unauthorised,Unauthorised Expenditure
42754.0,KZN235,2020,fruitless,Fruitless and Wasteful Expenditure
23177622.0,KZN235,2020,irregular,Irregular Expenditure
2951509.0,KZN235,2020,unauthorised,Unauthorised Expenditure
46308.0,KZN235,2021,fruitless,Fruitless and Wasteful Expenditure
3638879.0,KZN235,2021,irregular,Irregular Expenditure
0.0,KZN235,2021,unauthorised,Unauthorised Expenditure
25564.0,KZN235,2022,fruitless,Fruitless and Wasteful Expenditure
845482.0,KZN235,2022,irregular,Irregular Expenditure
1878566.0,KZN235,2022,unauthorised,Unauthorised Expenditure
8067.0,KZN235,2023,fruitless,Fruitless and Wasteful Expenditure
39444106.0,KZN235,2023,irregular,Irregular Expenditure
8658942.0,KZN235,2023,unauthorised,Unauthorised Expenditure
1945954.0,KZN235,2024,fruitless,Fruitless and Wasteful Expenditure
39735721.0,KZN235,2024,irregular,Irregular Expenditure
26531013.0,KZN235,2024,unauthorised,Unauthorised Expenditure
1778974.0,KZN237,2019,fruitless,Fruitless and Wasteful Expenditure
17169459.0,KZN237,2019,irregular,Irregular Expenditure
6285910.0,KZN237,2019,unauthorised,Unauthorised Expenditure
2728515.0,KZN237,2020,fruitless,Fruitless and Wasteful Expenditure
32323995.0,KZN237,2020,irregular,Irregular Expenditure
73630535.0,KZN237,2020,unauthorised,Unauthorised Expenditure
965498.0,KZN237,2021,fruitless,Fruitless and Wasteful Expenditure
34881808.0,KZN237,2021,irregular,Irregular Expenditure
33944499.0,KZN237,2021,unauthorised,Unauthorised Expenditure
388364.0,KZN237,2022,fruitless,Fruitless and Wasteful Expenditure
32879020.0,KZN237,2022,irregular,Irregular Expenditure
129486917.0,KZN237,2022,unauthorised,Unauthorised Expenditure
330014.0,KZN237,2023,fruitless,Fruitless and Wasteful Expenditure
18170607.0,KZN237,2023,irregular,Irregular Expenditure
53532969.0,KZN237,2023,unauthorised,Unauthorised Expenditure
41794665.0,KZN237,2024,fruitless,Fruitless and Wasteful Expenditure
85052676.0,KZN237,2024,irregular,Irregular Expenditure
72205558.0,KZN237,2024,unauthorised,Unauthorised Expenditure
6927.0,KZN238,2019,fruitless,Fruitless and Wasteful Expenditure
919156.0,KZN238,2019,irregular,Irregular Expenditure
21121291.0,KZN238,2019,unauthorised,Unauthorised Expenditure
914117.0,KZN238,2020,fruitless,Fruitless and Wasteful Expenditure
847132.0,KZN238,2020,irregular,Irregular Expenditure
28669442.0,KZN238,2020,unauthorised,Unauthorised Expenditure
514876.0,KZN238,2021,fruitless,Fruitless and Wasteful Expenditure
51744.0,KZN238,2021,irregular,Irregular Expenditure
2026081.0,KZN238,2021,unauthorised,Unauthorised Expenditure
553.0,KZN238,2022,fruitless,Fruitless and Wasteful Expenditure
0.0,KZN238,2022,irregular,Irregular Expenditure
20099475.0,KZN238,2022,unauthorised,Unauthorised Expenditure
342239.0,KZN238,2023,fruitless,Fruitless and Wasteful Expenditure
1493247.0,KZN238,2023,irregular,Irregular Expenditure
7200898.0,KZN238,2023,unauthorised,Unauthorised Expenditure
30811.0,KZN238,2024,fruitless,Fruitless and Wasteful Expenditure
2313611.0,KZN238,2024,irregular,Irregular Expenditure
11862870.0,KZN238,2024,unauthorised,Unauthorised Expenditure
148332.0,KZN241,2019,fruitless,Fruitless and Wasteful Expenditure
93426028.0,KZN241,2019,irregular,Irregular Expenditure
9549062.0,KZN241,2019,unauthorised,Unauthorised Expenditure
7260.0,KZN241,2020,fruitless,Fruitless and Wasteful Expenditure
10594369.0,KZN241,2020,irregular,Irregular Expenditure
7334287.0,KZN241,2020,unauthorised,Unauthorised Expenditure
1505239.0,KZN241,2021,fruitless,Fruitless and Wasteful Expenditure
9864208.0,KZN241,2021,irregular,Irregular Expenditure
32220268.0,KZN241,2021,unauthorised,Unauthorised Expenditure
2705920.0,KZN241,2022,fruitless,Fruitless and Wasteful Expenditure
2574872.0,KZN241,2022,irregular,Irregular Expenditure
11325108.0,KZN241,2022,unauthorised,Unauthorised Expenditure
11432884.0,KZN241,2023,fruitless,Fruitless and Wasteful Expenditure
21734634.0,KZN241,2023,irregular,Irregular Expenditure
55999507.0,KZN241,2023,unauthorised,Unauthorised Expenditure
11817392.0,KZN241,2024,fruitless,Fruitless and Wasteful Expenditure
5289658.0,KZN241,2024,irregular,Irregular Expenditure
39038335.0,KZN241,2024,unauthorised,Unauthorised Expenditure
88894.0,KZN242,2019,fruitless,Fruitless and Wasteful Expenditure
106936109.0,KZN242,2019,irregular,Irregular Expenditure
0.0,KZN242,2019,unauthorised,Unauthorised Expenditure
643.0,KZN242,2020,fruitless,Fruitless and Wasteful Expenditure
128802977.0,KZN242,2020,irregular,Irregular Expenditure
0.0,KZN242,2020,unauthorised,Unauthorised Expenditure
33035.0,KZN242,2021,fruitless,Fruitless and Wasteful Expenditure
217750735.0,KZN242,2021,irregular,Irregular Expenditure
0.0,KZN242,2021,unauthorised,Unauthorised Expenditure
38165.0,KZN242,2022,fruitless,Fruitless and Wasteful Expenditure
121079401.0,KZN242,2022,irregular,Irregular Expenditure
24953355.0,KZN242,2022,unauthorised,Unauthorised Expenditure
19614.0,KZN242,2023,fruitless,Fruitless and Wasteful Expenditure
96626791.0,KZN242,2023,irregular,Irregular Expenditure
10588682.0,KZN242,2023,unauthorised,Unauthorised Expenditure
702086.0,KZN242,2024,fruitless,Fruitless and Wasteful Expenditure
154224619.0,KZN242,2024,irregular,Irregular Expenditure
7409187.0,KZN242,2024,unauthorised,Unauthorised Expenditure
5881.0,KZN244,2019,fruitless,Fruitless and Wasteful Expenditure
0.0,KZN244,2019,irregular,Irregular Expenditure
0.0,KZN244,2019,unauthorised,Unauthorised Expenditure
132899.0,KZN244,2020,fruitless,Fruitless and Wasteful Expenditure
0.0,KZN244,2020,irregular,Irregular Expenditure
10959309.0,KZN244,2020,unauthorised,Unauthorised Expenditure
0.0,KZN244,2021,fruitless,Fruitless and Wasteful Expenditure
808266.0,KZN244,2021,irregular,Irregular Expenditure
24711092.0,KZN244,2021,unauthorised,Unauthorised Expenditure
141232.0,KZN244,2022,fruitless,Fruitless and Wasteful Expenditure
7225102.0,KZN244,2022,irregular,Irregular Expenditure
31987417.0,KZN244,2022,unauthorised,Unauthorised Expenditure
29691.0,KZN244,2023,fruitless,Fruitless and Wasteful Expenditure
24531829.0,KZN244,2023,irregular,Irregular Expenditure
6758601.0,KZN244,2023,unauthorised,Unauthorised Expenditure
0.0,KZN244,2024,fruitless,Fruitless and Wasteful Expenditure
12073605.0,KZN244,2024,irregular,Irregular Expenditure
0.0,KZN244,2024,unauthorised,Unauthorised Expenditure
1871167.0,KZN245,2019,fruitless,Fruitless and Wasteful Expenditure
58177296.0,KZN245,2019,irregular,Irregular Expenditure
16619612.0,KZN245,2019,unauthorised,Unauthorised Expenditure
174639.0,KZN245,2020,fruitless,Fruitless and Wasteful Expenditure
1829184.0,KZN245,2020,irregular,Irregular Expenditure
5627734.0,KZN245,2020,unauthorised,Unauthorised Expenditure
194690.0,KZN245,2021,fruitless,Fruitless and Wasteful Expenditure
34124626.0,KZN245,2021,irregular,Irregular Expenditure
26590020.0,KZN245,2021,unauthorised,Unauthorised Expenditure
313430.0,KZN245,2022,fruitless,Fruitless and Wasteful Expenditure
9097953.0,KZN245,2022,irregular,Irregular Expenditure
9860450.0,KZN245,2022,unauthorised,Unauthorised Expenditure
12075.0,KZN245,2023,fruitless,Fruitless and Wasteful Expenditure
42400.0,KZN245,2023,irregular,Irregular Expenditure
36876928.0,KZN245,2023,unauthorised,Unauthorised Expenditure
317.0,KZN245,2024,fruitless,Fruitless and Wasteful Expenditure
811716.0,KZN245,2024,irregular,Irregular Expenditure
0.0,KZN245,2024,unauthorised,Unauthorised Expenditure
28638684.0,KZN252,2019,fruitless,Fruitless and Wasteful Expenditure
86886867.0,KZN252,2019,irregular,Irregular Expenditure
47430.0,KZN252,2019,unauthorised,Unauthorised Expenditure
16429499.0,KZN252,2020,fruitless,Fruitless and Wasteful Expenditure
96482249.0,KZN252,2020,irregular,Irregular Expenditure
49721318.0,KZN252,2020,unauthorised,Unauthorised Expenditure
4361163.0,KZN252,2021,fruitless,Fruitless and Wasteful Expenditure
31645210.0,KZN252,2021,irregular,Irregular Expenditure
0.0,KZN252,2021,unauthorised,Unauthorised Expenditure
463996.0,KZN252,2022,fruitless,Fruitless and Wasteful Expenditure
111395620.0,KZN252,2022,irregular,Irregular Expenditure
0.0,KZN252,2022,unauthorised,Unauthorised Expenditure
13034701.0,KZN252,2023,fruitless,Fruitless and Wasteful Expenditure
70567246.0,KZN252,2023,irregular,Irregular Expenditure
202379120.0,KZN252,2023,unauthorised,Unauthorised Expenditure
24041294.0,KZN252,2024,fruitless,Fruitless and Wasteful Expenditure
80251896.0,KZN252,2024,irregular,Irregular Expenditure
173940494.0,KZN252,2024,unauthorised,Unauthorised Expenditure
2163.0,KZN253,2019,fruitless,Fruitless and Wasteful Expenditure
1676087.0,KZN253,2019,irregular,Irregular Expenditure
8131901.0,KZN253,2019,unauthorised,Unauthorised Expenditure
48184.0,KZN253,2020,fruitless,Fruitless and Wasteful Expenditure
8498217.0,KZN253,2020,irregular,Irregular Expenditure
14367465.0,KZN253,2020,unauthorised,Unauthorised Expenditure
116167.0,KZN253,2021,fruitless,Fruitless and Wasteful Expenditure
29801585.0,KZN253,2021,irregular,Irregular Expenditure
11437157.0,KZN253,2021,unauthorised,Unauthorised Expenditure
950102.0,KZN253,2022,fruitless,Fruitless and Wasteful Expenditure
13769718.0,KZN253,2022,irregular,Irregular Expenditure
12795070.0,KZN253,2022,unauthorised,Unauthorised Expenditure
368826.0,KZN253,2023,fruitless,Fruitless and Wasteful Expenditure
45087962.0,KZN253,2023,irregular,Irregular Expenditure
28581274.0,KZN253,2023,unauthorised,Unauthorised Expenditure
181749.0,KZN253,2024,fruitless,Fruitless and Wasteful Expenditure
47293563.0,KZN253,2024,irregular,Irregular Expenditure
16037612.0,KZN253,2024,unauthorised,Unauthorised Expenditure
0.0,KZN254,2019,fruitless,Fruitless and Wasteful Expenditure
0.0,KZN254,2019,irregular,Irregular Expenditure
0.0,KZN254,2019,unauthorised,Unauthorised Expenditure
0.0,KZN254,2020,fruitless,Fruitless and Wasteful Expenditure
8296627.0,KZN254,2020,irregular,Irregular Expenditure
520904.0,KZN254,2020,unauthorised,Unauthorised Expenditure
0.0,KZN254,2021,fruitless,Fruitless and Wasteful Expenditure
21639030.0,KZN254,2021,irregular,Irregular Expenditure
0.0,KZN254,2021,unauthorised,Unauthorised Expenditure
400000.0,KZN254,2022,fruitless,Fruitless and Wasteful Expenditure
76462420.0,KZN254,2022,irregular,Irregular Expenditure
37743376.0,KZN254,2022,unauthorised,Unauthorised Expenditure
34376.0,KZN254,2023,fruitless,Fruitless and Wasteful Expenditure
4196372.0,KZN254,2023,irregular,Irregular Expenditure
64654101.0,KZN254,2023,unauthorised,Unauthorised Expenditure
81609.0,KZN254,2024,fruitless,Fruitless and Wasteful Expenditure
26398193.0,KZN254,2024,irregular,Irregular Expenditure
28824865.0,KZN254,2024,unauthorised,Unauthorised Expenditure
663459.0,KZN261,2019,fruitless,Fruitless and Wasteful Expenditure
5794572.0,KZN261,2019,irregular,Irregular Expenditure
11163555.0,KZN261,2019,unauthorised,Unauthorised Expenditure
370454.0,KZN261,2020,fruitless,Fruitless and Wasteful Expenditure
6261175.0,KZN261,2020,irregular,Irregular Expenditure
15921271.0,KZN261,2020,unauthorised,Unauthorised Expenditure
37730.0,KZN261,2021,fruitless,Fruitless and Wasteful Expenditure
16054509.0,KZN261,2021,irregular,Irregular Expenditure
32398772.0,KZN261,2021,unauthorised,Unauthorised Expenditure
61097.0,KZN261,2022,fruitless,Fruitless and Wasteful Expenditure
23519277.0,KZN261,2022,irregular,Irregular Expenditure
68929301.0,KZN261,2022,unauthorised,Unauthorised Expenditure
66252.0,KZN261,2023,fruitless,Fruitless and Wasteful Expenditure
25721343.0,KZN261,2023,irregular,Irregular Expenditure
29807133.0,KZN261,2023,unauthorised,Unauthorised Expenditure
4026514.0,KZN261,2024,fruitless,Fruitless and Wasteful Expenditure
88997962.0,KZN261,2024,irregular,Irregular Expenditure
61570605.0,KZN261,2024,unauthorised,Unauthorised Expenditure
183342.0,KZN262,2019,fruitless,Fruitless and Wasteful Expenditure
3752973.0,KZN262,2019,irregular,Irregular Expenditure
0.0,KZN262,2019,unauthorised,Unauthorised Expenditure
12337.0,KZN262,2020,fruitless,Fruitless and Wasteful Expenditure
627478.0,KZN262,2020,irregular,Irregular Expenditure
13029713.0,KZN262,2020,unauthorised,Unauthorised Expenditure
2529.0,KZN262,2021,fruitless,Fruitless and Wasteful Expenditure
404337.0,KZN262,2021,irregular,Irregular Expenditure
21186752.0,KZN262,2021,unauthorised,Unauthorised Expenditure
33092.0,KZN262,2022,fruitless,Fruitless and Wasteful Expenditure
24613270.0,KZN262,2022,irregular,Irregular Expenditure
48676304.0,KZN262,2022,unauthorised,Unauthorised Expenditure
7929416.0,KZN262,2023,fruitless,Fruitless and Wasteful Expenditure
732248.0,KZN262,2023,irregular,Irregular Expenditure
32450790.0,KZN262,2023,unauthorised,Unauthorised Expenditure
13382.0,KZN262,2024,fruitless,Fruitless and Wasteful Expenditure
220545.0,KZN262,2024,irregular,Irregular Expenditure
137761560.0,KZN262,2024,unauthorised,Unauthorised Expenditure
1333961.0,KZN263,2019,fruitless,Fruitless and Wasteful Expenditure
15520651.0,KZN263,2019,irregular,Irregular Expenditure
70517554.0,KZN263,2019,unauthorised,Unauthorised Expenditure
1240197.0,KZN263,2020,fruitless,Fruitless and Wasteful Expenditure
32566280.0,KZN263,2020,irregular,Irregular Expenditure
64775559.0,KZN263,2020,unauthorised,Unauthorised Expenditure
8061007.0,KZN263,2021,fruitless,Fruitless and Wasteful Expenditure
80744070.0,KZN263,2021,irregular,Irregular Expenditure
129439476.0,KZN263,2021,unauthorised,Unauthorised Expenditure
23631477.0,KZN263,2022,fruitless,Fruitless and Wasteful Expenditure
58244350.0,KZN263,2022,irregular,Irregular Expenditure
152117514.0,KZN263,2022,unauthorised,Unauthorised Expenditure
2387893.0,KZN263,2023,fruitless,Fruitless and Wasteful Expenditure
150429612.0,KZN263,2023,irregular,Irregular Expenditure
233924000.0,KZN263,2023,unauthorised,Unauthorised Expenditure
9860008.0,KZN263,2024,fruitless,Fruitless and Wasteful Expenditure
125585967.0,KZN263,2024,irregular,Irregular Expenditure
310680546.0,KZN263,2024,unauthorised,Unauthorised Expenditure
388833.0,KZN265,2019,fruitless,Fruitless and Wasteful Expenditure
36977622.0,KZN265,2019,irregular,Irregular Expenditure
38206768.0,KZN265,2019,unauthorised,Unauthorised Expenditure
289411.0,KZN265,2020,fruitless,Fruitless and Wasteful Expenditure
42951002.0,KZN265,2020,irregular,Irregular Expenditure
34808181.0,KZN265,2020,unauthorised,Unauthorised Expenditure
161703.0,KZN265,2021,fruitless,Fruitless and Wasteful Expenditure
18058160.0,KZN265,2021,irregular,Irregular Expenditure
26546551.0,KZN265,2021,unauthorised,Unauthorised Expenditure
1857120.0,KZN265,2022,fruitless,Fruitless and Wasteful Expenditure
3755682.0,KZN265,2022,irregular,Irregular Expenditure
51553705.0,KZN265,2022,unauthorised,Unauthorised Expenditure
1301782.0,KZN265,2023,fruitless,Fruitless and Wasteful Expenditure
0.0,KZN265,2023,irregular,Irregular Expenditure
61640317.0,KZN265,2023,unauthorised,Unauthorised Expenditure
1632546.0,KZN265,2024,fruitless,Fruitless and Wasteful Expenditure
45829449.0,KZN265,2024,irregular,Irregular Expenditure
65398257.0,KZN265,2024,unauthorised,Unauthorised Expenditure
11075299.0,KZN266,2019,fruitless,Fruitless and Wasteful Expenditure
72609536.0,KZN266,2019,irregular,Irregular Expenditure
0.0,KZN266,2019,unauthorised,Unauthorised Expenditure
14940305.0,KZN266,2020,fruitless,Fruitless and Wasteful Expenditure
30443752.0,KZN266,2020,irregular,Irregular Expenditure
0.0,KZN266,2020,unauthorised,Unauthorised Expenditure
0.0,KZN266,2021,fruitless,Fruitless and Wasteful Expenditure
44187041.0,KZN266,2021,irregular,Irregular Expenditure
0.0,KZN266,2021,unauthorised,Unauthorised Expenditure
18545.0,KZN266,2022,fruitless,Fruitless and Wasteful Expenditure
33109264.0,KZN266,2022,irregular,Irregular Expenditure
0.0,KZN266,2022,unauthorised,Unauthorised Expenditure
9833878.0,KZN266,2023,fruitless,Fruitless and Wasteful Expenditure
71199889.0,KZN266,2023,irregular,Irregular Expenditure
1871545.0,KZN266,2023,unauthorised,Unauthorised Expenditure
2312489.0,KZN266,2024,fruitless,Fruitless and Wasteful Expenditure
106328396.0,KZN266,2024,irregular,Irregular Expenditure
87918089.0,KZN266,2024,unauthorised,Unauthorised Expenditure
3384.0,KZN271,2019,fruitless,Fruitless and Wasteful Expenditure
1781250.0,KZN271,2019,irregular,Irregular Expenditure
0.0,KZN271,2019,unauthorised,Unauthorised Expenditure
338170.0,KZN271,2020,fruitless,Fruitless and Wasteful Expenditure
31896439.0,KZN271,2020,irregular,Irregular Expenditure
0.0,KZN271,2020,unauthorised,Unauthorised Expenditure
979402.0,KZN271,2021,fruitless,Fruitless and Wasteful Expenditure
25101864.0,KZN271,2021,irregular,Irregular Expenditure
0.0,KZN271,2021,unauthorised,Unauthorised Expenditure
12695785.0,KZN271,2022,fruitless,Fruitless and Wasteful Expenditure
16681020.0,KZN271,2022,irregular,Irregular Expenditure
0.0,KZN271,2022,unauthorised,Unauthorised Expenditure
344481.0,KZN271,2023,fruitless,Fruitless and Wasteful Expenditure
23559510.0,KZN271,2023,irregular,Irregular Expenditure
0.0,KZN271,2023,unauthorised,Unauthorised Expenditure
73046.0,KZN271,2024,fruitless,Fruitless and Wasteful Expenditure
47086012.0,KZN271,2024,irregular,Irregular Expenditure
0.0,KZN271,2024,unauthorised,Unauthorised Expenditure
8219797.0,KZN272,2019,fruitless,Fruitless and Wasteful Expenditure
55126190.0,KZN272,2019,irregular,Irregular Expenditure
14334046.0,KZN272,2019,unauthorised,Unauthorised Expenditure
0.0,KZN272,2020,fruitless,Fruitless and Wasteful Expenditure
41550988.0,KZN272,2020,irregular,Irregular Expenditure
41125334.0,KZN272,2020,unauthorised,Unauthorised Expenditure
77739.0,KZN272,2021,fruitless,Fruitless and Wasteful Expenditure
40460908.0,KZN272,2021,irregular,Irregular Expenditure
24286001.0,KZN272,2021,unauthorised,Unauthorised Expenditure
0.0,KZN272,2022,fruitless,Fruitless and Wasteful Expenditure
99064172.0,KZN272,2022,irregular,Irregular Expenditure
521845.0,KZN272,2022,unauthorised,Unauthorised Expenditure
273623.0,KZN272,2023,fruitless,Fruitless and Wasteful Expenditure
38884273.0,KZN272,2023,irregular,Irregular Expenditure
94072648.0,KZN272,2023,unauthorised,Unauthorised Expenditure
1191641.0,KZN272,2024,fruitless,Fruitless and Wasteful Expenditure
30250257.0,KZN272,2024,irregular,Irregular Expenditure
67667629.0,KZN272,2024,unauthorised,Unauthorised Expenditure
715099.0,KZN275,2019,fruitless,Fruitless and Wasteful Expenditure
15548107.0,KZN275,2019,irregular,Irregular Expenditure
31993948.0,KZN275,2019,unauthorised,Unauthorised Expenditure
1424636.0,KZN275,2020,fruitless,Fruitless and Wasteful Expenditure
255561492.0,KZN275,2020,irregular,Irregular Expenditure
52602726.0,KZN275,2020,unauthorised,Unauthorised Expenditure
2968670.0,KZN275,2021,fruitless,Fruitless and Wasteful Expenditure
179490313.0,KZN275,2021,irregular,Irregular Expenditure
34402664.0,KZN275,2021,unauthorised,Unauthorised Expenditure
981988.0,KZN275,2022,fruitless,Fruitless and Wasteful Expenditure
23893781.0,KZN275,2022,irregular,Irregular Expenditure
46057681.0,KZN275,2022,unauthorised,Unauthorised Expenditure
1091531.0,KZN275,2023,fruitless,Fruitless and Wasteful Expenditure
101150514.0,KZN275,2023,irregular,Irregular Expenditure
58246999.0,KZN275,2023,unauthorised,Unauthorised Expenditure
2654816.0,KZN275,2024,fruitless,Fruitless and Wasteful Expenditure
274545546.0,KZN275,2024,irregular,Irregular Expenditure
37856006.0,KZN275,2024,unauthorised,Unauthorised Expenditure
383510.0,KZN276,2019,fruitless,Fruitless and Wasteful Expenditure
13127248.0,KZN276,2019,irregular,Irregular Expenditure
51593213.0,KZN276,2019,unauthorised,Unauthorised Expenditure
16862.0,KZN276,2020,fruitless,Fruitless and Wasteful Expenditure
15676365.0,KZN276,2020,irregular,Irregular Expenditure
39197423.0,KZN276,2020,unauthorised,Unauthorised Expenditure
318024.0,KZN276,2021,fruitless,Fruitless and Wasteful Expenditure
8836899.0,KZN276,2021,irregular,Irregular Expenditure
44748909.0,KZN276,2021,unauthorised,Unauthorised Expenditure
338078.0,KZN276,2022,fruitless,Fruitless and Wasteful Expenditure
7264287.0,KZN276,2022,irregular,Irregular Expenditure
5075895.0,KZN276,2022,unauthorised,Unauthorised Expenditure
449.0,KZN276,2023,fruitless,Fruitless and Wasteful Expenditure
7024337.0,KZN276,2023,irregular,Irregular Expenditure
1249754.0,KZN276,2023,unauthorised,Unauthorised Expenditure
1296.0,KZN276,2024,fruitless,Fruitless and Wasteful Expenditure
1016311.0,KZN276,2024,irregular,Irregular Expenditure
2648829.0,KZN276,2024,unauthorised,Unauthorised Expenditure
62734.0,KZN281,2019,fruitless,Fruitless and Wasteful Expenditure
31301374.0,KZN281,2019,irregular,Irregular Expenditure
0.0,KZN281,2019,unauthorised,Unauthorised Expenditure
30759.0,KZN281,2020,fruitless,Fruitless and Wasteful Expenditure
24692602.0,KZN281,2020,irregular,Irregular Expenditure
0.0,KZN281,2020,unauthorised,Unauthorised Expenditure
15290.0,KZN281,2021,fruitless,Fruitless and Wasteful Expenditure
45001629.0,KZN281,2021,irregular,Irregular Expenditure
9687889.0,KZN281,2021,unauthorised,Unauthorised Expenditure
578842.0,KZN281,2022,fruitless,Fruitless and Wasteful Expenditure
53670457.0,KZN281,2022,irregular,Irregular Expenditure
23566843.0,KZN281,2022,unauthorised,Unauthorised Expenditure
440270.0,KZN281,2023,fruitless,Fruitless and Wasteful Expenditure
34495297.0,KZN281,2023,irregular,Irregular Expenditure
42978208.0,KZN281,2023,unauthorised,Unauthorised Expenditure
3230.0,KZN281,2024,fruitless,Fruitless and Wasteful Expenditure
71170802.0,KZN281,2024,irregular,Irregular Expenditure
39025293.0,KZN281,2024,unauthorised,Unauthorised Expenditure
0.0,KZN282,2019,fruitless,Fruitless and Wasteful Expenditure
125161354.0,KZN282,2019,irregular,Irregular Expenditure
0.0,KZN282,2019,unauthorised,Unauthorised Expenditure
0.0,KZN282,2020,fruitless,Fruitless and Wasteful Expenditure
52657387.0,KZN282,2020,irregular,Irregular Expenditure
0.0,KZN282,2020,unauthorised,Unauthorised Expenditure
0.0,KZN282,2021,fruitless,Fruitless and Wasteful Expenditure
12480823.0,KZN282,2021,irregular,Irregular Expenditure
0.0,KZN282,2021,unauthorised,Unauthorised Expenditure
0.0,KZN282,2022,fruitless,Fruitless and Wasteful Expenditure
0.0,KZN282,2022,irregular,Irregular Expenditure
0.0,KZN282,2022,unauthorised,Unauthorised Expenditure
0.0,KZN282,2023,fruitless,Fruitless and Wasteful Expenditure
405057.0,KZN282,2023,irregular,Irregular Expenditure
0.0,KZN282,2023,unauthorised,Unauthorised Expenditure
0.0,KZN282,2024,fruitless,Fruitless and Wasteful Expenditure
0.0,KZN282,2024,irregular,Irregular Expenditure
0.0,KZN282,2024,unauthorised,Unauthorised Expenditure
6920.0,KZN284,2019,fruitless,Fruitless and Wasteful Expenditure
57738667.0,KZN284,2019,irregular,Irregular Expenditure
0.0,KZN284,2019,unauthorised,Unauthorised Expenditure
7414.0,KZN284,2020,fruitless,Fruitless and Wasteful Expenditure
53517479.0,KZN284,2020,irregular,Irregular Expenditure
11177238.0,KZN284,2020,unauthorised,Unauthorised Expenditure
1275.0,KZN284,2021,fruitless,Fruitless and Wasteful Expenditure
35138579.0,KZN284,2021,irregular,Irregular Expenditure
0.0,KZN284,2021,unauthorised,Unauthorised Expenditure
28835.0,KZN284,2022,fruitless,Fruitless and Wasteful Expenditure
18708663.0,KZN284,2022,irregular,Irregular Expenditure
25543807.0,KZN284,2022,unauthorised,Unauthorised Expenditure
0.0,KZN284,2023,fruitless,Fruitless and Wasteful Expenditure
8126128.0,KZN284,2023,irregular,Irregular Expenditure
13193765.0,KZN284,2023,unauthorised,Unauthorised Expenditure
0.0,KZN284,2024,fruitless,Fruitless and Wasteful Expenditure
1441602.0,KZN284,2024,irregular,Irregular Expenditure
7546942.0,KZN284,2024,unauthorised,Unauthorised Expenditure
341816.0,KZN285,2019,fruitless,Fruitless and Wasteful Expenditure
23546083.0,KZN285,2019,irregular,Irregular Expenditure
0.0,KZN285,2019,unauthorised,Unauthorised Expenditure
990712.0,KZN285,2020,fruitless,Fruitless and Wasteful Expenditure
23958412.0,KZN285,2020,irregular,Irregular Expenditure
5708265.0,KZN285,2020,unauthorised,Unauthorised Expenditure
201340.0,KZN285,2021,fruitless,Fruitless and Wasteful Expenditure
24345817.0,KZN285,2021,irregular,Irregular Expenditure
0.0,KZN285,2021,unauthorised,Unauthorised Expenditure
235466.0,KZN285,2022,fruitless,Fruitless and Wasteful Expenditure
48914885.0,KZN285,2022,irregular,Irregular Expenditure
20455895.0,KZN285,2022,unauthorised,Unauthorised Expenditure
1672220.0,KZN285,2023,fruitless,Fruitless and Wasteful Expenditure
64067247.0,KZN285,2023,irregular,Irregular Expenditure
37984808.0,KZN285,2023,unauthorised,Unauthorised Expenditure
2475808.0,KZN285,2024,fruitless,Fruitless and Wasteful Expenditure
86736415.0,KZN285,2024,irregular,Irregular Expenditure
47404734.0,KZN285,2024,unauthorised,Unauthorised Expenditure
124202.0,KZN286,2019,fruitless,Fruitless and Wasteful Expenditure
4872733.0,KZN286,2019,irregular,Irregular Expenditure
11103547.0,KZN286,2019,unauthorised,Unauthorised Expenditure
213154.0,KZN286,2020,fruitless,Fruitless and Wasteful Expenditure
1958137.0,KZN286,2020,irregular,Irregular Expenditure
2921090.0,KZN286,2020,unauthorised,Unauthorised Expenditure
151098.0,KZN286,2021,fruitless,Fruitless and Wasteful Expenditure
9397515.0,KZN286,2021,irregular,Irregular Expenditure
0.0,KZN286,2021,unauthorised,Unauthorised Expenditure
356983.0,KZN286,2022,fruitless,Fruitless and Wasteful Expenditure
11587428.0,KZN286,2022,irregular,Irregular Expenditure
46675106.0,KZN286,2022,unauthorised,Unauthorised Expenditure
1337405.0,KZN286,2023,fruitless,Fruitless and Wasteful Expenditure
12278336.0,KZN286,2023,irregular,Irregular Expenditure
23626358.0,KZN286,2023,unauthorised,Unauthorised Expenditure
163703.0,KZN286,2024,fruitless,Fruitless and Wasteful Expenditure
3255055.0,KZN286,2024,irregular,Irregular Expenditure
7410254.0,KZN286,2024,unauthorised,Unauthorised Expenditure
66748.0,KZN291,2019,fruitless,Fruitless and Wasteful Expenditure
21773114.0,KZN291,2019,irregular,Irregular Expenditure
28022764.0,KZN291,2019,unauthorised,Unauthorised Expenditure
17706.0,KZN291,2020,fruitless,Fruitless and Wasteful Expenditure
15542874.0,KZN291,2020,irregular,Irregular Expenditure
3757348.0,KZN291,2020,unauthorised,Unauthorised Expenditure
166750.0,KZN291,2021,fruitless,Fruitless and Wasteful Expenditure
10342370.0,KZN291,2021,irregular,Irregular Expenditure
0.0,KZN291,2021,unauthorised,Unauthorised Expenditure
616579.0,KZN291,2022,fruitless,Fruitless and Wasteful Expenditure
14856812.0,KZN291,2022,irregular,Irregular Expenditure
0.0,KZN291,2022,unauthorised,Unauthorised Expenditure
324524.0,KZN291,2023,fruitless,Fruitless and Wasteful Expenditure
14302521.0,KZN291,2023,irregular,Irregular Expenditure
6242581.0,KZN291,2023,unauthorised,Unauthorised Expenditure
136741.0,KZN291,2024,fruitless,Fruitless and Wasteful Expenditure
6259527.0,KZN291,2024,irregular,Irregular Expenditure
8672326.0,KZN291,2024,unauthorised,Unauthorised Expenditure
0.0,KZN292,2019,fruitless,Fruitless and Wasteful Expenditure
183135170.0,KZN292,2019,irregular,Irregular Expenditure
0.0,KZN292,2019,unauthorised,Unauthorised Expenditure
0.0,KZN292,2020,fruitless,Fruitless and Wasteful Expenditure
155534671.0,KZN292,2020,irregular,Irregular Expenditure
22092288.0,KZN292,2020,unauthorised,Unauthorised Expenditure
0.0,KZN292,2021,fruitless,Fruitless and Wasteful Expenditure
68753850.0,KZN292,2021,irregular,Irregular Expenditure
17082697.0,KZN292,2021,unauthorised,Unauthorised Expenditure
0.0,KZN292,2022,fruitless,Fruitless and Wasteful Expenditure
81667136.0,KZN292,2022,irregular,Irregular Expenditure
10249668.0,KZN292,2022,unauthorised,Unauthorised Expenditure
1861262.0,KZN292,2023,fruitless,Fruitless and Wasteful Expenditure
52125526.0,KZN292,2023,irregular,Irregular Expenditure
46736517.0,KZN292,2023,unauthorised,Unauthorised Expenditure
0.0,KZN292,2024,fruitless,Fruitless and Wasteful Expenditure
3290174.0,KZN292,2024,irregular,Irregular Expenditure
57248687.0,KZN292,2024,unauthorised,Unauthorised Expenditure
6969.0,KZN293,2019,fruitless,Fruitless and Wasteful Expenditure
31632862.0,KZN293,2019,irregular,Irregular Expenditure
0.0,KZN293,2019,unauthorised,Unauthorised Expenditure
5226458.0,KZN293,2020,fruitless,Fruitless and Wasteful Expenditure
57410254.0,KZN293,2020,irregular,Irregular Expenditure
0.0,KZN293,2020,unauthorised,Unauthorised Expenditure
2896.0,KZN293,2021,fruitless,Fruitless and Wasteful Expenditure
0.0,KZN293,2021,irregular,Irregular Expenditure
0.0,KZN293,2021,unauthorised,Unauthorised Expenditure
2085.0,KZN293,2022,fruitless,Fruitless and Wasteful Expenditure
8781481.0,KZN293,2022,irregular,Irregular Expenditure
0.0,KZN293,2022,unauthorised,Unauthorised Expenditure
10133.0,KZN293,2023,fruitless,Fruitless and Wasteful Expenditure
3104785.0,KZN293,2023,irregular,Irregular Expenditure
16040754.0,KZN293,2023,unauthorised,Unauthorised Expenditure
5972.0,KZN293,2024,fruitless,Fruitless and Wasteful Expenditure
2978208.0,KZN293,2024,irregular,Irregular Expenditure
36753023.0,KZN293,2024,unauthorised,Unauthorised Expenditure
890685.0,KZN294,2019,fruitless,Fruitless and Wasteful Expenditure
6719998.0,KZN294,2019,irregular,Irregular Expenditure
0.0,KZN294,2019,unauthorised,Unauthorised Expenditure
3094971.0,KZN294,2020,fruitless,Fruitless and Wasteful Expenditure
34051165.0,KZN294,2020,irregular,Irregular Expenditure
0.0,KZN294,2020,unauthorised,Unauthorised Expenditure
39888.0,KZN294,2021,fruitless,Fruitless and Wasteful Expenditure
159540.0,KZN294,2021,irregular,Irregular Expenditure
0.0,KZN294,2021,unauthorised,Unauthorised Expenditure
3729.0,KZN294,2022,fruitless,Fruitless and Wasteful Expenditure
586864.0,KZN294,2022,irregular,Irregular Expenditure
0.0,KZN294,2022,unauthorised,Unauthorised Expenditure
29658.0,KZN294,2023,fruitless,Fruitless and Wasteful Expenditure
17005743.0,KZN294,2023,irregular,Irregular Expenditure
43456120.0,KZN294,2023,unauthorised,Unauthorised Expenditure
2625783.0,KZN294,2024,fruitless,Fruitless and Wasteful Expenditure
9043067.0,KZN294,2024,irregular,Irregular Expenditure
9025615.0,KZN294,2024,unauthorised,Unauthorised Expenditure
15908.0,KZN433,2019,fruitless,Fruitless and Wasteful Expenditure
225968471.0,KZN433,2019,irregular,Irregular Expenditure
0.0,KZN433,2019,unauthorised,Unauthorised Expenditure
0.0,KZN433,2020,fruitless,Fruitless and Wasteful Expenditure
35738872.0,KZN433,2020,irregular,Irregular Expenditure
0.0,KZN433,2020,unauthorised,Unauthorised Expenditure
0.0,KZN433,2021,fruitless,Fruitless and Wasteful Expenditure
49713355.0,KZN433,2021,irregular,Irregular Expenditure
0.0,KZN433,2021,unauthorised,Unauthorised Expenditure
372432.0,KZN433,2022,fruitless,Fruitless and Wasteful Expenditure
21906889.0,KZN433,2022,irregular,Irregular Expenditure
0.0,KZN433,2022,unauthorised,Unauthorised Expenditure
0.0,KZN433,2023,fruitless,Fruitless and Wasteful Expenditure
9912707.0,KZN433,2023,irregular,Irregular Expenditure
0.0,KZN433,2023,unauthorised,Unauthorised Expenditure
1327685.0,KZN433,2024,fruitless,Fruitless and Wasteful Expenditure
4569320.0,KZN433,2024,irregular,Irregular Expenditure
18223756.0,KZN433,2024,unauthorised,Unauthorised Expenditure
2395.0,KZN434,2019,fruitless,Fruitless and Wasteful Expenditure
580000.0,KZN434,2019,irregular,Irregular Expenditure
0.0,KZN434,2019,unauthorised,Unauthorised Expenditure
5770.0,KZN434,2020,fruitless,Fruitless and Wasteful Expenditure
273857930.0,KZN434,2020,irregular,Irregular Expenditure
0.0,KZN434,2020,unauthorised,Unauthorised Expenditure
0.0,KZN434,2021,fruitless,Fruitless and Wasteful Expenditure
66535431.0,KZN434,2021,irregular,Irregular Expenditure
0.0,KZN434,2021,unauthorised,Unauthorised Expenditure
1142.0,KZN434,2022,fruitless,Fruitless and Wasteful Expenditure
53277347.0,KZN434,2022,irregular,Irregular Expenditure
0.0,KZN434,2022,unauthorised,Unauthorised Expenditure
6404.0,KZN434,2023,fruitless,Fruitless and Wasteful Expenditure
7614690.0,KZN434,2023,irregular,Irregular Expenditure
19956120.0,KZN434,2023,unauthorised,Unauthorised Expenditure
3078.0,KZN434,2024,fruitless,Fruitless and Wasteful Expenditure
863783.0,KZN434,2024,irregular,Irregular Expenditure
9894523.0,KZN434,2024,unauthorised,Unauthorised Expenditure
0.0,KZN435,2019,fruitless,Fruitless and Wasteful Expenditure
40498586.0,KZN435,2019,irregular,Irregular Expenditure
0.0,KZN435,2019,unauthorised,Unauthorised Expenditure
0.0,KZN435,2020,fruitless,Fruitless and Wasteful Expenditure
5471098.0,KZN435,2020,irregular,Irregular Expenditure
0.0,KZN435,2020,unauthorised,Unauthorised Expenditure
0.0,KZN435,2021,fruitless,Fruitless and Wasteful Expenditure
21385537.0,KZN435,2021,irregular,Irregular Expenditure
0.0,KZN435,2021,unauthorised,Unauthorised Expenditure
246769.0,KZN435,2022,fruitless,Fruitless and Wasteful Expenditure
25858285.0,KZN435,2022,irregular,Irregular Expenditure
0.0,KZN435,2022,unauthorised,Unauthorised Expenditure
0.0,KZN435,2023,fruitless,Fruitless and Wasteful Expenditure
19074607.0,KZN435,2023,irregular,Irregular Expenditure
0.0,KZN435,2023,unauthorised,Unauthorised Expenditure
0.0,KZN435,2024,fruitless,Fruitless and Wasteful Expenditure
3873161.0,KZN435,2024,irregular,Irregular Expenditure
0.0,KZN435,2024,unauthorised,Unauthorised Expenditure
328804.0,KZN436,2019,fruitless,Fruitless and Wasteful Expenditure
9300590.0,KZN436,2019,irregular,Irregular Expenditure
0.0,KZN436,2019,unauthorised,Unauthorised Expenditure
7863.0,KZN436,2020,fruitless,Fruitless and Wasteful Expenditure
45679693.0,KZN436,2020,irregular,Irregular Expenditure
0.0,KZN436,2020,unauthorised,Unauthorised Expenditure
93652.0,KZN436,2021,fruitless,Fruitless and Wasteful Expenditure
11032923.0,KZN436,2021,irregular,Irregular Expenditure
0.0,KZN436,2021,unauthorised,Unauthorised Expenditure
5131.0,KZN436,2022,fruitless,Fruitless and Wasteful Expenditure
136348.0,KZN436,2022,irregular,Irregular Expenditure
0.0,KZN436,2022,unauthorised,Unauthorised Expenditure
180363.0,KZN436,2023,fruitless,Fruitless and Wasteful Expenditure
1614852.0,KZN436,2023,irregular,Irregular Expenditure
0.0,KZN436,2023,unauthorised,Unauthorised Expenditure
4705.0,KZN436,2024,fruitless,Fruitless and Wasteful Expenditure
163380.0,KZN436,2024,irregular,Irregular Expenditure
26619260.0,KZN436,2024,unauthorised,Unauthorised Expenditure
23676.0,LIM331,2019,fruitless,Fruitless and Wasteful Expenditure
0.0,LIM331,2019,irregular,Irregular Expenditure
30660098.0,LIM331,2019,unauthorised,Unauthorised Expenditure
17696.0,LIM331,2020,fruitless,Fruitless and Wasteful Expenditure
26458885.0,LIM331,2020,irregular,Irregular Expenditure
0.0,LIM331,2020,unauthorised,Unauthorised Expenditure
86005.0,LIM331,2021,fruitless,Fruitless and Wasteful Expenditure
10596671.0,LIM331,2021,irregular,Irregular Expenditure
51282044.0,LIM331,2021,unauthorised,Unauthorised Expenditure
7211422.0,LIM331,2022,fruitless,Fruitless and Wasteful Expenditure
6281720.0,LIM331,2022,irregular,Irregular Expenditure
49095505.0,LIM331,2022,unauthorised,Unauthorised Expenditure
290329.0,LIM331,2023,fruitless,Fruitless and Wasteful Expenditure
14363302.0,LIM331,2023,irregular,Irregular Expenditure
118879105.0,LIM331,2023,unauthorised,Unauthorised Expenditure
3125043.0,LIM331,2024,fruitless,Fruitless and Wasteful Expenditure
7981274.0,LIM331,2024,irregular,Irregular Expenditure
0.0,LIM331,2024,unauthorised,Unauthorised Expenditure
1019720.0,LIM332,2019,fruitless,Fruitless and Wasteful Expenditure
46458804.0,LIM332,2019,irregular,Irregular Expenditure
75088605.0,LIM332,2019,unauthorised,Unauthorised Expenditure
534712.0,LIM332,2020,fruitless,Fruitless and Wasteful Expenditure
28545151.0,LIM332,2020,irregular,Irregular Expenditure
47372610.0,LIM332,2020,unauthorised,Unauthorised Expenditure
1243158.0,LIM332,2021,fruitless,Fruitless and Wasteful Expenditure
33872398.0,LIM332,2021,irregular,Irregular Expenditure
19585070.0,LIM332,2021,unauthorised,Unauthorised Expenditure
907828.0,LIM332,2022,fruitless,Fruitless and Wasteful Expenditure
21517831.0,LIM332,2022,irregular,Irregular Expenditure
82000928.0,LIM332,2022,unauthorised,Unauthorised Expenditure
595201.0,LIM332,2023,fruitless,Fruitless and Wasteful Expenditure
18261495.0,LIM332,2023,irregular,Irregular Expenditure
33126719.0,LIM332,2023,unauthorised,Unauthorised Expenditure
111339.0,LIM332,2024,fruitless,Fruitless and Wasteful Expenditure
3921297.0,LIM332,2024,irregular,Irregular Expenditure
83326794.0,LIM332,2024,unauthorised,Unauthorised Expenditure
9975974.0,LIM333,2019,fruitless,Fruitless and Wasteful Expenditure
7438134.0,LIM333,2019,irregular,Irregular Expenditure
83025989.0,LIM333,2019,unauthorised,Unauthorised Expenditure
5997293.0,LIM333,2020,fruitless,Fruitless and Wasteful Expenditure
47770241.0,LIM333,2020,irregular,Irregular Expenditure
0.0,LIM333,2020,unauthorised,Unauthorised Expenditure
6166778.0,LIM333,2021,fruitless,Fruitless and Wasteful Expenditure
29565272.0,LIM333,2021,irregular,Irregular Expenditure
15083719.0,LIM333,2021,unauthorised,Unauthorised Expenditure
15558964.0,LIM333,2022,fruitless,Fruitless and Wasteful Expenditure
68709636.0,LIM333,2022,irregular,Irregular Expenditure
92973907.0,LIM333,2022,unauthorised,Unauthorised Expenditure
13390138.0,LIM333,2023,fruitless,Fruitless and Wasteful Expenditure
114605224.0,LIM333,2023,irregular,Irregular Expenditure
19894903.0,LIM333,2023,unauthorised,Unauthorised Expenditure
5698601.0,LIM333,2024,fruitless,Fruitless and Wasteful Expenditure
98497738.0,LIM333,2024,irregular,Irregular Expenditure
0.0,LIM333,2024,unauthorised,Unauthorised Expenditure
44631.0,LIM334,2019,fruitless,Fruitless and Wasteful Expenditure
35504537.0,LIM334,2019,irregular,Irregular Expenditure
99659596.0,LIM334,2019,unauthorised,Unauthorised Expenditure
422519.0,LIM334,2020,fruitless,Fruitless and Wasteful Expenditure
23508094.0,LIM334,2020,irregular,Irregular Expenditure
82984375.0,LIM334,2020,unauthorised,Unauthorised Expenditure
86673.0,LIM334,2021,fruitless,Fruitless and Wasteful Expenditure
28553529.0,LIM334,2021,irregular,Irregular Expenditure
27120364.0,LIM334,2021,unauthorised,Unauthorised Expenditure
0.0,LIM334,2022,fruitless,Fruitless and Wasteful Expenditure
40549188.0,LIM334,2022,irregular,Irregular Expenditure
61590261.0,LIM334,2022,unauthorised,Unauthorised Expenditure
182862.0,LIM334,2023,fruitless,Fruitless and Wasteful Expenditure
21968945.0,LIM334,2023,irregular,Irregular Expenditure
0.0,LIM334,2023,unauthorised,Unauthorised Expenditure
7193520.0,LIM334,2024,fruitless,Fruitless and Wasteful Expenditure
20879208.0,LIM334,2024,irregular,Irregular Expenditure
84816240.0,LIM334,2024,unauthorised,Unauthorised Expenditure
661832.0,LIM335,2019,fruitless,Fruitless and Wasteful Expenditure
17231820.0,LIM335,2019,irregular,Irregular Expenditure
18665116.0,LIM335,2019,unauthorised,Unauthorised Expenditure
2536.0,LIM335,2020,fruitless,Fruitless and Wasteful Expenditure
30471422.0,LIM335,2020,irregular,Irregular Expenditure
0.0,LIM335,2020,unauthorised,Unauthorised Expenditure
192757.0,LIM335,2021,fruitless,Fruitless and Wasteful Expenditure
52330301.0,LIM335,2021,irregular,Irregular Expenditure
20914389.0,LIM335,2021,unauthorised,Unauthorised Expenditure
795597.0,LIM335,2022,fruitless,Fruitless and Wasteful Expenditure
80124242.0,LIM335,2022,irregular,Irregular Expenditure
0.0,LIM335,2022,unauthorised,Unauthorised Expenditure
120320.0,LIM335,2023,fruitless,Fruitless and Wasteful Expenditure
37827381.0,LIM335,2023,irregular,Irregular Expenditure
4364320.0,LIM335,2023,unauthorised,Unauthorised Expenditure
20246.0,LIM335,2024,fruitless,Fruitless and Wasteful Expenditure
13284277.0,LIM335,2024,irregular,Irregular Expenditure
14100502.0,LIM335,2024,unauthorised,Unauthorised Expenditure
6641456.0,LIM341,2019,fruitless,Fruitless and Wasteful Expenditure
11539759.0,LIM341,2019,irregular,Irregular Expenditure
0.0,LIM341,2019,unauthorised,Unauthorised Expenditure
6290130.0,LIM341,2020,fruitless,Fruitless and Wasteful Expenditure
12451211.0,LIM341,2020,irregular,Irregular Expenditure
61447703.0,LIM341,2020,unauthorised,Unauthorised Expenditure
61569.0,LIM341,2021,fruitless,Fruitless and Wasteful Expenditure
23182105.0,LIM341,2021,irregular,Irregular Expenditure
0.0,LIM341,2021,unauthorised,Unauthorised Expenditure
12993.0,LIM341,2022,fruitless,Fruitless and Wasteful Expenditure
31296247.0,LIM341,2022,irregular,Irregular Expenditure
18927447.0,LIM341,2022,unauthorised,Unauthorised Expenditure
0.0,LIM341,2023,fruitless,Fruitless and Wasteful Expenditure
33278971.0,LIM341,2023,irregular,Irregular Expenditure
0.0,LIM341,2023,unauthorised,Unauthorised Expenditure
1483528.0,LIM341,2024,fruitless,Fruitless and Wasteful Expenditure
22584093.0,LIM341,2024,irregular,Irregular Expenditure
8688945.0,LIM341,2024,unauthorised,Unauthorised Expenditure
6656495.0,LIM343,2019,fruitless,Fruitless and Wasteful Expenditure
29781336.0,LIM343,2019,irregular,Irregular Expenditure
24798979.0,LIM343,2019,unauthorised,Unauthorised Expenditure
135948.0,LIM343,2020,fruitless,Fruitless and Wasteful Expenditure
16282437.0,LIM343,2020,irregular,Irregular Expenditure
0.0,LIM343,2020,unauthorised,Unauthorised Expenditure
17173.0,LIM343,2021,fruitless,Fruitless and Wasteful Expenditure
186218.0,LIM343,2021,irregular,Irregular Expenditure
0.0,LIM343,2021,unauthorised,Unauthorised Expenditure
366893.0,LIM343,2022,fruitless,Fruitless and Wasteful Expenditure
1508307.0,LIM343,2022,irregular,Irregular Expenditure
0.0,LIM343,2022,unauthorised,Unauthorised Expenditure
2960411.0,LIM343,2023,fruitless,Fruitless and Wasteful Expenditure
35193270.0,LIM343,2023,irregular,Irregular Expenditure
0.0,LIM343,2023,unauthorised,Unauthorised Expenditure
373391.0,LIM343,2024,fruitless,Fruitless and Wasteful Expenditure
16983804.0,LIM343,2024,irregular,Irregular Expenditure
1003375.0,LIM343,2024,unauthorised,Unauthorised Expenditure
67368.0,LIM344,2019,fruitless,Fruitless and Wasteful Expenditure
14204502.0,LIM344,2019,irregular,Irregular Expenditure
84406344.0,LIM344,2019,unauthorised,Unauthorised Expenditure
232213.0,LIM344,2020,fruitless,Fruitless and Wasteful Expenditure
6333963.0,LIM344,2020,irregular,Irregular Expenditure
60502276.0,LIM344,2020,unauthorised,Unauthorised Expenditure
880.0,LIM344,2021,fruitless,Fruitless and Wasteful Expenditure
0.0,LIM344,2021,irregular,Irregular Expenditure
0.0,LIM344,2021,unauthorised,Unauthorised Expenditure
8774.0,LIM344,2022,fruitless,Fruitless and Wasteful Expenditure
0.0,LIM344,2022,irregular,Irregular Expenditure
0.0,LIM344,2022,unauthorised,Unauthorised Expenditure
259169.0,LIM344,2023,fruitless,Fruitless and Wasteful Expenditure
693420.0,LIM344,2023,irregular,Irregular Expenditure
0.0,LIM344,2023,unauthorised,Unauthorised Expenditure
915592.0,LIM344,2024,fruitless,Fruitless and Wasteful Expenditure
550900.0,LIM344,2024,irregular,Irregular Expenditure
0.0,LIM344,2024,unauthorised,Unauthorised Expenditure
1163285.0,LIM345,2019,fruitless,Fruitless and Wasteful Expenditure
104918823.0,LIM345,2019,irregular,Irregular Expenditure
10368863.0,LIM345,2019,unauthorised,Unauthorised Expenditure
399787.0,LIM345,2020,fruitless,Fruitless and Wasteful Expenditure
80194094.0,LIM345,2020,irregular,Irregular Expenditure
83758985.0,LIM345,2020,unauthorised,Unauthorised Expenditure
4605.0,LIM345,2021,fruitless,Fruitless and Wasteful Expenditure
82341432.0,LIM345,2021,irregular,Irregular Expenditure
45453428.0,LIM345,2021,unauthorised,Unauthorised Expenditure
507510.0,LIM345,2022,fruitless,Fruitless and Wasteful Expenditure
14910807.0,LIM345,2022,irregular,Irregular Expenditure
21098249.0,LIM345,2022,unauthorised,Unauthorised Expenditure
357735.0,LIM345,2023,fruitless,Fruitless and Wasteful Expenditure
5706484.0,LIM345,2023,irregular,Irregular Expenditure
85664874.0,LIM345,2023,unauthorised,Unauthorised Expenditure
1748951.0,LIM345,2024,fruitless,Fruitless and Wasteful Expenditure
32795752.0,LIM345,2024,irregular,Irregular Expenditure
86344991.0,LIM345,2024,unauthorised,Unauthorised Expenditure
3415.0,LIM351,2019,fruitless,Fruitless and Wasteful Expenditure
25292789.0,LIM351,2019,irregular,Irregular Expenditure
0.0,LIM351,2019,unauthorised,Unauthorised Expenditure
2492.0,LIM351,2020,fruitless,Fruitless and Wasteful Expenditure
11442432.0,LIM351,2020,irregular,Irregular Expenditure
3348006.0,LIM351,2020,unauthorised,Unauthorised Expenditure
0.0,LIM351,2021,fruitless,Fruitless and Wasteful Expenditure
30286364.0,LIM351,2021,irregular,Irregular Expenditure
0.0,LIM351,2021,unauthorised,Unauthorised Expenditure
0.0,LIM351,2022,fruitless,Fruitless and Wasteful Expenditure
8337640.0,LIM351,2022,irregular,Irregular Expenditure
7086649.0,LIM351,2022,unauthorised,Unauthorised Expenditure
0.0,LIM351,2023,fruitless,Fruitless and Wasteful Expenditure
4702094.0,LIM351,2023,irregular,Irregular Expenditure
0.0,LIM351,2023,unauthorised,Unauthorised Expenditure
0.0,LIM351,2024,fruitless,Fruitless and Wasteful Expenditure
34653587.0,LIM351,2024,irregular,Irregular Expenditure
0.0,LIM351,2024,unauthorised,Unauthorised Expenditure
40916.0,LIM353,2019,fruitless,Fruitless and Wasteful Expenditure
0.0,LIM353,2019,irregular,Irregular Expenditure
8835388.0,LIM353,2019,unauthorised,Unauthorised Expenditure
127550.0,LIM353,2020,fruitless,Fruitless and Wasteful Expenditure
2033617.0,LIM353,2020,irregular,Irregular Expenditure
0.0,LIM353,2020,unauthorised,Unauthorised Expenditure
28477.0,LIM353,2021,fruitless,Fruitless and Wasteful Expenditure
2303412.0,LIM353,2021,irregular,Irregular Expenditure
0.0,LIM353,2021,unauthorised,Unauthorised Expenditure
937.0,LIM353,2022,fruitless,Fruitless and Wasteful Expenditure
2477091.0,LIM353,2022,irregular,Irregular Expenditure
6419694.0,LIM353,2022,unauthorised,Unauthorised Expenditure
1806.0,LIM353,2023,fruitless,Fruitless and Wasteful Expenditure
4035034.0,LIM353,2023,irregular,Irregular Expenditure
11075924.0,LIM353,2023,unauthorised,Unauthorised Expenditure
0.0,LIM353,2024,fruitless,Fruitless and Wasteful Expenditure
0.0,LIM353,2024,irregular,Irregular Expenditure
18205394.0,LIM353,2024,unauthorised,Unauthorised Expenditure
0.0,LIM354,2019,fruitless,Fruitless and Wasteful Expenditure
3512495.0,LIM354,2019,irregular,Irregular Expenditure
437080272.0,LIM354,2019,unauthorised,Unauthorised Expenditure
0.0,LIM354,2020,fruitless,Fruitless and Wasteful Expenditure
1459413.0,LIM354,2020,irregular,Irregular Expenditure
462089517.0,LIM354,2020,unauthorised,Unauthorised Expenditure
17708.0,LIM354,2021,fruitless,Fruitless and Wasteful Expenditure
72934604.0,LIM354,2021,irregular,Irregular Expenditure
614252938.0,LIM354,2021,unauthorised,Unauthorised Expenditure
18306465.0,LIM354,2022,fruitless,Fruitless and Wasteful Expenditure
167257274.0,LIM354,2022,irregular,Irregular Expenditure
540518381.0,LIM354,2022,unauthorised,Unauthorised Expenditure
0.0,LIM354,2023,fruitless,Fruitless and Wasteful Expenditure
255808363.0,LIM354,2023,irregular,Irregular Expenditure
1040556577.0,LIM354,2023,unauthorised,Unauthorised Expenditure
6105151.0,LIM354,2024,fruitless,Fruitless and Wasteful Expenditure
432462560.0,LIM354,2024,irregular,Irregular Expenditure
932058521.0,LIM354,2024,unauthorised,Unauthorised Expenditure
44903.0,LIM355,2019,fruitless,Fruitless and Wasteful Expenditure
76439726.0,LIM355,2019,irregular,Irregular Expenditure
1105103.0,LIM355,2019,unauthorised,Unauthorised Expenditure
16946882.0,LIM355,2020,fruitless,Fruitless and Wasteful Expenditure
32778858.0,LIM355,2020,irregular,Irregular Expenditure
14110791.0,LIM355,2020,unauthorised,Unauthorised Expenditure
243505.0,LIM355,2021,fruitless,Fruitless and Wasteful Expenditure
10253198.0,LIM355,2021,irregular,Irregular Expenditure
257157237.0,LIM355,2021,unauthorised,Unauthorised Expenditure
11800.0,LIM355,2022,fruitless,Fruitless and Wasteful Expenditure
34221064.0,LIM355,2022,irregular,Irregular Expenditure
22719244.0,LIM355,2022,unauthorised,Unauthorised Expenditure
40097.0,LIM355,2023,fruitless,Fruitless and Wasteful Expenditure
72647516.0,LIM355,2023,irregular,Irregular Expenditure
3510730.0,LIM355,2023,unauthorised,Unauthorised Expenditure
0.0,LIM355,2024,fruitless,Fruitless and Wasteful Expenditure
56122997.0,LIM355,2024,irregular,Irregular Expenditure
0.0,LIM355,2024,unauthorised,Unauthorised Expenditure
8479630.0,LIM361,2019,fruitless,Fruitless and Wasteful Expenditure
39495921.0,LIM361,2019,irregular,Irregular Expenditure
0.0,LIM361,2019,unauthorised,Unauthorised Expenditure
15235142.0,LIM361,2020,fruitless,Fruitless and Wasteful Expenditure
58755205.0,LIM361,2020,irregular,Irregular Expenditure
24855276.0,LIM361,2020,unauthorised,Unauthorised Expenditure
12047583.0,LIM361,2021,fruitless,Fruitless and Wasteful Expenditure
60101966.0,LIM361,2021,irregular,Irregular Expenditure
40651314.0,LIM361,2021,unauthorised,Unauthorised Expenditure
10415786.0,LIM361,2022,fruitless,Fruitless and Wasteful Expenditure
8273270.0,LIM361,2022,irregular,Irregular Expenditure
91902163.0,LIM361,2022,unauthorised,Unauthorised Expenditure
14326275.0,LIM361,2023,fruitless,Fruitless and Wasteful Expenditure
40572415.0,LIM361,2023,irregular,Irregular Expenditure
26324049.0,LIM361,2023,unauthorised,Unauthorised Expenditure
6089657.0,LIM361,2024,fruitless,Fruitless and Wasteful Expenditure
22658903.0,LIM361,2024,irregular,Irregular Expenditure
59985129.0,LIM361,2024,unauthorised,Unauthorised Expenditure
943897.0,LIM362,2019,fruitless,Fruitless and Wasteful Expenditure
114854274.0,LIM362,2019,irregular,Irregular Expenditure
0.0,LIM362,2019,unauthorised,Unauthorised Expenditure
16630013.0,LIM362,2020,fruitless,Fruitless and Wasteful Expenditure
52044494.0,LIM362,2020,irregular,Irregular Expenditure
0.0,LIM362,2020,unauthorised,Unauthorised Expenditure
12295.0,LIM362,2021,fruitless,Fruitless and Wasteful Expenditure
23083715.0,LIM362,2021,irregular,Irregular Expenditure
0.0,LIM362,2021,unauthorised,Unauthorised Expenditure
1474230.0,LIM362,2022,fruitless,Fruitless and Wasteful Expenditure
73520544.0,LIM362,2022,irregular,Irregular Expenditure
5636000.0,LIM362,2022,unauthorised,Unauthorised Expenditure
844.0,LIM362,2023,fruitless,Fruitless and Wasteful Expenditure
5337144.0,LIM362,2023,irregular,Irregular Expenditure
0.0,LIM362,2023,unauthorised,Unauthorised Expenditure
29739.0,LIM362,2024,fruitless,Fruitless and Wasteful Expenditure
292523.0,LIM362,2024,irregular,Irregular Expenditure
42711226.0,LIM362,2024,unauthorised,Unauthorised Expenditure
3822678.0,LIM366,2019,fruitless,Fruitless and Wasteful Expenditure
11126964.0,LIM366,2019,irregular,Irregular Expenditure
14255228.0,LIM366,2019,unauthorised,Unauthorised Expenditure
5318859.0,LIM366,2020,fruitless,Fruitless and Wasteful Expenditure
48600206.0,LIM366,2020,irregular,Irregular Expenditure
29988454.0,LIM366,2020,unauthorised,Unauthorised Expenditure
834003.0,LIM366,2021,fruitless,Fruitless and Wasteful Expenditure
14448304.0,LIM366,2021,irregular,Irregular Expenditure
70995531.0,LIM366,2021,unauthorised,Unauthorised Expenditure
2166691.0,LIM366,2022,fruitless,Fruitless and Wasteful Expenditure
75521201.0,LIM366,2022,irregular,Irregular Expenditure
52945881.0,LIM366,2022,unauthorised,Unauthorised Expenditure
4470743.0,LIM366,2023,fruitless,Fruitless and Wasteful Expenditure
67456810.0,LIM366,2023,irregular,Irregular Expenditure
35089192.0,LIM366,2023,unauthorised,Unauthorised Expenditure
211355.0,LIM366,2024,fruitless,Fruitless and Wasteful Expenditure
26501398.0,LIM366,2024,irregular,Irregular Expenditure
58368129.0,LIM366,2024,unauthorised,Unauthorised Expenditure
6860886.0,LIM367,2019,fruitless,Fruitless and Wasteful Expenditure
551211993.0,LIM367,2019,irregular,Irregular Expenditure
231659382.0,LIM367,2019,unauthorised,Unauthorised Expenditure
50409001.0,LIM367,2020,fruitless,Fruitless and Wasteful Expenditure
436898327.0,LIM367,2020,irregular,Irregular Expenditure
78485890.0,LIM367,2020,unauthorised,Unauthorised Expenditure
3589209.0,LIM367,2021,fruitless,Fruitless and Wasteful Expenditure
242399102.0,LIM367,2021,irregular,Irregular Expenditure
583819945.0,LIM367,2021,unauthorised,Unauthorised Expenditure
9351116.0,LIM367,2022,fruitless,Fruitless and Wasteful Expenditure
295735388.0,LIM367,2022,irregular,Irregular Expenditure
319308613.0,LIM367,2022,unauthorised,Unauthorised Expenditure
5169060.0,LIM367,2023,fruitless,Fruitless and Wasteful Expenditure
544258166.0,LIM367,2023,irregular,Irregular Expenditure
228160102.0,LIM367,2023,unauthorised,Unauthorised Expenditure
6836261.0,LIM367,2024,fruitless,Fruitless and Wasteful Expenditure
650601579.0,LIM367,2024,irregular,Irregular Expenditure
0.0,LIM367,2024,unauthorised,Unauthorised Expenditure
47533002.0,LIM368,2019,fruitless,Fruitless and Wasteful Expenditure
22250957.0,LIM368,2019,irregular,Irregular Expenditure
141408216.0,LIM368,2019,unauthorised,Unauthorised Expenditure
55583956.0,LIM368,2020,fruitless,Fruitless and Wasteful Expenditure
48375393.0,LIM368,2020,irregular,Irregular Expenditure
94158826.0,LIM368,2020,unauthorised,Unauthorised Expenditure
30720491.0,LIM368,2021,fruitless,Fruitless and Wasteful Expenditure
33042442.0,LIM368,2021,irregular,Irregular Expenditure
131631710.0,LIM368,2021,unauthorised,Unauthorised Expenditure
16318145.0,LIM368,2022,fruitless,Fruitless and Wasteful Expenditure
45379673.0,LIM368,2022,irregular,Irregular Expenditure
129498931.0,LIM368,2022,unauthorised,Unauthorised Expenditure
84568427.0,LIM368,2023,fruitless,Fruitless and Wasteful Expenditure
78067407.0,LIM368,2023,irregular,Irregular Expenditure
132948494.0,LIM368,2023,unauthorised,Unauthorised Expenditure
44441871.0,LIM368,2024,fruitless,Fruitless and Wasteful Expenditure
27106918.0,LIM368,2024,irregular,Irregular Expenditure
49743584.0,LIM368,2024,unauthorised,Unauthorised Expenditure
114365.0,LIM471,2019,fruitless,Fruitless and Wasteful Expenditure
23647926.0,LIM471,2019,irregular,Irregular Expenditure
0.0,LIM471,2019,unauthorised,Unauthorised Expenditure
105887.0,LIM471,2020,fruitless,Fruitless and Wasteful Expenditure
1098702.0,LIM471,2020,irregular,Irregular Expenditure
0.0,LIM471,2020,unauthorised,Unauthorised Expenditure
2942611.0,LIM471,2021,fruitless,Fruitless and Wasteful Expenditure
7977419.0,LIM471,2021,irregular,Irregular Expenditure
0.0,LIM471,2021,unauthorised,Unauthorised Expenditure
3862764.0,LIM471,2022,fruitless,Fruitless and Wasteful Expenditure
51551930.0,LIM471,2022,irregular,Irregular Expenditure
0.0,LIM471,2022,unauthorised,Unauthorised Expenditure
20383.0,LIM471,2023,fruitless,Fruitless and Wasteful Expenditure
56416259.0,LIM471,2023,irregular,Irregular Expenditure
0.0,LIM471,2023,unauthorised,Unauthorised Expenditure
17034.0,LIM471,2024,fruitless,Fruitless and Wasteful Expenditure
23129632.0,LIM471,2024,irregular,Irregular Expenditure
0.0,LIM471,2024,unauthorised,Unauthorised Expenditure
595640.0,LIM472,2019,fruitless,Fruitless and Wasteful Expenditure
49832896.0,LIM472,2019,irregular,Irregular Expenditure
35450000.0,LIM472,2019,unauthorised,Unauthorised Expenditure
295173.0,LIM472,2020,fruitless,Fruitless and Wasteful Expenditure
82606788.0,LIM472,2020,irregular,Irregular Expenditure
7896279.0,LIM472,2020,unauthorised,Unauthorised Expenditure
2184677.0,LIM472,2021,fruitless,Fruitless and Wasteful Expenditure
77379399.0,LIM472,2021,irregular,Irregular Expenditure
40945923.0,LIM472,2021,unauthorised,Unauthorised Expenditure
826237.0,LIM472,2022,fruitless,Fruitless and Wasteful Expenditure
76739211.0,LIM472,2022,irregular,Irregular Expenditure
2763256.0,LIM472,2022,unauthorised,Unauthorised Expenditure
1898396.0,LIM472,2023,fruitless,Fruitless and Wasteful Expenditure
75859810.0,LIM472,2023,irregular,Irregular Expenditure
0.0,LIM472,2023,unauthorised,Unauthorised Expenditure
245169.0,LIM472,2024,fruitless,Fruitless and Wasteful Expenditure
51977865.0,LIM472,2024,irregular,Irregular Expenditure
0.0,LIM472,2024,unauthorised,Unauthorised Expenditure
103.0,LIM473,2019,fruitless,Fruitless and Wasteful Expenditure
67928767.0,LIM473,2019,irregular,Irregular Expenditure
60197372.0,LIM473,2019,unauthorised,Unauthorised Expenditure
8.0,LIM473,2020,fruitless,Fruitless and Wasteful Expenditure
80667315.0,LIM473,2020,irregular,Irregular Expenditure
48175022.0,LIM473,2020,unauthorised,Unauthorised Expenditure
0.0,LIM473,2021,fruitless,Fruitless and Wasteful Expenditure
62417624.0,LIM473,2021,irregular,Irregular Expenditure
38086857.0,LIM473,2021,unauthorised,Unauthorised Expenditure
0.0,LIM473,2022,fruitless,Fruitless and Wasteful Expenditure
65727853.0,LIM473,2022,irregular,Irregular Expenditure
7049638.0,LIM473,2022,unauthorised,Unauthorised Expenditure
0.0,LIM473,2023,fruitless,Fruitless and Wasteful Expenditure
6661732.0,LIM473,2023,irregular,Irregular Expenditure
23008909.0,LIM473,2023,unauthorised,Unauthorised Expenditure
0.0,LIM473,2024,fruitless,Fruitless and Wasteful Expenditure
1471039.0,LIM473,2024,irregular,Irregular Expenditure
30511957.0,LIM473,2024,unauthorised,Unauthorised Expenditure
31874531.0,LIM476,2019,fruitless,Fruitless and Wasteful Expenditure
148977824.0,LIM476,2019,irregular,Irregular Expenditure
4087039.0,LIM476,2019,unauthorised,Unauthorised Expenditure
10415133.0,LIM476,2020,fruitless,Fruitless and Wasteful Expenditure
457904026.0,LIM476,2020,irregular,Irregular Expenditure
29615100.0,LIM476,2020,unauthorised,Unauthorised Expenditure
5668684.0,LIM476,2021,fruitless,Fruitless and Wasteful Expenditure
139763961.0,LIM476,2021,irregular,Irregular Expenditure
94300362.0,LIM476,2021,unauthorised,Unauthorised Expenditure
10015032.0,LIM476,2022,fruitless,Fruitless and Wasteful Expenditure
25893981.0,LIM476,2022,irregular,Irregular Expenditure
13414797.0,LIM476,2022,unauthorised,Unauthorised Expenditure
709070.0,LIM476,2023,fruitless,Fruitless and Wasteful Expenditure
50892850.0,LIM476,2023,irregular,Irregular Expenditure
224904509.0,LIM476,2023,unauthorised,Unauthorised Expenditure
0.0,LIM476,2024,fruitless,Fruitless and Wasteful Expenditure
46851432.0,LIM476,2024,irregular,Irregular Expenditure
275655848.0,LIM476,2024,unauthorised,Unauthorised Expenditure
9537975.0,MAN,2019,fruitless,Fruitless and Wasteful Expenditure
842457694.0,MAN,2019,irregular,Irregular Expenditure
1363962321.0,MAN,2019,unauthorised,Unauthorised Expenditure
5329365.0,MAN,2020,fruitless,Fruitless and Wasteful Expenditure
1600359586.0,MAN,2020,irregular,Irregular Expenditure
1165090884.0,MAN,2020,unauthorised,Unauthorised Expenditure
19694896.0,MAN,2021,fruitless,Fruitless and Wasteful Expenditure
190844856.0,MAN,2021,irregular,Irregular Expenditure
570024938.0,MAN,2021,unauthorised,Unauthorised Expenditure
83931856.0,MAN,2022,fruitless,Fruitless and Wasteful Expenditure
185427976.0,MAN,2022,irregular,Irregular Expenditure
1253981315.0,MAN,2022,unauthorised,Unauthorised Expenditure
140687849.0,MAN,2023,fruitless,Fruitless and Wasteful Expenditure
198150622.0,MAN,2023,irregular,Irregular Expenditure
1195214671.0,MAN,2023,unauthorised,Unauthorised Expenditure
122519741.0,MAN,2024,fruitless,Fruitless and Wasteful Expenditure
277156250.0,MAN,2024,irregular,Irregular Expenditure
1343141552.0,MAN,2024,unauthorised,Unauthorised Expenditure
1381933.0,MP301,2019,fruitless,Fruitless and Wasteful Expenditure
39431149.0,MP301,2019,irregular,Irregular Expenditure
25430440.0,MP301,2019,unauthorised,Unauthorised Expenditure
1194943.0,MP301,2020,fruitless,Fruitless and Wasteful Expenditure
20542755.0,MP301,2020,irregular,Irregular Expenditure
124148071.0,MP301,2020,unauthorised,Unauthorised Expenditure
122284.0,MP301,2021,fruitless,Fruitless and Wasteful Expenditure
16189484.0,MP301,2021,irregular,Irregular Expenditure
9859613.0,MP301,2021,unauthorised,Unauthorised Expenditure
16634.0,MP301,2022,fruitless,Fruitless and Wasteful Expenditure
62838995.0,MP301,2022,irregular,Irregular Expenditure
0.0,MP301,2022,unauthorised,Unauthorised Expenditure
10777.0,MP301,2023,fruitless,Fruitless and Wasteful Expenditure
42672831.0,MP301,2023,irregular,Irregular Expenditure
0.0,MP301,2023,unauthorised,Unauthorised Expenditure
7830.0,MP301,2024,fruitless,Fruitless and Wasteful Expenditure
1907634.0,MP301,2024,irregular,Irregular Expenditure
0.0,MP301,2024,unauthorised,Unauthorised Expenditure
29591642.0,MP302,2019,fruitless,Fruitless and Wasteful Expenditure
108243820.0,MP302,2019,irregular,Irregular Expenditure
49326910.0,MP302,2019,unauthorised,Unauthorised Expenditure
74180685.0,MP302,2020,fruitless,Fruitless and Wasteful Expenditure
2520219.0,MP302,2020,irregular,Irregular Expenditure
141122133.0,MP302,2020,unauthorised,Unauthorised Expenditure
0.0,MP302,2021,fruitless,Fruitless and Wasteful Expenditure
174767721.0,MP302,2021,irregular,Irregular Expenditure
83459000.0,MP302,2021,unauthorised,Unauthorised Expenditure
73202079.0,MP302,2022,fruitless,Fruitless and Wasteful Expenditure
74455882.0,MP302,2022,irregular,Irregular Expenditure
136915644.0,MP302,2022,unauthorised,Unauthorised Expenditure
82521074.0,MP302,2023,fruitless,Fruitless and Wasteful Expenditure
50968388.0,MP302,2023,irregular,Irregular Expenditure
235125294.0,MP302,2023,unauthorised,Unauthorised Expenditure
119238976.0,MP302,2024,fruitless,Fruitless and Wasteful Expenditure
51381925.0,MP302,2024,irregular,Irregular Expenditure
233344123.0,MP302,2024,unauthorised,Unauthorised Expenditure
17238719.0,MP303,2019,fruitless,Fruitless and Wasteful Expenditure
32036822.0,MP303,2019,irregular,Irregular Expenditure
256242032.0,MP303,2019,unauthorised,Unauthorised Expenditure
6837517.0,MP303,2020,fruitless,Fruitless and Wasteful Expenditure
43045021.0,MP303,2020,irregular,Irregular Expenditure
230933911.0,MP303,2020,unauthorised,Unauthorised Expenditure
8454831.0,MP303,2021,fruitless,Fruitless and Wasteful Expenditure
12886791.0,MP303,2021,irregular,Irregular Expenditure
158365190.0,MP303,2021,unauthorised,Unauthorised Expenditure
30919234.0,MP303,2022,fruitless,Fruitless and Wasteful Expenditure
13391367.0,MP303,2022,irregular,Irregular Expenditure
94735791.0,MP303,2022,unauthorised,Unauthorised Expenditure
5177178.0,MP303,2023,fruitless,Fruitless and Wasteful Expenditure
19782747.0,MP303,2023,irregular,Irregular Expenditure
161114830.0,MP303,2023,unauthorised,Unauthorised Expenditure
86185980.0,MP303,2024,fruitless,Fruitless and Wasteful Expenditure
12205579.0,MP303,2024,irregular,Irregular Expenditure
99130448.0,MP303,2024,unauthorised,Unauthorised Expenditure
5556.0,MP304,2019,fruitless,Fruitless and Wasteful Expenditure
3724015.0,MP304,2019,irregular,Irregular Expenditure
0.0,MP304,2019,unauthorised,Unauthorised Expenditure
0.0,MP304,2020,fruitless,Fruitless and Wasteful Expenditure
42100304.0,MP304,2020,irregular,Irregular Expenditure
0.0,MP304,2020,unauthorised,Unauthorised Expenditure
23378.0,MP304,2021,fruitless,Fruitless and Wasteful Expenditure
10177404.0,MP304,2021,irregular,Irregular Expenditure
0.0,MP304,2021,unauthorised,Unauthorised Expenditure
2320138.0,MP304,2022,fruitless,Fruitless and Wasteful Expenditure
6135376.0,MP304,2022,irregular,Irregular Expenditure
0.0,MP304,2022,unauthorised,Unauthorised Expenditure
1970951.0,MP304,2023,fruitless,Fruitless and Wasteful Expenditure
14528349.0,MP304,2023,irregular,Irregular Expenditure
0.0,MP304,2023,unauthorised,Unauthorised Expenditure
408026.0,MP304,2024,fruitless,Fruitless and Wasteful Expenditure
14814779.0,MP304,2024,irregular,Irregular Expenditure
0.0,MP304,2024,unauthorised,Unauthorised Expenditure
120085776.0,MP305,2019,fruitless,Fruitless and Wasteful Expenditure
69656406.0,MP305,2019,irregular,Irregular Expenditure
0.0,MP305,2019,unauthorised,Unauthorised Expenditure
119783247.0,MP305,2020,fruitless,Fruitless and Wasteful Expenditure
75216493.0,MP305,2020,irregular,Irregular Expenditure
288111565.0,MP305,2020,unauthorised,Unauthorised Expenditure
11518648.0,MP305,2021,fruitless,Fruitless and Wasteful Expenditure
40751096.0,MP305,2021,irregular,Irregular Expenditure
233469317.0,MP305,2021,unauthorised,Unauthorised Expenditure
104430641.0,MP305,2022,fruitless,Fruitless and Wasteful Expenditure
201392773.0,MP305,2022,irregular,Irregular Expenditure
146189219.0,MP305,2022,unauthorised,Unauthorised Expenditure
309844379.0,MP305,2023,fruitless,Fruitless and Wasteful Expenditure
61815130.0,MP305,2023,irregular,Irregular Expenditure
242994147.0,MP305,2023,unauthorised,Unauthorised Expenditure
189923930.0,MP305,2024,fruitless,Fruitless and Wasteful Expenditure
54223167.0,MP305,2024,irregular,Irregular Expenditure
354021749.0,MP305,2024,unauthorised,Unauthorised Expenditure
4973253.0,MP306,2019,fruitless,Fruitless and Wasteful Expenditure
16098442.0,MP306,2019,irregular,Irregular Expenditure
14364650.0,MP306,2019,unauthorised,Unauthorised Expenditure
7453207.0,MP306,2020,fruitless,Fruitless and Wasteful Expenditure
26779830.0,MP306,2020,irregular,Irregular Expenditure
0.0,MP306,2020,unauthorised,Unauthorised Expenditure
0.0,MP306,2021,fruitless,Fruitless and Wasteful Expenditure
3317530.0,MP306,2021,irregular,Irregular Expenditure
26087611.0,MP306,2021,unauthorised,Unauthorised Expenditure
17657544.0,MP306,2022,fruitless,Fruitless and Wasteful Expenditure
77009634.0,MP306,2022,irregular,Irregular Expenditure
52403118.0,MP306,2022,unauthorised,Unauthorised Expenditure
29085958.0,MP306,2023,fruitless,Fruitless and Wasteful Expenditure
118287740.0,MP306,2023,irregular,Irregular Expenditure
260030040.0,MP306,2023,unauthorised,Unauthorised Expenditure
29923868.0,MP306,2024,fruitless,Fruitless and Wasteful Expenditure
25762633.0,MP306,2024,irregular,Irregular Expenditure
240522181.0,MP306,2024,unauthorised,Unauthorised Expenditure
200306516.0,MP307,2019,fruitless,Fruitless and Wasteful Expenditure
333827805.0,MP307,2019,irregular,Irregular Expenditure
897063000.0,MP307,2019,unauthorised,Unauthorised Expenditure
202241341.0,MP307,2020,fruitless,Fruitless and Wasteful Expenditure
222051311.0,MP307,2020,irregular,Irregular Expenditure
551168039.0,MP307,2020,unauthorised,Unauthorised Expenditure
85106221.0,MP307,2021,fruitless,Fruitless and Wasteful Expenditure
79610378.0,MP307,2021,irregular,Irregular Expenditure
815585332.0,MP307,2021,unauthorised,Unauthorised Expenditure
157005779.0,MP307,2022,fruitless,Fruitless and Wasteful Expenditure
101117493.0,MP307,2022,irregular,Irregular Expenditure
786277355.0,MP307,2022,unauthorised,Unauthorised Expenditure
327828097.0,MP307,2023,fruitless,Fruitless and Wasteful Expenditure
141293283.0,MP307,2023,irregular,Irregular Expenditure
458656775.0,MP307,2023,unauthorised,Unauthorised Expenditure
295679983.0,MP307,2024,fruitless,Fruitless and Wasteful Expenditure
157992534.0,MP307,2024,irregular,Irregular Expenditure
911136361.0,MP307,2024,unauthorised,Unauthorised Expenditure
22484299.0,MP311,2019,fruitless,Fruitless and Wasteful Expenditure
15528536.0,MP311,2019,irregular,Irregular Expenditure
0.0,MP311,2019,unauthorised,Unauthorised Expenditure
38003658.0,MP311,2020,fruitless,Fruitless and Wasteful Expenditure
50860333.0,MP311,2020,irregular,Irregular Expenditure
104711358.0,MP311,2020,unauthorised,Unauthorised Expenditure
0.0,MP311,2021,fruitless,Fruitless and Wasteful Expenditure
121930026.0,MP311,2021,irregular,Irregular Expenditure
60489490.0,MP311,2021,unauthorised,Unauthorised Expenditure
43021115.0,MP311,2022,fruitless,Fruitless and Wasteful Expenditure
169198827.0,MP311,2022,irregular,Irregular Expenditure
51924079.0,MP311,2022,unauthorised,Unauthorised Expenditure
87055074.0,MP311,2023,fruitless,Fruitless and Wasteful Expenditure
118493870.0,MP311,2023,irregular,Irregular Expenditure
10841069.0,MP311,2023,unauthorised,Unauthorised Expenditure
85144426.0,MP311,2024,fruitless,Fruitless and Wasteful Expenditure
221742795.0,MP311,2024,irregular,Irregular Expenditure
289034833.0,MP311,2024,unauthorised,Unauthorised Expenditure
400420903.0,MP312,2019,fruitless,Fruitless and Wasteful Expenditure
88854893.0,MP312,2019,irregular,Irregular Expenditure
518787643.0,MP312,2019,unauthorised,Unauthorised Expenditure
335473731.0,MP312,2020,fruitless,Fruitless and Wasteful Expenditure
110053192.0,MP312,2020,irregular,Irregular Expenditure
187222018.0,MP312,2020,unauthorised,Unauthorised Expenditure
0.0,MP312,2021,fruitless,Fruitless and Wasteful Expenditure
198888018.0,MP312,2021,irregular,Irregular Expenditure
444726152.0,MP312,2021,unauthorised,Unauthorised Expenditure
273784616.0,MP312,2022,fruitless,Fruitless and Wasteful Expenditure
187794889.0,MP312,2022,irregular,Irregular Expenditure
909860047.0,MP312,2022,unauthorised,Unauthorised Expenditure
534088102.0,MP312,2023,fruitless,Fruitless and Wasteful Expenditure
154223292.0,MP312,2023,irregular,Irregular Expenditure
921199942.0,MP312,2023,unauthorised,Unauthorised Expenditure
383958235.0,MP312,2024,fruitless,Fruitless and Wasteful Expenditure
1647399614.0,MP312,2024,irregular,Irregular Expenditure
1036583845.0,MP312,2024,unauthorised,Unauthorised Expenditure
68982.0,MP313,2019,fruitless,Fruitless and Wasteful Expenditure
22545342.0,MP313,2019,irregular,Irregular Expenditure
28512895.0,MP313,2019,unauthorised,Unauthorised Expenditure
0.0,MP313,2020,fruitless,Fruitless and Wasteful Expenditure
2085990.0,MP313,2020,irregular,Irregular Expenditure
56244136.0,MP313,2020,unauthorised,Unauthorised Expenditure
70520.0,MP313,2021,fruitless,Fruitless and Wasteful Expenditure
0.0,MP313,2021,irregular,Irregular Expenditure
107014335.0,MP313,2021,unauthorised,Unauthorised Expenditure
0.0,MP313,2022,fruitless,Fruitless and Wasteful Expenditure
0.0,MP313,2022,irregular,Irregular Expenditure
0.0,MP313,2022,unauthorised,Unauthorised Expenditure
0.0,MP313,2023,fruitless,Fruitless and Wasteful Expenditure
289907289.0,MP313,2023,irregular,Irregular Expenditure
0.0,MP313,2023,unauthorised,Unauthorised Expenditure
7034654.0,MP313,2024,fruitless,Fruitless and Wasteful Expenditure
51005526.0,MP313,2024,irregular,Irregular Expenditure
95377135.0,MP313,2024,unauthorised,Unauthorised Expenditure
5034790.0,MP314,2019,fruitless,Fruitless and Wasteful Expenditure
61259916.0,MP314,2019,irregular,Irregular Expenditure
3747997.0,MP314,2019,unauthorised,Unauthorised Expenditure
7943699.0,MP314,2020,fruitless,Fruitless and Wasteful Expenditure
104837699.0,MP314,2020,irregular,Irregular Expenditure
3724433.0,MP314,2020,unauthorised,Unauthorised Expenditure
0.0,MP314,2021,fruitless,Fruitless and Wasteful Expenditure
22344475.0,MP314,2021,irregular,Irregular Expenditure
294760.0,MP314,2021,unauthorised,Unauthorised Expenditure
6810705.0,MP314,2022,fruitless,Fruitless and Wasteful Expenditure
66477880.0,MP314,2022,irregular,Irregular Expenditure
0.0,MP314,2022,unauthorised,Unauthorised Expenditure
19183506.0,MP314,2023,fruitless,Fruitless and Wasteful Expenditure
148449923.0,MP314,2023,irregular,Irregular Expenditure
121014711.0,MP314,2023,unauthorised,Unauthorised Expenditure
6994948.0,MP314,2024,fruitless,Fruitless and Wasteful Expenditure
17936877.0,MP314,2024,irregular,Irregular Expenditure
63417061.0,MP314,2024,unauthorised,Unauthorised Expenditure
2054808.0,MP315,2019,fruitless,Fruitless and Wasteful Expenditure
19072680.0,MP315,2019,irregular,Irregular Expenditure
0.0,MP315,2019,unauthorised,Unauthorised Expenditure
1095525.0,MP315,2020,fruitless,Fruitless and Wasteful Expenditure
13090789.0,MP315,2020,irregular,Irregular Expenditure
0.0,MP315,2020,unauthorised,Unauthorised Expenditure
39413.0,MP315,2021,fruitless,Fruitless and Wasteful Expenditure
20466469.0,MP315,2021,irregular,Irregular Expenditure
0.0,MP315,2021,unauthorised,Unauthorised Expenditure
8036.0,MP315,2022,fruitless,Fruitless and Wasteful Expenditure
90709421.0,MP315,2022,irregular,Irregular Expenditure
0.0,MP315,2022,unauthorised,Unauthorised Expenditure
0.0,MP315,2023,fruitless,Fruitless and Wasteful Expenditure
38157843.0,MP315,2023,irregular,Irregular Expenditure
0.0,MP315,2023,unauthorised,Unauthorised Expenditure
766.0,MP315,2024,fruitless,Fruitless and Wasteful Expenditure
5737448.0,MP315,2024,irregular,Irregular Expenditure
58005994.0,MP315,2024,unauthorised,Unauthorised Expenditure
230357.0,MP316,2019,fruitless,Fruitless and Wasteful Expenditure
165982942.0,MP316,2019,irregular,Irregular Expenditure
0.0,MP316,2019,unauthorised,Unauthorised Expenditure
229563.0,MP316,2020,fruitless,Fruitless and Wasteful Expenditure
155928885.0,MP316,2020,irregular,Irregular Expenditure
1669605.0,MP316,2020,unauthorised,Unauthorised Expenditure
0.0,MP316,2021,fruitless,Fruitless and Wasteful Expenditure
49465313.0,MP316,2021,irregular,Irregular Expenditure
0.0,MP316,2021,unauthorised,Unauthorised Expenditure
84338.0,MP316,2022,fruitless,Fruitless and Wasteful Expenditure
71928097.0,MP316,2022,irregular,Irregular Expenditure
5171503.0,MP316,2022,unauthorised,Unauthorised Expenditure
193301.0,MP316,2023,fruitless,Fruitless and Wasteful Expenditure
227922842.0,MP316,2023,irregular,Irregular Expenditure
20008238.0,MP316,2023,unauthorised,Unauthorised Expenditure
51722.0,MP316,2024,fruitless,Fruitless and Wasteful Expenditure
199246084.0,MP316,2024,irregular,Irregular Expenditure
25713169.0,MP316,2024,unauthorised,Unauthorised Expenditure
39453187.0,MP321,2019,fruitless,Fruitless and Wasteful Expenditure
41249113.0,MP321,2019,irregular,Irregular Expenditure
55474380.0,MP321,2019,unauthorised,Unauthorised Expenditure
47103888.0,MP321,2020,fruitless,Fruitless and Wasteful Expenditure
70817388.0,MP321,2020,irregular,Irregular Expenditure
7520551.0,MP321,2020,unauthorised,Unauthorised Expenditure
0.0,MP321,2021,fruitless,Fruitless and Wasteful Expenditure
205364591.0,MP321,2021,irregular,Irregular Expenditure
130702206.0,MP321,2021,unauthorised,Unauthorised Expenditure
41084374.0,MP321,2022,fruitless,Fruitless and Wasteful Expenditure
88877527.0,MP321,2022,irregular,Irregular Expenditure
127176606.0,MP321,2022,unauthorised,Unauthorised Expenditure
81646202.0,MP321,2023,fruitless,Fruitless and Wasteful Expenditure
80277702.0,MP321,2023,irregular,Irregular Expenditure
168891625.0,MP321,2023,unauthorised,Unauthorised Expenditure
74153379.0,MP321,2024,fruitless,Fruitless and Wasteful Expenditure
73270861.0,MP321,2024,irregular,Irregular Expenditure
0.0,MP321,2024,unauthorised,Unauthorised Expenditure
230982.0,MP324,2019,fruitless,Fruitless and Wasteful Expenditure
150390823.0,MP324,2019,irregular,Irregular Expenditure
24068382.0,MP324,2019,unauthorised,Unauthorised Expenditure
763872.0,MP324,2020,fruitless,Fruitless and Wasteful Expenditure
112342788.0,MP324,2020,irregular,Irregular Expenditure
6213676.0,MP324,2020,unauthorised,Unauthorised Expenditure
18221.0,MP324,2021,fruitless,Fruitless and Wasteful Expenditure
38330542.0,MP324,2021,irregular,Irregular Expenditure
33953290.0,MP324,2021,unauthorised,Unauthorised Expenditure
375816.0,MP324,2022,fruitless,Fruitless and Wasteful Expenditure
111787004.0,MP324,2022,irregular,Irregular Expenditure
227201488.0,MP324,2022,unauthorised,Unauthorised Expenditure
312607.0,MP324,2023,fruitless,Fruitless and Wasteful Expenditure
87334510.0,MP324,2023,irregular,Irregular Expenditure
162066291.0,MP324,2023,unauthorised,Unauthorised Expenditure
3131176.0,MP324,2024,fruitless,Fruitless and Wasteful Expenditure
54895252.0,MP324,2024,irregular,Irregular Expenditure
472688494.0,MP324,2024,unauthorised,Unauthorised Expenditure
24928682.0,MP325,2019,fruitless,Fruitless and Wasteful Expenditure
214830431.0,MP325,2019,irregular,Irregular Expenditure
0.0,MP325,2019,unauthorised,Unauthorised Expenditure
1192057.0,MP325,2020,fruitless,Fruitless and Wasteful Expenditure
411908415.0,MP325,2020,irregular,Irregular Expenditure
0.0,MP325,2020,unauthorised,Unauthorised Expenditure
31560.0,MP325,2021,fruitless,Fruitless and Wasteful Expenditure
211536197.0,MP325,2021,irregular,Irregular Expenditure
0.0,MP325,2021,unauthorised,Unauthorised Expenditure
2418224.0,MP325,2022,fruitless,Fruitless and Wasteful Expenditure
598973166.0,MP325,2022,irregular,Irregular Expenditure
0.0,MP325,2022,unauthorised,Unauthorised Expenditure
1258628.0,MP325,2023,fruitless,Fruitless and Wasteful Expenditure
7186801.0,MP325,2023,irregular,Irregular Expenditure
9763249.0,MP325,2023,unauthorised,Unauthorised Expenditure
7568946.0,MP325,2024,fruitless,Fruitless and Wasteful Expenditure
0.0,MP325,2024,irregular,Irregular Expenditure
0.0,MP325,2024,unauthorised,Unauthorised Expenditure
38041859.0,MP326,2019,fruitless,Fruitless and Wasteful Expenditure
208935017.0,MP326,2019,irregular,Irregular Expenditure
267153091.0,MP326,2019,unauthorised,Unauthorised Expenditure
44632732.0,MP326,2020,fruitless,Fruitless and Wasteful Expenditure
125388135.0,MP326,2020,irregular,Irregular Expenditure
474819248.0,MP326,2020,unauthorised,Unauthorised Expenditure
0.0,MP326,2021,fruitless,Fruitless and Wasteful Expenditure
50788204.0,MP326,2021,irregular,Irregular Expenditure
486319531.0,MP326,2021,unauthorised,Unauthorised Expenditure
83410787.0,MP326,2022,fruitless,Fruitless and Wasteful Expenditure
152665568.0,MP326,2022,irregular,Irregular Expenditure
539772738.0,MP326,2022,unauthorised,Unauthorised Expenditure
136108944.0,MP326,2023,fruitless,Fruitless and Wasteful Expenditure
204740374.0,MP326,2023,irregular,Irregular Expenditure
780313836.0,MP326,2023,unauthorised,Unauthorised Expenditure
114471851.0,MP326,2024,fruitless,Fruitless and Wasteful Expenditure
81883086.0,MP326,2024,irregular,Irregular Expenditure
726965595.0,MP326,2024,unauthorised,Unauthorised Expenditure
406815.0,NC061,2019,fruitless,Fruitless and Wasteful Expenditure
0.0,NC061,2019,irregular,Irregular Expenditure
8718340.0,NC061,2019,unauthorised,Unauthorised Expenditure
1029901.0,NC061,2020,fruitless,Fruitless and Wasteful Expenditure
7217780.0,NC061,2020,irregular,Irregular Expenditure
18581050.0,NC061,2020,unauthorised,Unauthorised Expenditure
0.0,NC061,2021,fruitless,Fruitless and Wasteful Expenditure
8239883.0,NC061,2021,irregular,Irregular Expenditure
20050050.0,NC061,2021,unauthorised,Unauthorised Expenditure
3380021.0,NC061,2022,fruitless,Fruitless and Wasteful Expenditure
39129530.0,NC061,2022,irregular,Irregular Expenditure
50579723.0,NC061,2022,unauthorised,Unauthorised Expenditure
6317055.0,NC061,2023,fruitless,Fruitless and Wasteful Expenditure
8166223.0,NC061,2023,irregular,Irregular Expenditure
23097962.0,NC061,2023,unauthorised,Unauthorised Expenditure
3229861.0,NC061,2024,fruitless,Fruitless and Wasteful Expenditure
4049404.0,NC061,2024,irregular,Irregular Expenditure
14829629.0,NC061,2024,unauthorised,Unauthorised Expenditure
10919441.0,NC062,2019,fruitless,Fruitless and Wasteful Expenditure
3593697.0,NC062,2019,irregular,Irregular Expenditure
41154422.0,NC062,2019,unauthorised,Unauthorised Expenditure
11935108.0,NC062,2020,fruitless,Fruitless and Wasteful Expenditure
3866111.0,NC062,2020,irregular,Irregular Expenditure
103126886.0,NC062,2020,unauthorised,Unauthorised Expenditure
0.0,NC062,2021,fruitless,Fruitless and Wasteful Expenditure
3954351.0,NC062,2021,irregular,Irregular Expenditure
16661252.0,NC062,2021,unauthorised,Unauthorised Expenditure
7229574.0,NC062,2022,fruitless,Fruitless and Wasteful Expenditure
79814295.0,NC062,2022,irregular,Irregular Expenditure
17740395.0,NC062,2022,unauthorised,Unauthorised Expenditure
12475563.0,NC062,2023,fruitless,Fruitless and Wasteful Expenditure
17340619.0,NC062,2023,irregular,Irregular Expenditure
62800071.0,NC062,2023,unauthorised,Unauthorised Expenditure
11487776.0,NC062,2024,fruitless,Fruitless and Wasteful Expenditure
112309640.0,NC062,2024,irregular,Irregular Expenditure
24501367.0,NC062,2024,unauthorised,Unauthorised Expenditure
2204876.0,NC064,2019,fruitless,Fruitless and Wasteful Expenditure
18405527.0,NC064,2019,irregular,Irregular Expenditure
29029602.0,NC064,2019,unauthorised,Unauthorised Expenditure
3230317.0,NC064,2020,fruitless,Fruitless and Wasteful Expenditure
39727175.0,NC064,2020,irregular,Irregular Expenditure
27597078.0,NC064,2020,unauthorised,Unauthorised Expenditure
751299.0,NC064,2021,fruitless,Fruitless and Wasteful Expenditure
31681868.0,NC064,2021,irregular,Irregular Expenditure
29307899.0,NC064,2021,unauthorised,Unauthorised Expenditure
4509354.0,NC064,2022,fruitless,Fruitless and Wasteful Expenditure
8637349.0,NC064,2022,irregular,Irregular Expenditure
55888953.0,NC064,2022,unauthorised,Unauthorised Expenditure
7286541.0,NC064,2023,fruitless,Fruitless and Wasteful Expenditure
11722446.0,NC064,2023,irregular,Irregular Expenditure
62653112.0,NC064,2023,unauthorised,Unauthorised Expenditure
10112822.0,NC064,2024,fruitless,Fruitless and Wasteful Expenditure
11840514.0,NC064,2024,irregular,Irregular Expenditure
16289848.0,NC064,2024,unauthorised,Unauthorised Expenditure
1062138.0,NC065,2019,fruitless,Fruitless and Wasteful Expenditure
68885392.0,NC065,2019,irregular,Irregular Expenditure
11430376.0,NC065,2019,unauthorised,Unauthorised Expenditure
0.0,NC065,2020,fruitless,Fruitless and Wasteful Expenditure
59867690.0,NC065,2020,irregular,Irregular Expenditure
9899011.0,NC065,2020,unauthorised,Unauthorised Expenditure
419.0,NC065,2021,fruitless,Fruitless and Wasteful Expenditure
45734634.0,NC065,2021,irregular,Irregular Expenditure
2248077.0,NC065,2021,unauthorised,Unauthorised Expenditure
0.0,NC065,2022,fruitless,Fruitless and Wasteful Expenditure
101957.0,NC065,2022,irregular,Irregular Expenditure
4439140.0,NC065,2022,unauthorised,Unauthorised Expenditure
0.0,NC065,2023,fruitless,Fruitless and Wasteful Expenditure
210704.0,NC065,2023,irregular,Irregular Expenditure
0.0,NC065,2023,unauthorised,Unauthorised Expenditure
50846.0,NC065,2024,fruitless,Fruitless and Wasteful Expenditure
3842938.0,NC065,2024,irregular,Irregular Expenditure
21480764.0,NC065,2024,unauthorised,Unauthorised Expenditure
5600.0,NC066,2019,fruitless,Fruitless and Wasteful Expenditure
346597.0,NC066,2019,irregular,Irregular Expenditure
12396096.0,NC066,2019,unauthorised,Unauthorised Expenditure
18596.0,NC066,2020,fruitless,Fruitless and Wasteful Expenditure
1104786.0,NC066,2020,irregular,Irregular Expenditure
9480255.0,NC066,2020,unauthorised,Unauthorised Expenditure
1100.0,NC066,2021,fruitless,Fruitless and Wasteful Expenditure
8557831.0,NC066,2021,irregular,Irregular Expenditure
10838507.0,NC066,2021,unauthorised,Unauthorised Expenditure
92640.0,NC066,2022,fruitless,Fruitless and Wasteful Expenditure
1094067.0,NC066,2022,irregular,Irregular Expenditure
13732410.0,NC066,2022,unauthorised,Unauthorised Expenditure
441217.0,NC066,2023,fruitless,Fruitless and Wasteful Expenditure
200484.0,NC066,2023,irregular,Irregular Expenditure
29577318.0,NC066,2023,unauthorised,Unauthorised Expenditure
459528.0,NC066,2024,fruitless,Fruitless and Wasteful Expenditure
675553.0,NC066,2024,irregular,Irregular Expenditure
16635059.0,NC066,2024,unauthorised,Unauthorised Expenditure
1482055.0,NC067,2019,fruitless,Fruitless and Wasteful Expenditure
5813772.0,NC067,2019,irregular,Irregular Expenditure
2806682.0,NC067,2019,unauthorised,Unauthorised Expenditure
2373602.0,NC067,2020,fruitless,Fruitless and Wasteful Expenditure
5880089.0,NC067,2020,irregular,Irregular Expenditure
4205467.0,NC067,2020,unauthorised,Unauthorised Expenditure
799513.0,NC067,2021,fruitless,Fruitless and Wasteful Expenditure
2075762.0,NC067,2021,irregular,Irregular Expenditure
5519149.0,NC067,2021,unauthorised,Unauthorised Expenditure
1537679.0,NC067,2022,fruitless,Fruitless and Wasteful Expenditure
0.0,NC067,2022,irregular,Irregular Expenditure
6392287.0,NC067,2022,unauthorised,Unauthorised Expenditure
3126359.0,NC067,2023,fruitless,Fruitless and Wasteful Expenditure
0.0,NC067,2023,irregular,Irregular Expenditure
0.0,NC067,2023,unauthorised,Unauthorised Expenditure
3905260.0,NC067,2024,fruitless,Fruitless and Wasteful Expenditure
829878.0,NC067,2024,irregular,Irregular Expenditure
9137216.0,NC067,2024,unauthorised,Unauthorised Expenditure
7980204.0,NC071,2019,fruitless,Fruitless and Wasteful Expenditure
6192898.0,NC071,2019,irregular,Irregular Expenditure
29734456.0,NC071,2019,unauthorised,Unauthorised Expenditure
7908919.0,NC071,2020,fruitless,Fruitless and Wasteful Expenditure
3437567.0,NC071,2020,irregular,Irregular Expenditure
8423673.0,NC071,2020,unauthorised,Unauthorised Expenditure
0.0,NC071,2021,fruitless,Fruitless and Wasteful Expenditure
23715832.0,NC071,2021,irregular,Irregular Expenditure
40046760.0,NC071,2021,unauthorised,Unauthorised Expenditure
3133766.0,NC071,2022,fruitless,Fruitless and Wasteful Expenditure
14744776.0,NC071,2022,irregular,Irregular Expenditure
42691114.0,NC071,2022,unauthorised,Unauthorised Expenditure
5311406.0,NC071,2023,fruitless,Fruitless and Wasteful Expenditure
0.0,NC071,2023,irregular,Irregular Expenditure
24741078.0,NC071,2023,unauthorised,Unauthorised Expenditure
1279531.0,NC071,2024,fruitless,Fruitless and Wasteful Expenditure
4590094.0,NC071,2024,irregular,Irregular Expenditure
32125020.0,NC071,2024,unauthorised,Unauthorised Expenditure
0.0,NC072,2019,fruitless,Fruitless and Wasteful Expenditure
7964308.0,NC072,2019,irregular,Irregular Expenditure
6979433.0,NC072,2019,unauthorised,Unauthorised Expenditure
0.0,NC072,2020,fruitless,Fruitless and Wasteful Expenditure
2994564.0,NC072,2020,irregular,Irregular Expenditure
21989653.0,NC072,2020,unauthorised,Unauthorised Expenditure
0.0,NC072,2021,fruitless,Fruitless and Wasteful Expenditure
10716472.0,NC072,2021,irregular,Irregular Expenditure
27818818.0,NC072,2021,unauthorised,Unauthorised Expenditure
569874.0,NC072,2022,fruitless,Fruitless and Wasteful Expenditure
16986047.0,NC072,2022,irregular,Irregular Expenditure
0.0,NC072,2022,unauthorised,Unauthorised Expenditure
1900197.0,NC072,2023,fruitless,Fruitless and Wasteful Expenditure
2227623.0,NC072,2023,irregular,Irregular Expenditure
0.0,NC072,2023,unauthorised,Unauthorised Expenditure
681771.0,NC072,2024,fruitless,Fruitless and Wasteful Expenditure
1137653.0,NC072,2024,irregular,Irregular Expenditure
0.0,NC072,2024,unauthorised,Unauthorised Expenditure
4956980.0,NC073,2019,fruitless,Fruitless and Wasteful Expenditure
27140394.0,NC073,2019,irregular,Irregular Expenditure
53535579.0,NC073,2019,unauthorised,Unauthorised Expenditure
13553687.0,NC073,2020,fruitless,Fruitless and Wasteful Expenditure
51540916.0,NC073,2020,irregular,Irregular Expenditure
62887949.0,NC073,2020,unauthorised,Unauthorised Expenditure
89617.0,NC073,2021,fruitless,Fruitless and Wasteful Expenditure
9628128.0,NC073,2021,irregular,Irregular Expenditure
87873319.0,NC073,2021,unauthorised,Unauthorised Expenditure
4639871.0,NC073,2022,fruitless,Fruitless and Wasteful Expenditure
3310165.0,NC073,2022,irregular,Irregular Expenditure
79498935.0,NC073,2022,unauthorised,Unauthorised Expenditure
11741651.0,NC073,2023,fruitless,Fruitless and Wasteful Expenditure
8656093.0,NC073,2023,irregular,Irregular Expenditure
157935249.0,NC073,2023,unauthorised,Unauthorised Expenditure
23425798.0,NC073,2024,fruitless,Fruitless and Wasteful Expenditure
23109635.0,NC073,2024,irregular,Irregular Expenditure
116630126.0,NC073,2024,unauthorised,Unauthorised Expenditure
701492.0,NC074,2019,fruitless,Fruitless and Wasteful Expenditure
0.0,NC074,2019,irregular,Irregular Expenditure
136466.0,NC074,2019,unauthorised,Unauthorised Expenditure
37500.0,NC074,2020,fruitless,Fruitless and Wasteful Expenditure
356413.0,NC074,2020,irregular,Irregular Expenditure
897345.0,NC074,2020,unauthorised,Unauthorised Expenditure
1496651.0,NC074,2021,fruitless,Fruitless and Wasteful Expenditure
2343735.0,NC074,2021,irregular,Irregular Expenditure
0.0,NC074,2021,unauthorised,Unauthorised Expenditure
47429.0,NC074,2022,fruitless,Fruitless and Wasteful Expenditure
11719569.0,NC074,2022,irregular,Irregular Expenditure
0.0,NC074,2022,unauthorised,Unauthorised Expenditure
73298.0,NC074,2023,fruitless,Fruitless and Wasteful Expenditure
10745218.0,NC074,2023,irregular,Irregular Expenditure
1427999.0,NC074,2023,unauthorised,Unauthorised Expenditure
0.0,NC074,2024,fruitless,Fruitless and Wasteful Expenditure
0.0,NC074,2024,irregular,Irregular Expenditure
16028122.0,NC074,2024,unauthorised,Unauthorised Expenditure
37270230.0,NC075,2019,fruitless,Fruitless and Wasteful Expenditure
0.0,NC075,2019,irregular,Irregular Expenditure
15695147.0,NC075,2019,unauthorised,Unauthorised Expenditure
9411448.0,NC075,2020,fruitless,Fruitless and Wasteful Expenditure
14703839.0,NC075,2020,irregular,Irregular Expenditure
34107450.0,NC075,2020,unauthorised,Unauthorised Expenditure
1869765.0,NC075,2021,fruitless,Fruitless and Wasteful Expenditure
0.0,NC075,2021,irregular,Irregular Expenditure
0.0,NC075,2021,unauthorised,Unauthorised Expenditure
0.0,NC075,2022,fruitless,Fruitless and Wasteful Expenditure
17207554.0,NC075,2022,irregular,Irregular Expenditure
0.0,NC075,2022,unauthorised,Unauthorised Expenditure
56394212.0,NC075,2023,fruitless,Fruitless and Wasteful Expenditure
32005560.0,NC075,2023,irregular,Irregular Expenditure
28808260.0,NC075,2023,unauthorised,Unauthorised Expenditure
4991751.0,NC075,2024,fruitless,Fruitless and Wasteful Expenditure
5102942.0,NC075,2024,irregular,Irregular Expenditure
0.0,NC075,2024,unauthorised,Unauthorised Expenditure
7481598.0,NC076,2019,fruitless,Fruitless and Wasteful Expenditure
15019986.0,NC076,2019,irregular,Irregular Expenditure
0.0,NC076,2019,unauthorised,Unauthorised Expenditure
7729633.0,NC076,2020,fruitless,Fruitless and Wasteful Expenditure
24315559.0,NC076,2020,irregular,Irregular Expenditure
37827396.0,NC076,2020,unauthorised,Unauthorised Expenditure
0.0,NC076,2021,fruitless,Fruitless and Wasteful Expenditure
4022962.0,NC076,2021,irregular,Irregular Expenditure
10625564.0,NC076,2021,unauthorised,Unauthorised Expenditure
6603481.0,NC076,2022,fruitless,Fruitless and Wasteful Expenditure
27435017.0,NC076,2022,irregular,Irregular Expenditure
0.0,NC076,2022,unauthorised,Unauthorised Expenditure
8119914.0,NC076,2023,fruitless,Fruitless and Wasteful Expenditure
7814239.0,NC076,2023,irregular,Irregular Expenditure
15520317.0,NC076,2023,unauthorised,Unauthorised Expenditure
10430301.0,NC076,2024,fruitless,Fruitless and Wasteful Expenditure
3844178.0,NC076,2024,irregular,Irregular Expenditure
50613552.0,NC076,2024,unauthorised,Unauthorised Expenditure
7841570.0,NC077,2019,fruitless,Fruitless and Wasteful Expenditure
15870560.0,NC077,2019,irregular,Irregular Expenditure
60719393.0,NC077,2019,unauthorised,Unauthorised Expenditure
7820247.0,NC077,2020,fruitless,Fruitless and Wasteful Expenditure
46843062.0,NC077,2020,irregular,Irregular Expenditure
62891263.0,NC077,2020,unauthorised,Unauthorised Expenditure
112459.0,NC077,2021,fruitless,Fruitless and Wasteful Expenditure
69697668.0,NC077,2021,irregular,Irregular Expenditure
67157509.0,NC077,2021,unauthorised,Unauthorised Expenditure
3793403.0,NC077,2022,fruitless,Fruitless and Wasteful Expenditure
8031281.0,NC077,2022,irregular,Irregular Expenditure
35480389.0,NC077,2022,unauthorised,Unauthorised Expenditure
13358916.0,NC077,2023,fruitless,Fruitless and Wasteful Expenditure
52095604.0,NC077,2023,irregular,Irregular Expenditure
44599383.0,NC077,2023,unauthorised,Unauthorised Expenditure
24269233.0,NC077,2024,fruitless,Fruitless and Wasteful Expenditure
10339029.0,NC077,2024,irregular,Irregular Expenditure
36226267.0,NC077,2024,unauthorised,Unauthorised Expenditure
15600118.0,NC078,2019,fruitless,Fruitless and Wasteful Expenditure
45179811.0,NC078,2019,irregular,Irregular Expenditure
33084032.0,NC078,2019,unauthorised,Unauthorised Expenditure
14707721.0,NC078,2020,fruitless,Fruitless and Wasteful Expenditure
19484987.0,NC078,2020,irregular,Irregular Expenditure
57954752.0,NC078,2020,unauthorised,Unauthorised Expenditure
1714097.0,NC078,2021,fruitless,Fruitless and Wasteful Expenditure
13173019.0,NC078,2021,irregular,Irregular Expenditure
54068110.0,NC078,2021,unauthorised,Unauthorised Expenditure
3445622.0,NC078,2022,fruitless,Fruitless and Wasteful Expenditure
4546363.0,NC078,2022,irregular,Irregular Expenditure
59744357.0,NC078,2022,unauthorised,Unauthorised Expenditure
11141282.0,NC078,2023,fruitless,Fruitless and Wasteful Expenditure
15737897.0,NC078,2023,irregular,Irregular Expenditure
29085137.0,NC078,2023,unauthorised,Unauthorised Expenditure
1565797.0,NC078,2024,fruitless,Fruitless and Wasteful Expenditure
19737197.0,NC078,2024,irregular,Irregular Expenditure
59238362.0,NC078,2024,unauthorised,Unauthorised Expenditure
25410003.0,NC082,2019,fruitless,Fruitless and Wasteful Expenditure
713237.0,NC082,2019,irregular,Irregular Expenditure
0.0,NC082,2019,unauthorised,Unauthorised Expenditure
32331958.0,NC082,2020,fruitless,Fruitless and Wasteful Expenditure
30828774.0,NC082,2020,irregular,Irregular Expenditure
94508268.0,NC082,2020,unauthorised,Unauthorised Expenditure
0.0,NC082,2021,fruitless,Fruitless and Wasteful Expenditure
0.0,NC082,2021,irregular,Irregular Expenditure
0.0,NC082,2021,unauthorised,Unauthorised Expenditure
24545300.0,NC082,2022,fruitless,Fruitless and Wasteful Expenditure
85692687.0,NC082,2022,irregular,Irregular Expenditure
176688526.0,NC082,2022,unauthorised,Unauthorised Expenditure
59649237.0,NC082,2023,fruitless,Fruitless and Wasteful Expenditure
69612707.0,NC082,2023,irregular,Irregular Expenditure
121069621.0,NC082,2023,unauthorised,Unauthorised Expenditure
35089355.0,NC082,2024,fruitless,Fruitless and Wasteful Expenditure
9118690.0,NC082,2024,irregular,Irregular Expenditure
206437962.0,NC082,2024,unauthorised,Unauthorised Expenditure
453450.0,NC084,2019,fruitless,Fruitless and Wasteful Expenditure
34214035.0,NC084,2019,irregular,Irregular Expenditure
15128506.0,NC084,2019,unauthorised,Unauthorised Expenditure
1655435.0,NC084,2020,fruitless,Fruitless and Wasteful Expenditure
180000.0,NC084,2020,irregular,Irregular Expenditure
0.0,NC084,2020,unauthorised,Unauthorised Expenditure
2725930.0,NC084,2021,fruitless,Fruitless and Wasteful Expenditure
33785427.0,NC084,2021,irregular,Irregular Expenditure
0.0,NC084,2021,unauthorised,Unauthorised Expenditure
2810794.0,NC084,2022,fruitless,Fruitless and Wasteful Expenditure
243102.0,NC084,2022,irregular,Irregular Expenditure
1302388.0,NC084,2022,unauthorised,Unauthorised Expenditure
2099327.0,NC084,2023,fruitless,Fruitless and Wasteful Expenditure
2632908.0,NC084,2023,irregular,Irregular Expenditure
0.0,NC084,2023,unauthorised,Unauthorised Expenditure
4298762.0,NC084,2024,fruitless,Fruitless and Wasteful Expenditure
2094821.0,NC084,2024,irregular,Irregular Expenditure
2343785.0,NC084,2024,unauthorised,Unauthorised Expenditure
13979952.0,NC085,2019,fruitless,Fruitless and Wasteful Expenditure
0.0,NC085,2019,irregular,Irregular Expenditure
31371879.0,NC085,2019,unauthorised,Unauthorised Expenditure
15042013.0,NC085,2020,fruitless,Fruitless and Wasteful Expenditure
13901623.0,NC085,2020,irregular,Irregular Expenditure
83164727.0,NC085,2020,unauthorised,Unauthorised Expenditure
0.0,NC085,2021,fruitless,Fruitless and Wasteful Expenditure
0.0,NC085,2021,irregular,Irregular Expenditure
44750238.0,NC085,2021,unauthorised,Unauthorised Expenditure
38608154.0,NC085,2022,fruitless,Fruitless and Wasteful Expenditure
19247558.0,NC085,2022,irregular,Irregular Expenditure
56851442.0,NC085,2022,unauthorised,Unauthorised Expenditure
20724977.0,NC085,2023,fruitless,Fruitless and Wasteful Expenditure
16436787.0,NC085,2023,irregular,Irregular Expenditure
43960419.0,NC085,2023,unauthorised,Unauthorised Expenditure
42685281.0,NC085,2024,fruitless,Fruitless and Wasteful Expenditure
9590158.0,NC085,2024,irregular,Irregular Expenditure
95145496.0,NC085,2024,unauthorised,Unauthorised Expenditure
795287.0,NC086,2019,fruitless,Fruitless and Wasteful Expenditure
31689482.0,NC086,2019,irregular,Irregular Expenditure
67154247.0,NC086,2019,unauthorised,Unauthorised Expenditure
908259.0,NC086,2020,fruitless,Fruitless and Wasteful Expenditure
13623383.0,NC086,2020,irregular,Irregular Expenditure
0.0,NC086,2020,unauthorised,Unauthorised Expenditure
597864.0,NC086,2021,fruitless,Fruitless and Wasteful Expenditure
2293497.0,NC086,2021,irregular,Irregular Expenditure
0.0,NC086,2021,unauthorised,Unauthorised Expenditure
751693.0,NC086,2022,fruitless,Fruitless and Wasteful Expenditure
12927117.0,NC086,2022,irregular,Irregular Expenditure
0.0,NC086,2022,unauthorised,Unauthorised Expenditure
3586367.0,NC086,2023,fruitless,Fruitless and Wasteful Expenditure
11602211.0,NC086,2023,irregular,Irregular Expenditure
0.0,NC086,2023,unauthorised,Unauthorised Expenditure
2835399.0,NC086,2024,fruitless,Fruitless and Wasteful Expenditure
635946.0,NC086,2024,irregular,Irregular Expenditure
33753740.0,NC086,2024,unauthorised,Unauthorised Expenditure
7406.0,NC087,2019,fruitless,Fruitless and Wasteful Expenditure
659217.0,NC087,2019,irregular,Irregular Expenditure
51055537.0,NC087,2019,unauthorised,Unauthorised Expenditure
429710.0,NC087,2020,fruitless,Fruitless and Wasteful Expenditure
9354094.0,NC087,2020,irregular,Irregular Expenditure
30008516.0,NC087,2020,unauthorised,Unauthorised Expenditure
0.0,NC087,2021,fruitless,Fruitless and Wasteful Expenditure
2931993.0,NC087,2021,irregular,Irregular Expenditure
51817779.0,NC087,2021,unauthorised,Unauthorised Expenditure
2155053.0,NC087,2022,fruitless,Fruitless and Wasteful Expenditure
1817133.0,NC087,2022,irregular,Irregular Expenditure
74301068.0,NC087,2022,unauthorised,Unauthorised Expenditure
10933334.0,NC087,2023,fruitless,Fruitless and Wasteful Expenditure
2069972.0,NC087,2023,irregular,Irregular Expenditure
0.0,NC087,2023,unauthorised,Unauthorised Expenditure
5147779.0,NC087,2024,fruitless,Fruitless and Wasteful Expenditure
32272898.0,NC087,2024,irregular,Irregular Expenditure
0.0,NC087,2024,unauthorised,Unauthorised Expenditure
0.0,NC091,2019,fruitless,Fruitless and Wasteful Expenditure
40778964.0,NC091,2019,irregular,Irregular Expenditure
0.0,NC091,2019,unauthorised,Unauthorised Expenditure
14454714.0,NC091,2020,fruitless,Fruitless and Wasteful Expenditure
258030925.0,NC091,2020,irregular,Irregular Expenditure
0.0,NC091,2020,unauthorised,Unauthorised Expenditure
13693326.0,NC091,2021,fruitless,Fruitless and Wasteful Expenditure
116568677.0,NC091,2021,irregular,Irregular Expenditure
0.0,NC091,2021,unauthorised,Unauthorised Expenditure
50432943.0,NC091,2022,fruitless,Fruitless and Wasteful Expenditure
198183364.0,NC091,2022,irregular,Irregular Expenditure
0.0,NC091,2022,unauthorised,Unauthorised Expenditure
100574734.0,NC091,2023,fruitless,Fruitless and Wasteful Expenditure
142657671.0,NC091,2023,irregular,Irregular Expenditure
0.0,NC091,2023,unauthorised,Unauthorised Expenditure
40733895.0,NC091,2024,fruitless,Fruitless and Wasteful Expenditure
64619890.0,NC091,2024,irregular,Irregular Expenditure
29260981.0,NC091,2024,unauthorised,Unauthorised Expenditure
10173713.0,NC092,2019,fruitless,Fruitless and Wasteful Expenditure
7220336.0,NC092,2019,irregular,Irregular Expenditure
43650107.0,NC092,2019,unauthorised,Unauthorised Expenditure
13955639.0,NC092,2020,fruitless,Fruitless and Wasteful Expenditure
1237052.0,NC092,2020,irregular,Irregular Expenditure
77715839.0,NC092,2020,unauthorised,Unauthorised Expenditure
393506.0,NC092,2021,fruitless,Fruitless and Wasteful Expenditure
1060509.0,NC092,2021,irregular,Irregular Expenditure
103093132.0,NC092,2021,unauthorised,Unauthorised Expenditure
7420248.0,NC092,2022,fruitless,Fruitless and Wasteful Expenditure
810323.0,NC092,2022,irregular,Irregular Expenditure
37012025.0,NC092,2022,unauthorised,Unauthorised Expenditure
14062967.0,NC092,2023,fruitless,Fruitless and Wasteful Expenditure
8957756.0,NC092,2023,irregular,Irregular Expenditure
0.0,NC092,2023,unauthorised,Unauthorised Expenditure
5484016.0,NC092,2024,fruitless,Fruitless and Wasteful Expenditure
51620437.0,NC092,2024,irregular,Irregular Expenditure
0.0,NC092,2024,unauthorised,Unauthorised Expenditure
5400199.0,NC093,2019,fruitless,Fruitless and Wasteful Expenditure
8462741.0,NC093,2019,irregular,Irregular Expenditure
69543240.0,NC093,2019,unauthorised,Unauthorised Expenditure
7820933.0,NC093,2020,fruitless,Fruitless and Wasteful Expenditure
22096650.0,NC093,2020,irregular,Irregular Expenditure
58738877.0,NC093,2020,unauthorised,Unauthorised Expenditure
852562.0,NC093,2021,fruitless,Fruitless and Wasteful Expenditure
26104553.0,NC093,2021,irregular,Irregular Expenditure
57943576.0,NC093,2021,unauthorised,Unauthorised Expenditure
4100702.0,NC093,2022,fruitless,Fruitless and Wasteful Expenditure
26857695.0,NC093,2022,irregular,Irregular Expenditure
22535205.0,NC093,2022,unauthorised,Unauthorised Expenditure
6509332.0,NC093,2023,fruitless,Fruitless and Wasteful Expenditure
22878449.0,NC093,2023,irregular,Irregular Expenditure
24275080.0,NC093,2023,unauthorised,Unauthorised Expenditure
973442.0,NC093,2024,fruitless,Fruitless and Wasteful Expenditure
45806429.0,NC093,2024,irregular,Irregular Expenditure
33782010.0,NC093,2024,unauthorised,Unauthorised Expenditure
25565281.0,NC094,2019,fruitless,Fruitless and Wasteful Expenditure
297871603.0,NC094,2019,irregular,Irregular Expenditure
147361450.0,NC094,2019,unauthorised,Unauthorised Expenditure
11488628.0,NC094,2020,fruitless,Fruitless and Wasteful Expenditure
3893922.0,NC094,2020,irregular,Irregular Expenditure
11378350.0,NC094,2020,unauthorised,Unauthorised Expenditure
0.0,NC094,2021,fruitless,Fruitless and Wasteful Expenditure
0.0,NC094,2021,irregular,Irregular Expenditure
0.0,NC094,2021,unauthorised,Unauthorised Expenditure
14219875.0,NC094,2022,fruitless,Fruitless and Wasteful Expenditure
34644134.0,NC094,2022,irregular,Irregular Expenditure
208265243.0,NC094,2022,unauthorised,Unauthorised Expenditure
22295447.0,NC094,2023,fruitless,Fruitless and Wasteful Expenditure
34117187.0,NC094,2023,irregular,Irregular Expenditure
333563207.0,NC094,2023,unauthorised,Unauthorised Expenditure
20983064.0,NC094,2024,fruitless,Fruitless and Wasteful Expenditure
18862739.0,NC094,2024,irregular,Irregular Expenditure
342116230.0,NC094,2024,unauthorised,Unauthorised Expenditure
196704.0,NC451,2019,fruitless,Fruitless and Wasteful Expenditure
2557315.0,NC451,2019,irregular,Irregular Expenditure
4571998.0,NC451,2019,unauthorised,Unauthorised Expenditure
332088.0,NC451,2020,fruitless,Fruitless and Wasteful Expenditure
3634048.0,NC451,2020,irregular,Irregular Expenditure
38192022.0,NC451,2020,unauthorised,Unauthorised Expenditure
106582.0,NC451,2021,fruitless,Fruitless and Wasteful Expenditure
4065059.0,NC451,2021,irregular,Irregular Expenditure
249407.0,NC451,2021,unauthorised,Unauthorised Expenditure
590247.0,NC451,2022,fruitless,Fruitless and Wasteful Expenditure
167088347.0,NC451,2022,irregular,Irregular Expenditure
4312606.0,NC451,2022,unauthorised,Unauthorised Expenditure
635970.0,NC451,2023,fruitless,Fruitless and Wasteful Expenditure
11645822.0,NC451,2023,irregular,Irregular Expenditure
15500961.0,NC451,2023,unauthorised,Unauthorised Expenditure
483878.0,NC451,2024,fruitless,Fruitless and Wasteful Expenditure
138841875.0,NC451,2024,irregular,Irregular Expenditure
68265491.0,NC451,2024,unauthorised,Unauthorised Expenditure
5911841.0,NC452,2019,fruitless,Fruitless and Wasteful Expenditure
83024782.0,NC452,2019,irregular,Irregular Expenditure
180962436.0,NC452,2019,unauthorised,Unauthorised Expenditure
3158106.0,NC452,2020,fruitless,Fruitless and Wasteful Expenditure
56309550.0,NC452,2020,irregular,Irregular Expenditure
24243389.0,NC452,2020,unauthorised,Unauthorised Expenditure
0.0,NC452,2021,fruitless,Fruitless and Wasteful Expenditure
18864640.0,NC452,2021,irregular,Irregular Expenditure
67810223.0,NC452,2021,unauthorised,Unauthorised Expenditure
181140.0,NC452,2022,fruitless,Fruitless and Wasteful Expenditure
166902636.0,NC452,2022,irregular,Irregular Expenditure
33915000.0,NC452,2022,unauthorised,Unauthorised Expenditure
17225.0,NC452,2023,fruitless,Fruitless and Wasteful Expenditure
51489970.0,NC452,2023,irregular,Irregular Expenditure
48939000.0,NC452,2023,unauthorised,Unauthorised Expenditure
268333.0,NC452,2024,fruitless,Fruitless and Wasteful Expenditure
85745381.0,NC452,2024,irregular,Irregular Expenditure
89357605.0,NC452,2024,unauthorised,Unauthorised Expenditure
20876210.0,NC453,2019,fruitless,Fruitless and Wasteful Expenditure
34513495.0,NC453,2019,irregular,Irregular Expenditure
25215227.0,NC453,2019,unauthorised,Unauthorised Expenditure
24790029.0,NC453,2020,fruitless,Fruitless and Wasteful Expenditure
135690080.0,NC453,2020,irregular,Irregular Expenditure
4789387.0,NC453,2020,unauthorised,Unauthorised Expenditure
2400000.0,NC453,2021,fruitless,Fruitless and Wasteful Expenditure
673691381.0,NC453,2021,irregular,Irregular Expenditure
49796070.0,NC453,2021,unauthorised,Unauthorised Expenditure
20771237.0,NC453,2022,fruitless,Fruitless and Wasteful Expenditure
165343036.0,NC453,2022,irregular,Irregular Expenditure
112547200.0,NC453,2022,unauthorised,Unauthorised Expenditure
38036743.0,NC453,2023,fruitless,Fruitless and Wasteful Expenditure
142914755.0,NC453,2023,irregular,Irregular Expenditure
17973260.0,NC453,2023,unauthorised,Unauthorised Expenditure
16579119.0,NC453,2024,fruitless,Fruitless and Wasteful Expenditure
123500490.0,NC453,2024,irregular,Irregular Expenditure
28618444.0,NC453,2024,unauthorised,Unauthorised Expenditure
15630389.0,NMA,2019,fruitless,Fruitless and Wasteful Expenditure
4165513322.0,NMA,2019,irregular,Irregular Expenditure
247964322.0,NMA,2019,unauthorised,Unauthorised Expenditure
90900994.0,NMA,2020,fruitless,Fruitless and Wasteful Expenditure
1372214895.0,NMA,2020,irregular,Irregular Expenditure
30061131.0,NMA,2020,unauthorised,Unauthorised Expenditure
999816.0,NMA,2021,fruitless,Fruitless and Wasteful Expenditure
1389805210.0,NMA,2021,irregular,Irregular Expenditure
847087284.0,NMA,2021,unauthorised,Unauthorised Expenditure
7830030.0,NMA,2022,fruitless,Fruitless and Wasteful Expenditure
1380651824.0,NMA,2022,irregular,Irregular Expenditure
0.0,NMA,2022,unauthorised,Unauthorised Expenditure
46135679.0,NMA,2023,fruitless,Fruitless and Wasteful Expenditure
1401363381.0,NMA,2023,irregular,Irregular Expenditure
65279619.0,NMA,2023,unauthorised,Unauthorised Expenditure
17079185.0,NMA,2024,fruitless,Fruitless and Wasteful Expenditure
1951214202.0,NMA,2024,irregular,Irregular Expenditure
1441693865.0,NMA,2024,unauthorised,Unauthorised Expenditure
68804.0,NW371,2019,fruitless,Fruitless and Wasteful Expenditure
316813645.0,NW371,2019,irregular,Irregular Expenditure
80315558.0,NW371,2019,unauthorised,Unauthorised Expenditure
1128585.0,NW371,2020,fruitless,Fruitless and Wasteful Expenditure
108187087.0,NW371,2020,irregular,Irregular Expenditure
138501192.0,NW371,2020,unauthorised,Unauthorised Expenditure
941314.0,NW371,2021,fruitless,Fruitless and Wasteful Expenditure
47191775.0,NW371,2021,irregular,Irregular Expenditure
72597000.0,NW371,2021,unauthorised,Unauthorised Expenditure
768812.0,NW371,2022,fruitless,Fruitless and Wasteful Expenditure
46112899.0,NW371,2022,irregular,Irregular Expenditure
138998578.0,NW371,2022,unauthorised,Unauthorised Expenditure
1806047.0,NW371,2023,fruitless,Fruitless and Wasteful Expenditure
27954872.0,NW371,2023,irregular,Irregular Expenditure
119299528.0,NW371,2023,unauthorised,Unauthorised Expenditure
1253365.0,NW371,2024,fruitless,Fruitless and Wasteful Expenditure
10127527.0,NW371,2024,irregular,Irregular Expenditure
96240572.0,NW371,2024,unauthorised,Unauthorised Expenditure
6263234.0,NW372,2019,fruitless,Fruitless and Wasteful Expenditure
443836785.0,NW372,2019,irregular,Irregular Expenditure
0.0,NW372,2019,unauthorised,Unauthorised Expenditure
27910952.0,NW372,2020,fruitless,Fruitless and Wasteful Expenditure
332212122.0,NW372,2020,irregular,Irregular Expenditure
88124311.0,NW372,2020,unauthorised,Unauthorised Expenditure
22679006.0,NW372,2021,fruitless,Fruitless and Wasteful Expenditure
529040614.0,NW372,2021,irregular,Irregular Expenditure
0.0,NW372,2021,unauthorised,Unauthorised Expenditure
30510817.0,NW372,2022,fruitless,Fruitless and Wasteful Expenditure
661145326.0,NW372,2022,irregular,Irregular Expenditure
48972.0,NW372,2022,unauthorised,Unauthorised Expenditure
63166151.0,NW372,2023,fruitless,Fruitless and Wasteful Expenditure
76126554.0,NW372,2023,irregular,Irregular Expenditure
408242169.0,NW372,2023,unauthorised,Unauthorised Expenditure
94782442.0,NW372,2024,fruitless,Fruitless and Wasteful Expenditure
213221849.0,NW372,2024,irregular,Irregular Expenditure
321642125.0,NW372,2024,unauthorised,Unauthorised Expenditure
793000.0,NW373,2019,fruitless,Fruitless and Wasteful Expenditure
919774000.0,NW373,2019,irregular,Irregular Expenditure
1036181000.0,NW373,2019,unauthorised,Unauthorised Expenditure
25553000.0,NW373,2020,fruitless,Fruitless and Wasteful Expenditure
571112000.0,NW373,2020,irregular,Irregular Expenditure
0.0,NW373,2020,unauthorised,Unauthorised Expenditure
4478000.0,NW373,2021,fruitless,Fruitless and Wasteful Expenditure
614594000.0,NW373,2021,irregular,Irregular Expenditure
0.0,NW373,2021,unauthorised,Unauthorised Expenditure
2591000.0,NW373,2022,fruitless,Fruitless and Wasteful Expenditure
326368000.0,NW373,2022,irregular,Irregular Expenditure
167587000.0,NW373,2022,unauthorised,Unauthorised Expenditure
2549000.0,NW373,2023,fruitless,Fruitless and Wasteful Expenditure
379255000.0,NW373,2023,irregular,Irregular Expenditure
48039000.0,NW373,2023,unauthorised,Unauthorised Expenditure
118000.0,NW373,2024,fruitless,Fruitless and Wasteful Expenditure
318251000.0,NW373,2024,irregular,Irregular Expenditure
10424000.0,NW373,2024,unauthorised,Unauthorised Expenditure
8189101.0,NW374,2019,fruitless,Fruitless and Wasteful Expenditure
38922749.0,NW374,2019,irregular,Irregular Expenditure
81341675.0,NW374,2019,unauthorised,Unauthorised Expenditure
8462167.0,NW374,2020,fruitless,Fruitless and Wasteful Expenditure
85557062.0,NW374,2020,irregular,Irregular Expenditure
154407159.0,NW374,2020,unauthorised,Unauthorised Expenditure
0.0,NW374,2021,fruitless,Fruitless and Wasteful Expenditure
100247417.0,NW374,2021,irregular,Irregular Expenditure
126213876.0,NW374,2021,unauthorised,Unauthorised Expenditure
15791364.0,NW374,2022,fruitless,Fruitless and Wasteful Expenditure
88784342.0,NW374,2022,irregular,Irregular Expenditure
0.0,NW374,2022,unauthorised,Unauthorised Expenditure
77660455.0,NW374,2023,fruitless,Fruitless and Wasteful Expenditure
117536796.0,NW374,2023,irregular,Irregular Expenditure
92852006.0,NW374,2023,unauthorised,Unauthorised Expenditure
32156115.0,NW374,2024,fruitless,Fruitless and Wasteful Expenditure
57509084.0,NW374,2024,irregular,Irregular Expenditure
174721114.0,NW374,2024,unauthorised,Unauthorised Expenditure
1460119.0,NW375,2019,fruitless,Fruitless and Wasteful Expenditure
96070194.0,NW375,2019,irregular,Irregular Expenditure
26732928.0,NW375,2019,unauthorised,Unauthorised Expenditure
2708760.0,NW375,2020,fruitless,Fruitless and Wasteful Expenditure
624360539.0,NW375,2020,irregular,Irregular Expenditure
103033251.0,NW375,2020,unauthorised,Unauthorised Expenditure
101610737.0,NW375,2021,fruitless,Fruitless and Wasteful Expenditure
231435794.0,NW375,2021,irregular,Irregular Expenditure
133238930.0,NW375,2021,unauthorised,Unauthorised Expenditure
16350713.0,NW375,2022,fruitless,Fruitless and Wasteful Expenditure
112989034.0,NW375,2022,irregular,Irregular Expenditure
199568185.0,NW375,2022,unauthorised,Unauthorised Expenditure
3159280.0,NW375,2023,fruitless,Fruitless and Wasteful Expenditure
77436751.0,NW375,2023,irregular,Irregular Expenditure
9119548.0,NW375,2023,unauthorised,Unauthorised Expenditure
17900769.0,NW375,2024,fruitless,Fruitless and Wasteful Expenditure
235519879.0,NW375,2024,irregular,Irregular Expenditure
82866736.0,NW375,2024,unauthorised,Unauthorised Expenditure
35702.0,NW381,2019,fruitless,Fruitless and Wasteful Expenditure
11266632.0,NW381,2019,irregular,Irregular Expenditure
0.0,NW381,2019,unauthorised,Unauthorised Expenditure
20084.0,NW381,2020,fruitless,Fruitless and Wasteful Expenditure
6643500.0,NW381,2020,irregular,Irregular Expenditure
14913489.0,NW381,2020,unauthorised,Unauthorised Expenditure
69670.0,NW381,2021,fruitless,Fruitless and Wasteful Expenditure
92830421.0,NW381,2021,irregular,Irregular Expenditure
0.0,NW381,2021,unauthorised,Unauthorised Expenditure
268726.0,NW381,2022,fruitless,Fruitless and Wasteful Expenditure
24194842.0,NW381,2022,irregular,Irregular Expenditure
8659792.0,NW381,2022,unauthorised,Unauthorised Expenditure
53933.0,NW381,2023,fruitless,Fruitless and Wasteful Expenditure
14107054.0,NW381,2023,irregular,Irregular Expenditure
14464997.0,NW381,2023,unauthorised,Unauthorised Expenditure
24790.0,NW381,2024,fruitless,Fruitless and Wasteful Expenditure
7108367.0,NW381,2024,irregular,Irregular Expenditure
9419189.0,NW381,2024,unauthorised,Unauthorised Expenditure
11211071.0,NW382,2019,fruitless,Fruitless and Wasteful Expenditure
88034310.0,NW382,2019,irregular,Irregular Expenditure
101922948.0,NW382,2019,unauthorised,Unauthorised Expenditure
15548390.0,NW382,2020,fruitless,Fruitless and Wasteful Expenditure
100675152.0,NW382,2020,irregular,Irregular Expenditure
104920628.0,NW382,2020,unauthorised,Unauthorised Expenditure
7044293.0,NW382,2021,fruitless,Fruitless and Wasteful Expenditure
115428031.0,NW382,2021,irregular,Irregular Expenditure
116486966.0,NW382,2021,unauthorised,Unauthorised Expenditure
9571810.0,NW382,2022,fruitless,Fruitless and Wasteful Expenditure
58053168.0,NW382,2022,irregular,Irregular Expenditure
0.0,NW382,2022,unauthorised,Unauthorised Expenditure
41427200.0,NW382,2023,fruitless,Fruitless and Wasteful Expenditure
336118124.0,NW382,2023,irregular,Irregular Expenditure
86069059.0,NW382,2023,unauthorised,Unauthorised Expenditure
21875720.0,NW382,2024,fruitless,Fruitless and Wasteful Expenditure
95658295.0,NW382,2024,irregular,Irregular Expenditure
148402345.0,NW382,2024,unauthorised,Unauthorised Expenditure
4709267.0,NW383,2019,fruitless,Fruitless and Wasteful Expenditure
166988114.0,NW383,2019,irregular,Irregular Expenditure
148930626.0,NW383,2019,unauthorised,Unauthorised Expenditure
21832952.0,NW383,2020,fruitless,Fruitless and Wasteful Expenditure
219600337.0,NW383,2020,irregular,Irregular Expenditure
143791032.0,NW383,2020,unauthorised,Unauthorised Expenditure
559695.0,NW383,2021,fruitless,Fruitless and Wasteful Expenditure
209770249.0,NW383,2021,irregular,Irregular Expenditure
120803265.0,NW383,2021,unauthorised,Unauthorised Expenditure
1414551.0,NW383,2022,fruitless,Fruitless and Wasteful Expenditure
222843332.0,NW383,2022,irregular,Irregular Expenditure
187585248.0,NW383,2022,unauthorised,Unauthorised Expenditure
228387.0,NW383,2023,fruitless,Fruitless and Wasteful Expenditure
225956577.0,NW383,2023,irregular,Irregular Expenditure
163992285.0,NW383,2023,unauthorised,Unauthorised Expenditure
14858214.0,NW383,2024,fruitless,Fruitless and Wasteful Expenditure
311179074.0,NW383,2024,irregular,Irregular Expenditure
140937573.0,NW383,2024,unauthorised,Unauthorised Expenditure
153885674.0,NW384,2019,fruitless,Fruitless and Wasteful Expenditure
119928013.0,NW384,2019,irregular,Irregular Expenditure
19107145.0,NW384,2019,unauthorised,Unauthorised Expenditure
55210716.0,NW384,2020,fruitless,Fruitless and Wasteful Expenditure
40028881.0,NW384,2020,irregular,Irregular Expenditure
0.0,NW384,2020,unauthorised,Unauthorised Expenditure
19148746.0,NW384,2021,fruitless,Fruitless and Wasteful Expenditure
195711038.0,NW384,2021,irregular,Irregular Expenditure
61725999.0,NW384,2021,unauthorised,Unauthorised Expenditure
22021058.0,NW384,2022,fruitless,Fruitless and Wasteful Expenditure
24048933.0,NW384,2022,irregular,Irregular Expenditure
70984899.0,NW384,2022,unauthorised,Unauthorised Expenditure
64065443.0,NW384,2023,fruitless,Fruitless and Wasteful Expenditure
29704946.0,NW384,2023,irregular,Irregular Expenditure
281824494.0,NW384,2023,unauthorised,Unauthorised Expenditure
43368869.0,NW384,2024,fruitless,Fruitless and Wasteful Expenditure
0.0,NW384,2024,irregular,Irregular Expenditure
0.0,NW384,2024,unauthorised,Unauthorised Expenditure
6975769.0,NW385,2019,fruitless,Fruitless and Wasteful Expenditure
33611702.0,NW385,2019,irregular,Irregular Expenditure
18414190.0,NW385,2019,unauthorised,Unauthorised Expenditure
6724112.0,NW385,2020,fruitless,Fruitless and Wasteful Expenditure
45831469.0,NW385,2020,irregular,Irregular Expenditure
13039645.0,NW385,2020,unauthorised,Unauthorised Expenditure
2383099.0,NW385,2021,fruitless,Fruitless and Wasteful Expenditure
149467424.0,NW385,2021,irregular,Irregular Expenditure
980250.0,NW385,2021,unauthorised,Unauthorised Expenditure
4718475.0,NW385,2022,fruitless,Fruitless and Wasteful Expenditure
9492105.0,NW385,2022,irregular,Irregular Expenditure
42357779.0,NW385,2022,unauthorised,Unauthorised Expenditure
8447640.0,NW385,2023,fruitless,Fruitless and Wasteful Expenditure
60988457.0,NW385,2023,irregular,Irregular Expenditure
92832243.0,NW385,2023,unauthorised,Unauthorised Expenditure
10628685.0,NW385,2024,fruitless,Fruitless and Wasteful Expenditure
4282563.0,NW385,2024,irregular,Irregular Expenditure
29011932.0,NW385,2024,unauthorised,Unauthorised Expenditure
0.0,NW392,2019,fruitless,Fruitless and Wasteful Expenditure
6540112.0,NW392,2019,irregular,Irregular Expenditure
0.0,NW392,2019,unauthorised,Unauthorised Expenditure
171156620.0,NW392,2020,fruitless,Fruitless and Wasteful Expenditure
4223095.0,NW392,2020,irregular,Irregular Expenditure
86123332.0,NW392,2020,unauthorised,Unauthorised Expenditure
19093803.0,NW392,2021,fruitless,Fruitless and Wasteful Expenditure
7504311.0,NW392,2021,irregular,Irregular Expenditure
10129849.0,NW392,2021,unauthorised,Unauthorised Expenditure
51499431.0,NW392,2022,fruitless,Fruitless and Wasteful Expenditure
48295569.0,NW392,2022,irregular,Irregular Expenditure
60073333.0,NW392,2022,unauthorised,Unauthorised Expenditure
58119632.0,NW392,2023,fruitless,Fruitless and Wasteful Expenditure
125502703.0,NW392,2023,irregular,Irregular Expenditure
72749062.0,NW392,2023,unauthorised,Unauthorised Expenditure
20329190.0,NW392,2024,fruitless,Fruitless and Wasteful Expenditure
120017497.0,NW392,2024,irregular,Irregular Expenditure
24720053.0,NW392,2024,unauthorised,Unauthorised Expenditure
7269018.0,NW393,2019,fruitless,Fruitless and Wasteful Expenditure
14614331.0,NW393,2019,irregular,Irregular Expenditure
2421241.0,NW393,2019,unauthorised,Unauthorised Expenditure
13529078.0,NW393,2020,fruitless,Fruitless and Wasteful Expenditure
41443675.0,NW393,2020,irregular,Irregular Expenditure
37519718.0,NW393,2020,unauthorised,Unauthorised Expenditure
15431815.0,NW393,2021,fruitless,Fruitless and Wasteful Expenditure
54101526.0,NW393,2021,irregular,Irregular Expenditure
104164221.0,NW393,2021,unauthorised,Unauthorised Expenditure
10661752.0,NW393,2022,fruitless,Fruitless and Wasteful Expenditure
27938663.0,NW393,2022,irregular,Irregular Expenditure
26460915.0,NW393,2022,unauthorised,Unauthorised Expenditure
23887876.0,NW393,2023,fruitless,Fruitless and Wasteful Expenditure
37948534.0,NW393,2023,irregular,Irregular Expenditure
56990468.0,NW393,2023,unauthorised,Unauthorised Expenditure
26755467.0,NW393,2024,fruitless,Fruitless and Wasteful Expenditure
19026800.0,NW393,2024,irregular,Irregular Expenditure
43791922.0,NW393,2024,unauthorised,Unauthorised Expenditure
9785.0,NW394,2019,fruitless,Fruitless and Wasteful Expenditure
7384301.0,NW394,2019,irregular,Irregular Expenditure
0.0,NW394,2019,unauthorised,Unauthorised Expenditure
3796.0,NW394,2020,fruitless,Fruitless and Wasteful Expenditure
41299879.0,NW394,2020,irregular,Irregular Expenditure
13449349.0,NW394,2020,unauthorised,Unauthorised Expenditure
70981.0,NW394,2021,fruitless,Fruitless and Wasteful Expenditure
1456873.0,NW394,2021,irregular,Irregular Expenditure
29929109.0,NW394,2021,unauthorised,Unauthorised Expenditure
136312.0,NW394,2022,fruitless,Fruitless and Wasteful Expenditure
14427861.0,NW394,2022,irregular,Irregular Expenditure
14958589.0,NW394,2022,unauthorised,Unauthorised Expenditure
131832.0,NW394,2023,fruitless,Fruitless and Wasteful Expenditure
325572749.0,NW394,2023,irregular,Irregular Expenditure
27758407.0,NW394,2023,unauthorised,Unauthorised Expenditure
495736.0,NW394,2024,fruitless,Fruitless and Wasteful Expenditure
43570408.0,NW394,2024,irregular,Irregular Expenditure
45905534.0,NW394,2024,unauthorised,Unauthorised Expenditure
9269540.0,NW396,2019,fruitless,Fruitless and Wasteful Expenditure
9702726.0,NW396,2019,irregular,Irregular Expenditure
0.0,NW396,2019,unauthorised,Unauthorised Expenditure
6102395.0,NW396,2020,fruitless,Fruitless and Wasteful Expenditure
24319158.0,NW396,2020,irregular,Irregular Expenditure
172854286.0,NW396,2020,unauthorised,Unauthorised Expenditure
3156934.0,NW396,2021,fruitless,Fruitless and Wasteful Expenditure
78557939.0,NW396,2021,irregular,Irregular Expenditure
220112453.0,NW396,2021,unauthorised,Unauthorised Expenditure
28754109.0,NW396,2022,fruitless,Fruitless and Wasteful Expenditure
2495902.0,NW396,2022,irregular,Irregular Expenditure
94405394.0,NW396,2022,unauthorised,Unauthorised Expenditure
38733845.0,NW396,2023,fruitless,Fruitless and Wasteful Expenditure
32258324.0,NW396,2023,irregular,Irregular Expenditure
129268310.0,NW396,2023,unauthorised,Unauthorised Expenditure
46369817.0,NW396,2024,fruitless,Fruitless and Wasteful Expenditure
41784994.0,NW396,2024,irregular,Irregular Expenditure
194179577.0,NW396,2024,unauthorised,Unauthorised Expenditure
289695.0,NW397,2019,fruitless,Fruitless and Wasteful Expenditure
62587767.0,NW397,2019,irregular,Irregular Expenditure
58209123.0,NW397,2019,unauthorised,Unauthorised Expenditure
58462.0,NW397,2020,fruitless,Fruitless and Wasteful Expenditure
37474756.0,NW397,2020,irregular,Irregular Expenditure
12336229.0,NW397,2020,unauthorised,Unauthorised Expenditure
24368.0,NW397,2021,fruitless,Fruitless and Wasteful Expenditure
113463617.0,NW397,2021,irregular,Irregular Expenditure
35157052.0,NW397,2021,unauthorised,Unauthorised Expenditure
89856.0,NW397,2022,fruitless,Fruitless and Wasteful Expenditure
293983715.0,NW397,2022,irregular,Irregular Expenditure
56093023.0,NW397,2022,unauthorised,Unauthorised Expenditure
1038232.0,NW397,2023,fruitless,Fruitless and Wasteful Expenditure
138693092.0,NW397,2023,irregular,Irregular Expenditure
54749865.0,NW397,2023,unauthorised,Unauthorised Expenditure
544633.0,NW397,2024,fruitless,Fruitless and Wasteful Expenditure
109380751.0,NW397,2024,irregular,Irregular Expenditure
32425767.0,NW397,2024,unauthorised,Unauthorised Expenditure
68344353.0,NW403,2019,fruitless,Fruitless and Wasteful Expenditure
248695550.0,NW403,2019,irregular,Irregular Expenditure
223705443.0,NW403,2019,unauthorised,Unauthorised Expenditure
65847781.0,NW403,2020,fruitless,Fruitless and Wasteful Expenditure
179511614.0,NW403,2020,irregular,Irregular Expenditure
481430091.0,NW403,2020,unauthorised,Unauthorised Expenditure
274306.0,NW403,2021,fruitless,Fruitless and Wasteful Expenditure
489028859.0,NW403,2021,irregular,Irregular Expenditure
642450889.0,NW403,2021,unauthorised,Unauthorised Expenditure
113221153.0,NW403,2022,fruitless,Fruitless and Wasteful Expenditure
301086190.0,NW403,2022,irregular,Irregular Expenditure
1122272986.0,NW403,2022,unauthorised,Unauthorised Expenditure
233384410.0,NW403,2023,fruitless,Fruitless and Wasteful Expenditure
276936124.0,NW403,2023,irregular,Irregular Expenditure
369616587.0,NW403,2023,unauthorised,Unauthorised Expenditure
104864745.0,NW403,2024,fruitless,Fruitless and Wasteful Expenditure
264341250.0,NW403,2024,irregular,Irregular Expenditure
1126875482.0,NW403,2024,unauthorised,Unauthorised Expenditure
4573689.0,NW404,2019,fruitless,Fruitless and Wasteful Expenditure
73566182.0,NW404,2019,irregular,Irregular Expenditure
60835798.0,NW404,2019,unauthorised,Unauthorised Expenditure
4469217.0,NW404,2020,fruitless,Fruitless and Wasteful Expenditure
18341450.0,NW404,2020,irregular,Irregular Expenditure
340087346.0,NW404,2020,unauthorised,Unauthorised Expenditure
2698371.0,NW404,2021,fruitless,Fruitless and Wasteful Expenditure
109910379.0,NW404,2021,irregular,Irregular Expenditure
32995777.0,NW404,2021,unauthorised,Unauthorised Expenditure
5383929.0,NW404,2022,fruitless,Fruitless and Wasteful Expenditure
169970543.0,NW404,2022,irregular,Irregular Expenditure
57308154.0,NW404,2022,unauthorised,Unauthorised Expenditure
7831540.0,NW404,2023,fruitless,Fruitless and Wasteful Expenditure
24933298.0,NW404,2023,irregular,Irregular Expenditure
23960910.0,NW404,2023,unauthorised,Unauthorised Expenditure
8581588.0,NW404,2024,fruitless,Fruitless and Wasteful Expenditure
34204506.0,NW404,2024,irregular,Irregular Expenditure
206663755.0,NW404,2024,unauthorised,Unauthorised Expenditure
2973826.0,NW405,2019,fruitless,Fruitless and Wasteful Expenditure
680807999.0,NW405,2019,irregular,Irregular Expenditure
8833803.0,NW405,2019,unauthorised,Unauthorised Expenditure
746049.0,NW405,2020,fruitless,Fruitless and Wasteful Expenditure
344781016.0,NW405,2020,irregular,Irregular Expenditure
3556132.0,NW405,2020,unauthorised,Unauthorised Expenditure
616620.0,NW405,2021,fruitless,Fruitless and Wasteful Expenditure
364709765.0,NW405,2021,irregular,Irregular Expenditure
542310.0,NW405,2021,unauthorised,Unauthorised Expenditure
4555589.0,NW405,2022,fruitless,Fruitless and Wasteful Expenditure
278558263.0,NW405,2022,irregular,Irregular Expenditure
23973420.0,NW405,2022,unauthorised,Unauthorised Expenditure
5948118.0,NW405,2023,fruitless,Fruitless and Wasteful Expenditure
297767935.0,NW405,2023,irregular,Irregular Expenditure
33208916.0,NW405,2023,unauthorised,Unauthorised Expenditure
33474210.0,NW405,2024,fruitless,Fruitless and Wasteful Expenditure
466152756.0,NW405,2024,irregular,Irregular Expenditure
15006166.0,NW405,2024,unauthorised,Unauthorised Expenditure
103373677.0,TSH,2019,fruitless,Fruitless and Wasteful Expenditure
2876710116.0,TSH,2019,irregular,Irregular Expenditure
446395773.0,TSH,2019,unauthorised,Unauthorised Expenditure
300057443.0,TSH,2020,fruitless,Fruitless and Wasteful Expenditure
2530139390.0,TSH,2020,irregular,Irregular Expenditure
2249134140.0,TSH,2020,unauthorised,Unauthorised Expenditure
221559102.0,TSH,2021,fruitless,Fruitless and Wasteful Expenditure
2702803906.0,TSH,2021,irregular,Irregular Expenditure
566041443.0,TSH,2021,unauthorised,Unauthorised Expenditure
845352511.0,TSH,2022,fruitless,Fruitless and Wasteful Expenditure
1253012109.0,TSH,2022,irregular,Irregular Expenditure
1351132242.0,TSH,2022,unauthorised,Unauthorised Expenditure
1345301892.0,TSH,2023,fruitless,Fruitless and Wasteful Expenditure
3816853278.0,TSH,2023,irregular,Irregular Expenditure
423284507.0,TSH,2023,unauthorised,Unauthorised Expenditure
793015349.0,TSH,2024,fruitless,Fruitless and Wasteful Expenditure
2411243713.0,TSH,2024,irregular,Irregular Expenditure
2146039587.0,TSH,2024,unauthorised,Unauthorised Expenditure
0.0,WC011,2019,fruitless,Fruitless and Wasteful Expenditure
77450675.0,WC011,2019,irregular,Irregular Expenditure
0.0,WC011,2019,unauthorised,Unauthorised Expenditure
0.0,WC011,2020,fruitless,Fruitless and Wasteful Expenditure
100171693.0,WC011,2020,irregular,Irregular Expenditure
0.0,WC011,2020,unauthorised,Unauthorised Expenditure
1808376.0,WC011,2021,fruitless,Fruitless and Wasteful Expenditure
30019307.0,WC011,2021,irregular,Irregular Expenditure
6000343.0,WC011,2021,unauthorised,Unauthorised Expenditure
7225843.0,WC011,2022,fruitless,Fruitless and Wasteful Expenditure
61572917.0,WC011,2022,irregular,Irregular Expenditure
14480078.0,WC011,2022,unauthorised,Unauthorised Expenditure
14683505.0,WC011,2023,fruitless,Fruitless and Wasteful Expenditure
85186609.0,WC011,2023,irregular,Irregular Expenditure
0.0,WC011,2023,unauthorised,Unauthorised Expenditure
6316286.0,WC011,2024,fruitless,Fruitless and Wasteful Expenditure
59825173.0,WC011,2024,irregular,Irregular Expenditure
0.0,WC011,2024,unauthorised,Unauthorised Expenditure
4770.0,WC012,2019,fruitless,Fruitless and Wasteful Expenditure
71382151.0,WC012,2019,irregular,Irregular Expenditure
1461115.0,WC012,2019,unauthorised,Unauthorised Expenditure
1291601.0,WC012,2020,fruitless,Fruitless and Wasteful Expenditure
36225140.0,WC012,2020,irregular,Irregular Expenditure
6144939.0,WC012,2020,unauthorised,Unauthorised Expenditure
3511254.0,WC012,2021,fruitless,Fruitless and Wasteful Expenditure
12793616.0,WC012,2021,irregular,Irregular Expenditure
1749171.0,WC012,2021,unauthorised,Unauthorised Expenditure
3406368.0,WC012,2022,fruitless,Fruitless and Wasteful Expenditure
35203795.0,WC012,2022,irregular,Irregular Expenditure
0.0,WC012,2022,unauthorised,Unauthorised Expenditure
3911555.0,WC012,2023,fruitless,Fruitless and Wasteful Expenditure
36233137.0,WC012,2023,irregular,Irregular Expenditure
2369206.0,WC012,2023,unauthorised,Unauthorised Expenditure
1164184.0,WC012,2024,fruitless,Fruitless and Wasteful Expenditure
16603924.0,WC012,2024,irregular,Irregular Expenditure
974750.0,WC012,2024,unauthorised,Unauthorised Expenditure
18569.0,WC013,2019,fruitless,Fruitless and Wasteful Expenditure
15390056.0,WC013,2019,irregular,Irregular Expenditure
687569.0,WC013,2019,unauthorised,Unauthorised Expenditure
255570.0,WC013,2020,fruitless,Fruitless and Wasteful Expenditure
1600.0,WC013,2020,irregular,Irregular Expenditure
0.0,WC013,2020,unauthorised,Unauthorised Expenditure
297.0,WC013,2021,fruitless,Fruitless and Wasteful Expenditure
94750.0,WC013,2021,irregular,Irregular Expenditure
764459.0,WC013,2021,unauthorised,Unauthorised Expenditure
1026.0,WC013,2022,fruitless,Fruitless and Wasteful Expenditure
0.0,WC013,2022,irregular,Irregular Expenditure
0.0,WC013,2022,unauthorised,Unauthorised Expenditure
27545.0,WC013,2023,fruitless,Fruitless and Wasteful Expenditure
1368884.0,WC013,2023,irregular,Irregular Expenditure
0.0,WC013,2023,unauthorised,Unauthorised Expenditure
0.0,WC013,2024,fruitless,Fruitless and Wasteful Expenditure
12168871.0,WC013,2024,irregular,Irregular Expenditure
0.0,WC013,2024,unauthorised,Unauthorised Expenditure
910486.0,WC014,2019,fruitless,Fruitless and Wasteful Expenditure
20829453.0,WC014,2019,irregular,Irregular Expenditure
0.0,WC014,2019,unauthorised,Unauthorised Expenditure
30095.0,WC014,2020,fruitless,Fruitless and Wasteful Expenditure
1177402.0,WC014,2020,irregular,Irregular Expenditure
0.0,WC014,2020,unauthorised,Unauthorised Expenditure
25356.0,WC014,2021,fruitless,Fruitless and Wasteful Expenditure
427960.0,WC014,2021,irregular,Irregular Expenditure
0.0,WC014,2021,unauthorised,Unauthorised Expenditure
44129.0,WC014,2022,fruitless,Fruitless and Wasteful Expenditure
1144801.0,WC014,2022,irregular,Irregular Expenditure
0.0,WC014,2022,unauthorised,Unauthorised Expenditure
974.0,WC014,2023,fruitless,Fruitless and Wasteful Expenditure
1149559.0,WC014,2023,irregular,Irregular Expenditure
0.0,WC014,2023,unauthorised,Unauthorised Expenditure
92379.0,WC014,2024,fruitless,Fruitless and Wasteful Expenditure
34117381.0,WC014,2024,irregular,Irregular Expenditure
2568198.0,WC014,2024,unauthorised,Unauthorised Expenditure
4902.0,WC015,2019,fruitless,Fruitless and Wasteful Expenditure
9053320.0,WC015,2019,irregular,Irregular Expenditure
9666715.0,WC015,2019,unauthorised,Unauthorised Expenditure
21594.0,WC015,2020,fruitless,Fruitless and Wasteful Expenditure
32860580.0,WC015,2020,irregular,Irregular Expenditure
1107201.0,WC015,2020,unauthorised,Unauthorised Expenditure
10767.0,WC015,2021,fruitless,Fruitless and Wasteful Expenditure
15407005.0,WC015,2021,irregular,Irregular Expenditure
13258009.0,WC015,2021,unauthorised,Unauthorised Expenditure
0.0,WC015,2022,fruitless,Fruitless and Wasteful Expenditure
0.0,WC015,2022,irregular,Irregular Expenditure
11717297.0,WC015,2022,unauthorised,Unauthorised Expenditure
0.0,WC015,2023,fruitless,Fruitless and Wasteful Expenditure
435563.0,WC015,2023,irregular,Irregular Expenditure
5556386.0,WC015,2023,unauthorised,Unauthorised Expenditure
0.0,WC015,2024,fruitless,Fruitless and Wasteful Expenditure
13870217.0,WC015,2024,irregular,Irregular Expenditure
0.0,WC015,2024,unauthorised,Unauthorised Expenditure
0.0,WC022,2019,fruitless,Fruitless and Wasteful Expenditure
27674358.0,WC022,2019,irregular,Irregular Expenditure
0.0,WC022,2019,unauthorised,Unauthorised Expenditure
0.0,WC022,2020,fruitless,Fruitless and Wasteful Expenditure
0.0,WC022,2020,irregular,Irregular Expenditure
0.0,WC022,2020,unauthorised,Unauthorised Expenditure
0.0,WC022,2021,fruitless,Fruitless and Wasteful Expenditure
0.0,WC022,2021,irregular,Irregular Expenditure
1935841.0,WC022,2021,unauthorised,Unauthorised Expenditure
0.0,WC022,2022,fruitless,Fruitless and Wasteful Expenditure
0.0,WC022,2022,irregular,Irregular Expenditure
8933855.0,WC022,2022,unauthorised,Unauthorised Expenditure
0.0,WC022,2023,fruitless,Fruitless and Wasteful Expenditure
5437362.0,WC022,2023,irregular,Irregular Expenditure
0.0,WC022,2023,unauthorised,Unauthorised Expenditure
0.0,WC022,2024,fruitless,Fruitless and Wasteful Expenditure
5891802.0,WC022,2024,irregular,Irregular Expenditure
0.0,WC022,2024,unauthorised,Unauthorised Expenditure
0.0,WC023,2019,fruitless,Fruitless and Wasteful Expenditure
9687909.0,WC023,2019,irregular,Irregular Expenditure
18724999.0,WC023,2019,unauthorised,Unauthorised Expenditure
539379.0,WC023,2020,fruitless,Fruitless and Wasteful Expenditure
4904499.0,WC023,2020,irregular,Irregular Expenditure
34503469.0,WC023,2020,unauthorised,Unauthorised Expenditure
0.0,WC023,2021,fruitless,Fruitless and Wasteful Expenditure
3113057.0,WC023,2021,irregular,Irregular Expenditure
0.0,WC023,2021,unauthorised,Unauthorised Expenditure
10000.0,WC023,2022,fruitless,Fruitless and Wasteful Expenditure
27406653.0,WC023,2022,irregular,Irregular Expenditure
0.0,WC023,2022,unauthorised,Unauthorised Expenditure
1454220.0,WC023,2023,fruitless,Fruitless and Wasteful Expenditure
449274.0,WC023,2023,irregular,Irregular Expenditure
0.0,WC023,2023,unauthorised,Unauthorised Expenditure
790951.0,WC023,2024,fruitless,Fruitless and Wasteful Expenditure
172272714.0,WC023,2024,irregular,Irregular Expenditure
0.0,WC023,2024,unauthorised,Unauthorised Expenditure
0.0,WC024,2019,fruitless,Fruitless and Wasteful Expenditure
52956227.0,WC024,2019,irregular,Irregular Expenditure
0.0,WC024,2019,unauthorised,Unauthorised Expenditure
0.0,WC024,2020,fruitless,Fruitless and Wasteful Expenditure
30781737.0,WC024,2020,irregular,Irregular Expenditure
0.0,WC024,2020,unauthorised,Unauthorised Expenditure
0.0,WC024,2021,fruitless,Fruitless and Wasteful Expenditure
89820222.0,WC024,2021,irregular,Irregular Expenditure
0.0,WC024,2021,unauthorised,Unauthorised Expenditure
4266953.0,WC024,2022,fruitless,Fruitless and Wasteful Expenditure
45094520.0,WC024,2022,irregular,Irregular Expenditure
0.0,WC024,2022,unauthorised,Unauthorised Expenditure
0.0,WC024,2023,fruitless,Fruitless and Wasteful Expenditure
38427609.0,WC024,2023,irregular,Irregular Expenditure
0.0,WC024,2023,unauthorised,Unauthorised Expenditure
0.0,WC024,2024,fruitless,Fruitless and Wasteful Expenditure
12420386.0,WC024,2024,irregular,Irregular Expenditure
0.0,WC024,2024,unauthorised,Unauthorised Expenditure
0.0,WC025,2019,fruitless,Fruitless and Wasteful Expenditure
0.0,WC025,2019,irregular,Irregular Expenditure
0.0,WC025,2019,unauthorised,Unauthorised Expenditure
0.0,WC025,2020,fruitless,Fruitless and Wasteful Expenditure
0.0,WC025,2020,irregular,Irregular Expenditure
0.0,WC025,2020,unauthorised,Unauthorised Expenditure
0.0,WC025,2021,fruitless,Fruitless and Wasteful Expenditure
0.0,WC025,2021,irregular,Irregular Expenditure
0.0,WC025,2021,unauthorised,Unauthorised Expenditure
0.0,WC025,2022,fruitless,Fruitless and Wasteful Expenditure
0.0,WC025,2022,irregular,Irregular Expenditure
0.0,WC025,2022,unauthorised,Unauthorised Expenditure
0.0,WC025,2023,fruitless,Fruitless and Wasteful Expenditure
0.0,WC025,2023,irregular,Irregular Expenditure
0.0,WC025,2023,unauthorised,Unauthorised Expenditure
0.0,WC025,2024,fruitless,Fruitless and Wasteful Expenditure
0.0,WC025,2024,irregular,Irregular Expenditure
0.0,WC025,2024,unauthorised,Unauthorised Expenditure
99820.0,WC026,2019,fruitless,Fruitless and Wasteful Expenditure
11282823.0,WC026,2019,irregular,Irregular Expenditure
10055780.0,WC026,2019,unauthorised,Unauthorised Expenditure
69006.0,WC026,2020,fruitless,Fruitless and Wasteful Expenditure
2701842.0,WC026,2020,irregular,Irregular Expenditure
0.0,WC026,2020,unauthorised,Unauthorised Expenditure
77599.0,WC026,2021,fruitless,Fruitless and Wasteful Expenditure
1096656.0,WC026,2021,irregular,Irregular Expenditure
4707818.0,WC026,2021,unauthorised,Unauthorised Expenditure
71303.0,WC026,2022,fruitless,Fruitless and Wasteful Expenditure
245184.0,WC026,2022,irregular,Irregular Expenditure
0.0,WC026,2022,unauthorised,Unauthorised Expenditure
37311.0,WC026,2023,fruitless,Fruitless and Wasteful Expenditure
0.0,WC026,2023,irregular,Irregular Expenditure
0.0,WC026,2023,unauthorised,Unauthorised Expenditure
5424.0,WC026,2024,fruitless,Fruitless and Wasteful Expenditure
0.0,WC026,2024,irregular,Irregular Expenditure
0.0,WC026,2024,unauthorised,Unauthorised Expenditure
0.0,WC031,2019,fruitless,Fruitless and Wasteful Expenditure
101285777.0,WC031,2019,irregular,Irregular Expenditure
0.0,WC031,2019,unauthorised,Unauthorised Expenditure
83350.0,WC031,2020,fruitless,Fruitless and Wasteful Expenditure
972448.0,WC031,2020,irregular,Irregular Expenditure
0.0,WC031,2020,unauthorised,Unauthorised Expenditure
1850.0,WC031,2021,fruitless,Fruitless and Wasteful Expenditure
4477211.0,WC031,2021,irregular,Irregular Expenditure
0.0,WC031,2021,unauthorised,Unauthorised Expenditure
0.0,WC031,2022,fruitless,Fruitless and Wasteful Expenditure
1980693.0,WC031,2022,irregular,Irregular Expenditure
0.0,WC031,2022,unauthorised,Unauthorised Expenditure
18386.0,WC031,2023,fruitless,Fruitless and Wasteful Expenditure
196878284.0,WC031,2023,irregular,Irregular Expenditure
104357068.0,WC031,2023,unauthorised,Unauthorised Expenditure
0.0,WC031,2024,fruitless,Fruitless and Wasteful Expenditure
262270650.0,WC031,2024,irregular,Irregular Expenditure
49370445.0,WC031,2024,unauthorised,Unauthorised Expenditure
14364.0,WC032,2019,fruitless,Fruitless and Wasteful Expenditure
4122848.0,WC032,2019,irregular,Irregular Expenditure
24396571.0,WC032,2019,unauthorised,Unauthorised Expenditure
521.0,WC032,2020,fruitless,Fruitless and Wasteful Expenditure
8201089.0,WC032,2020,irregular,Irregular Expenditure
0.0,WC032,2020,unauthorised,Unauthorised Expenditure
0.0,WC032,2021,fruitless,Fruitless and Wasteful Expenditure
1450910.0,WC032,2021,irregular,Irregular Expenditure
14253808.0,WC032,2021,unauthorised,Unauthorised Expenditure
34463.0,WC032,2022,fruitless,Fruitless and Wasteful Expenditure
240434.0,WC032,2022,irregular,Irregular Expenditure
14108285.0,WC032,2022,unauthorised,Unauthorised Expenditure
0.0,WC032,2023,fruitless,Fruitless and Wasteful Expenditure
2332519.0,WC032,2023,irregular,Irregular Expenditure
26061573.0,WC032,2023,unauthorised,Unauthorised Expenditure
0.0,WC032,2024,fruitless,Fruitless and Wasteful Expenditure
4340651.0,WC032,2024,irregular,Irregular Expenditure
0.0,WC032,2024,unauthorised,Unauthorised Expenditure
38000.0,WC033,2019,fruitless,Fruitless and Wasteful Expenditure
5980657.0,WC033,2019,irregular,Irregular Expenditure
3145970.0,WC033,2019,unauthorised,Unauthorised Expenditure
0.0,WC033,2020,fruitless,Fruitless and Wasteful Expenditure
5038066.0,WC033,2020,irregular,Irregular Expenditure
10835562.0,WC033,2020,unauthorised,Unauthorised Expenditure
0.0,WC033,2021,fruitless,Fruitless and Wasteful Expenditure
4150289.0,WC033,2021,irregular,Irregular Expenditure
7635586.0,WC033,2021,unauthorised,Unauthorised Expenditure
26178.0,WC033,2022,fruitless,Fruitless and Wasteful Expenditure
9659019.0,WC033,2022,irregular,Irregular Expenditure
2664707.0,WC033,2022,unauthorised,Unauthorised Expenditure
438263.0,WC033,2023,fruitless,Fruitless and Wasteful Expenditure
2945706.0,WC033,2023,irregular,Irregular Expenditure
8554299.0,WC033,2023,unauthorised,Unauthorised Expenditure
203437.0,WC033,2024,fruitless,Fruitless and Wasteful Expenditure
113715792.0,WC033,2024,irregular,Irregular Expenditure
30575715.0,WC033,2024,unauthorised,Unauthorised Expenditure
0.0,WC034,2019,fruitless,Fruitless and Wasteful Expenditure
35619441.0,WC034,2019,irregular,Irregular Expenditure
0.0,WC034,2019,unauthorised,Unauthorised Expenditure
0.0,WC034,2020,fruitless,Fruitless and Wasteful Expenditure
20177738.0,WC034,2020,irregular,Irregular Expenditure
9959400.0,WC034,2020,unauthorised,Unauthorised Expenditure
0.0,WC034,2021,fruitless,Fruitless and Wasteful Expenditure
19836140.0,WC034,2021,irregular,Irregular Expenditure
3844185.0,WC034,2021,unauthorised,Unauthorised Expenditure
0.0,WC034,2022,fruitless,Fruitless and Wasteful Expenditure
54618212.0,WC034,2022,irregular,Irregular Expenditure
2527096.0,WC034,2022,unauthorised,Unauthorised Expenditure
248240.0,WC034,2023,fruitless,Fruitless and Wasteful Expenditure
35118781.0,WC034,2023,irregular,Irregular Expenditure
1018394.0,WC034,2023,unauthorised,Unauthorised Expenditure
0.0,WC034,2024,fruitless,Fruitless and Wasteful Expenditure
63534402.0,WC034,2024,irregular,Irregular Expenditure
978131.0,WC034,2024,unauthorised,Unauthorised Expenditure
1570519.0,WC041,2019,fruitless,Fruitless and Wasteful Expenditure
12447097.0,WC041,2019,irregular,Irregular Expenditure
4123020.0,WC041,2019,unauthorised,Unauthorised Expenditure
2027907.0,WC041,2020,fruitless,Fruitless and Wasteful Expenditure
17958489.0,WC041,2020,irregular,Irregular Expenditure
11525347.0,WC041,2020,unauthorised,Unauthorised Expenditure
3441178.0,WC041,2021,fruitless,Fruitless and Wasteful Expenditure
21459507.0,WC041,2021,irregular,Irregular Expenditure
6699423.0,WC041,2021,unauthorised,Unauthorised Expenditure
2786373.0,WC041,2022,fruitless,Fruitless and Wasteful Expenditure
5084145.0,WC041,2022,irregular,Irregular Expenditure
36670076.0,WC041,2022,unauthorised,Unauthorised Expenditure
3301190.0,WC041,2023,fruitless,Fruitless and Wasteful Expenditure
7240086.0,WC041,2023,irregular,Irregular Expenditure
11615085.0,WC041,2023,unauthorised,Unauthorised Expenditure
0.0,WC041,2024,fruitless,Fruitless and Wasteful Expenditure
20117157.0,WC041,2024,irregular,Irregular Expenditure
0.0,WC041,2024,unauthorised,Unauthorised Expenditure
24156.0,WC042,2019,fruitless,Fruitless and Wasteful Expenditure
5858909.0,WC042,2019,irregular,Irregular Expenditure
3007245.0,WC042,2019,unauthorised,Unauthorised Expenditure
48700.0,WC042,2020,fruitless,Fruitless and Wasteful Expenditure
116641.0,WC042,2020,irregular,Irregular Expenditure
3934664.0,WC042,2020,unauthorised,Unauthorised Expenditure
0.0,WC042,2021,fruitless,Fruitless and Wasteful Expenditure
121276.0,WC042,2021,irregular,Irregular Expenditure
2631310.0,WC042,2021,unauthorised,Unauthorised Expenditure
0.0,WC042,2022,fruitless,Fruitless and Wasteful Expenditure
1533.0,WC042,2022,irregular,Irregular Expenditure
0.0,WC042,2022,unauthorised,Unauthorised Expenditure
0.0,WC042,2023,fruitless,Fruitless and Wasteful Expenditure
5412400.0,WC042,2023,irregular,Irregular Expenditure
5853667.0,WC042,2023,unauthorised,Unauthorised Expenditure
11366.0,WC042,2024,fruitless,Fruitless and Wasteful Expenditure
13454.0,WC042,2024,irregular,Irregular Expenditure
5471718.0,WC042,2024,unauthorised,Unauthorised Expenditure
223702.0,WC043,2019,fruitless,Fruitless and Wasteful Expenditure
21474686.0,WC043,2019,irregular,Irregular Expenditure
11936516.0,WC043,2019,unauthorised,Unauthorised Expenditure
0.0,WC043,2020,fruitless,Fruitless and Wasteful Expenditure
43552056.0,WC043,2020,irregular,Irregular Expenditure
21377926.0,WC043,2020,unauthorised,Unauthorised Expenditure
0.0,WC043,2021,fruitless,Fruitless and Wasteful Expenditure
43117726.0,WC043,2021,irregular,Irregular Expenditure
14868611.0,WC043,2021,unauthorised,Unauthorised Expenditure
0.0,WC043,2022,fruitless,Fruitless and Wasteful Expenditure
1214491.0,WC043,2022,irregular,Irregular Expenditure
237079383.0,WC043,2022,unauthorised,Unauthorised Expenditure
0.0,WC043,2023,fruitless,Fruitless and Wasteful Expenditure
2736925.0,WC043,2023,irregular,Irregular Expenditure
2154825.0,WC043,2023,unauthorised,Unauthorised Expenditure
0.0,WC043,2024,fruitless,Fruitless and Wasteful Expenditure
25462543.0,WC043,2024,irregular,Irregular Expenditure
0.0,WC043,2024,unauthorised,Unauthorised Expenditure
0.0,WC044,2019,fruitless,Fruitless and Wasteful Expenditure
620892022.0,WC044,2019,irregular,Irregular Expenditure
55024933.0,WC044,2019,unauthorised,Unauthorised Expenditure
0.0,WC044,2020,fruitless,Fruitless and Wasteful Expenditure
3527769.0,WC044,2020,irregular,Irregular Expenditure
880734.0,WC044,2020,unauthorised,Unauthorised Expenditure
21703.0,WC044,2021,fruitless,Fruitless and Wasteful Expenditure
5532526.0,WC044,2021,irregular,Irregular Expenditure
84133628.0,WC044,2021,unauthorised,Unauthorised Expenditure
728648.0,WC044,2022,fruitless,Fruitless and Wasteful Expenditure
15382272.0,WC044,2022,irregular,Irregular Expenditure
3288035.0,WC044,2022,unauthorised,Unauthorised Expenditure
0.0,WC044,2023,fruitless,Fruitless and Wasteful Expenditure
173220.0,WC044,2023,irregular,Irregular Expenditure
0.0,WC044,2023,unauthorised,Unauthorised Expenditure
0.0,WC044,2024,fruitless,Fruitless and Wasteful Expenditure
40041736.0,WC044,2024,irregular,Irregular Expenditure
31271056.0,WC044,2024,unauthorised,Unauthorised Expenditure
1139352.0,WC045,2019,fruitless,Fruitless and Wasteful Expenditure
170064975.0,WC045,2019,irregular,Irregular Expenditure
0.0,WC045,2019,unauthorised,Unauthorised Expenditure
0.0,WC045,2020,fruitless,Fruitless and Wasteful Expenditure
26667606.0,WC045,2020,irregular,Irregular Expenditure
0.0,WC045,2020,unauthorised,Unauthorised Expenditure
0.0,WC045,2021,fruitless,Fruitless and Wasteful Expenditure
24614634.0,WC045,2021,irregular,Irregular Expenditure
0.0,WC045,2021,unauthorised,Unauthorised Expenditure
0.0,WC045,2022,fruitless,Fruitless and Wasteful Expenditure
9932589.0,WC045,2022,irregular,Irregular Expenditure
20591017.0,WC045,2022,unauthorised,Unauthorised Expenditure
0.0,WC045,2023,fruitless,Fruitless and Wasteful Expenditure
5356869.0,WC045,2023,irregular,Irregular Expenditure
0.0,WC045,2023,unauthorised,Unauthorised Expenditure
0.0,WC045,2024,fruitless,Fruitless and Wasteful Expenditure
25912113.0,WC045,2024,irregular,Irregular Expenditure
0.0,WC045,2024,unauthorised,Unauthorised Expenditure
645683.0,WC047,2019,fruitless,Fruitless and Wasteful Expenditure
48337016.0,WC047,2019,irregular,Irregular Expenditure
250059499.0,WC047,2019,unauthorised,Unauthorised Expenditure
3717248.0,WC047,2020,fruitless,Fruitless and Wasteful Expenditure
118566954.0,WC047,2020,irregular,Irregular Expenditure
24406913.0,WC047,2020,unauthorised,Unauthorised Expenditure
102577.0,WC047,2021,fruitless,Fruitless and Wasteful Expenditure
44080048.0,WC047,2021,irregular,Irregular Expenditure
35293700.0,WC047,2021,unauthorised,Unauthorised Expenditure
0.0,WC047,2022,fruitless,Fruitless and Wasteful Expenditure
73235043.0,WC047,2022,irregular,Irregular Expenditure
884804977.0,WC047,2022,unauthorised,Unauthorised Expenditure
75000.0,WC047,2023,fruitless,Fruitless and Wasteful Expenditure
175345.0,WC047,2023,irregular,Irregular Expenditure
0.0,WC047,2023,unauthorised,Unauthorised Expenditure
1161659.0,WC047,2024,fruitless,Fruitless and Wasteful Expenditure
21875768.0,WC047,2024,irregular,Irregular Expenditure
31763702.0,WC047,2024,unauthorised,Unauthorised Expenditure
75269.0,WC048,2019,fruitless,Fruitless and Wasteful Expenditure
121759480.0,WC048,2019,irregular,Irregular Expenditure
0.0,WC048,2019,unauthorised,Unauthorised Expenditure
34601.0,WC048,2020,fruitless,Fruitless and Wasteful Expenditure
88543973.0,WC048,2020,irregular,Irregular Expenditure
6294035.0,WC048,2020,unauthorised,Unauthorised Expenditure
32340.0,WC048,2021,fruitless,Fruitless and Wasteful Expenditure
67700043.0,WC048,2021,irregular,Irregular Expenditure
9922302.0,WC048,2021,unauthorised,Unauthorised Expenditure
0.0,WC048,2022,fruitless,Fruitless and Wasteful Expenditure
63844975.0,WC048,2022,irregular,Irregular Expenditure
22341345.0,WC048,2022,unauthorised,Unauthorised Expenditure
2889680.0,WC048,2023,fruitless,Fruitless and Wasteful Expenditure
71659020.0,WC048,2023,irregular,Irregular Expenditure
58912849.0,WC048,2023,unauthorised,Unauthorised Expenditure
0.0,WC048,2024,fruitless,Fruitless and Wasteful Expenditure
142811034.0,WC048,2024,irregular,Irregular Expenditure
58199151.0,WC048,2024,unauthorised,Unauthorised Expenditure
127791.0,WC051,2019,fruitless,Fruitless and Wasteful Expenditure
23631929.0,WC051,2019,irregular,Irregular Expenditure
3467120.0,WC051,2019,unauthorised,Unauthorised Expenditure
197457.0,WC051,2020,fruitless,Fruitless and Wasteful Expenditure
14365857.0,WC051,2020,irregular,Irregular Expenditure
4166894.0,WC051,2020,unauthorised,Unauthorised Expenditure
728865.0,WC051,2021,fruitless,Fruitless and Wasteful Expenditure
13860538.0,WC051,2021,irregular,Irregular Expenditure
10299062.0,WC051,2021,unauthorised,Unauthorised Expenditure
535553.0,WC051,2022,fruitless,Fruitless and Wasteful Expenditure
5400157.0,WC051,2022,irregular,Irregular Expenditure
7681235.0,WC051,2022,unauthorised,Unauthorised Expenditure
682133.0,WC051,2023,fruitless,Fruitless and Wasteful Expenditure
3721284.0,WC051,2023,irregular,Irregular Expenditure
38099732.0,WC051,2023,unauthorised,Unauthorised Expenditure
1543828.0,WC051,2024,fruitless,Fruitless and Wasteful Expenditure
45124663.0,WC051,2024,irregular,Irregular Expenditure
25035353.0,WC051,2024,unauthorised,Unauthorised Expenditure
28103.0,WC052,2019,fruitless,Fruitless and Wasteful Expenditure
8415819.0,WC052,2019,irregular,Irregular Expenditure
683879.0,WC052,2019,unauthorised,Unauthorised Expenditure
6659.0,WC052,2020,fruitless,Fruitless and Wasteful Expenditure
3501100.0,WC052,2020,irregular,Irregular Expenditure
508470.0,WC052,2020,unauthorised,Unauthorised Expenditure
93716.0,WC052,2021,fruitless,Fruitless and Wasteful Expenditure
842695.0,WC052,2021,irregular,Irregular Expenditure
1079611.0,WC052,2021,unauthorised,Unauthorised Expenditure
13639.0,WC052,2022,fruitless,Fruitless and Wasteful Expenditure
76223.0,WC052,2022,irregular,Irregular Expenditure
4672507.0,WC052,2022,unauthorised,Unauthorised Expenditure
0.0,WC052,2023,fruitless,Fruitless and Wasteful Expenditure
1694266.0,WC052,2023,irregular,Irregular Expenditure
7727404.0,WC052,2023,unauthorised,Unauthorised Expenditure
4670.0,WC052,2024,fruitless,Fruitless and Wasteful Expenditure
5123605.0,WC052,2024,irregular,Irregular Expenditure
19134745.0,WC052,2024,unauthorised,Unauthorised Expenditure
0.0,WC053,2019,fruitless,Fruitless and Wasteful Expenditure
68472722.0,WC053,2019,irregular,Irregular Expenditure
1880599.0,WC053,2019,unauthorised,Unauthorised Expenditure
1242329.0,WC053,2020,fruitless,Fruitless and Wasteful Expenditure
75595494.0,WC053,2020,irregular,Irregular Expenditure
17597809.0,WC053,2020,unauthorised,Unauthorised Expenditure
2981.0,WC053,2021,fruitless,Fruitless and Wasteful Expenditure
23272530.0,WC053,2021,irregular,Irregular Expenditure
103898922.0,WC053,2021,unauthorised,Unauthorised Expenditure
8928215.0,WC053,2022,fruitless,Fruitless and Wasteful Expenditure
8300575.0,WC053,2022,irregular,Irregular Expenditure
24406572.0,WC053,2022,unauthorised,Unauthorised Expenditure
8962175.0,WC053,2023,fruitless,Fruitless and Wasteful Expenditure
27780969.0,WC053,2023,irregular,Irregular Expenditure
21279219.0,WC053,2023,unauthorised,Unauthorised Expenditure
1213426.0,WC053,2024,fruitless,Fruitless and Wasteful Expenditure
20688963.0,WC053,2024,irregular,Irregular Expenditure
12676788.0,WC053,2024,unauthorised,Unauthorised Expenditure
